[
    {
        "animeEng": "Teekyuu",
        "animeRomaji": "Teekyuu",
        "songName": "Kaiun! Shoufuku! Entenka",
        "artist": "Earth Star Dream",
        "type": "Ending 1",
        "correctCount": 91,
        "startTime": 1,
        "songDuration": 29.568,
        "songNumber": 1,
        "activePlayerCount": 147,
        "LinkVideo": "https://files.catbox.moe/xitfh9.webm",
        "LinkMp3": "https://files.catbox.moe/5px9vv.mp3",
        "annId": 19543,
        "songDifficulty": 37.93836962852705,
        "vintage": "Summer 2017"
    },
    {
        "animeEng": "Armored Fleet Dairugger XV",
        "animeRomaji": "Kikou Kantai Dairugger XV",
        "songName": "Ginga no Seishun",
        "artist": "Tsuneichi Kawazu",
        "type": "Opening 1",
        "correctCount": 9,
        "startTime": 48,
        "songDuration": 76.704,
        "songNumber": 2,
        "activePlayerCount": 154,
        "LinkVideo": "https://files.catbox.moe/l0c5dz.webm",
        "LinkMp3": "https://files.catbox.moe/vilzwa.mp3",
        "annId": 1123,
        "songDifficulty": 12.879913940882135,
        "vintage": "Winter 1982"
    },
    {
        "animeEng": "Sword Art Online the Movie: Progressive - Aria of a Starless Night",
        "animeRomaji": "Gekijouban Sword Art Online: Progressive - Hoshi Naki Yoru no Aria",
        "songName": "Yuke",
        "artist": "LiSA",
        "type": "Ending 1",
        "correctCount": 42,
        "startTime": 65,
        "songDuration": 226.704,
        "songNumber": 3,
        "activePlayerCount": 157,
        "LinkVideo": "https://files.catbox.moe/qrq9zd.webm",
        "LinkMp3": "https://files.catbox.moe/sm6yw8.mp3",
        "annId": 23784,
        "songDifficulty": 28.785329898575746,
        "vintage": "Fall 2021"
    },
    {
        "animeEng": "Motto! Majime ni Fumajime Kaiketsu Zorori",
        "animeRomaji": "Motto! Majime ni Fumajime Kaiketsu Zorori",
        "songName": "Shalalala",
        "artist": "ONEPIXCEL",
        "type": "Ending 1",
        "correctCount": 2,
        "startTime": 18,
        "songDuration": 86.784,
        "songNumber": 4,
        "activePlayerCount": 158,
        "LinkVideo": "https://files.catbox.moe/xsbd4z.webm",
        "LinkMp3": "https://files.catbox.moe/nzerjs.mp3",
        "annId": 23171,
        "songDifficulty": 11.478926138218016,
        "vintage": "Spring 2020",
        "correctPlayers": [
            "SrueyaF",
            "shadowpandax"
        ]
    },
    {
        "animeEng": "Science Fell in Love, So I Tried to Prove It r=1-sin\u0398",
        "animeRomaji": "Rikei ga Koi ni Ochita no de Shoumei Shitemita. Heart",
        "songName": "Turing Love",
        "artist": "Akari Nanawo feat. Sou",
        "type": "Insert Song",
        "correctCount": 98,
        "startTime": 7,
        "songDuration": 89.112,
        "songNumber": 5,
        "activePlayerCount": 160,
        "LinkVideo": "https://files.catbox.moe/90g0nk.webm",
        "LinkMp3": "https://files.catbox.moe/10qs6t.mp3",
        "annId": 24167,
        "songDifficulty": 44.12072922937989,
        "vintage": "Spring 2022"
    },
    {
        "animeEng": "Zonmi-chan: Meat Pie of the Dead",
        "animeRomaji": "Zonmi-chan: Meat Pie of the Dead",
        "songName": "Koi no Spice",
        "artist": "Lisa Onodera",
        "type": "Opening 1",
        "correctCount": 36,
        "startTime": 7,
        "songDuration": 47.064,
        "songNumber": 6,
        "activePlayerCount": 163,
        "LinkVideo": "https://files.catbox.moe/6bk57h.webm",
        "LinkMp3": "https://files.catbox.moe/egr2qv.mp3",
        "annId": 23248,
        "songDifficulty": 16.887198878130796,
        "vintage": "Winter 2016"
    },
    {
        "animeEng": "Sonic X",
        "animeRomaji": "Sonic X",
        "songName": "Live & Learn",
        "artist": "Crush 40",
        "type": "Insert Song",
        "correctCount": 81,
        "startTime": 25,
        "songDuration": 84.264,
        "songNumber": 7,
        "activePlayerCount": 164,
        "LinkVideo": "https://files.catbox.moe/s2c1nc.webm",
        "LinkMp3": "https://files.catbox.moe/i31gs8.mp3",
        "annId": 2266,
        "songDifficulty": 35.17732998348018,
        "vintage": "Spring 2003"
    },
    {
        "animeEng": "Detective Conan Episode One: The Great Detective Turned Small",
        "animeRomaji": "Meitantei Conan Episode One: Chiisaku Natta Meitantei",
        "songName": "Unmei no Roulette Mawashite",
        "artist": "ZARD",
        "type": "Insert Song",
        "correctCount": 68,
        "startTime": 50,
        "songDuration": 95.064,
        "songNumber": 8,
        "activePlayerCount": 165,
        "LinkVideo": "https://files.catbox.moe/j8l9l1.webm",
        "LinkMp3": "https://files.catbox.moe/jqom8f.mp3",
        "annId": 22487,
        "songDifficulty": 30.642115348221044,
        "vintage": "Fall 2016"
    },
    {
        "animeEng": "Negima!?",
        "animeRomaji": "Negima!?",
        "songName": "Happy\u2606Material",
        "artist": "Yuri Shiratori, Madoka Kimura, Ayana Sasagawa, Natsuko Kuwatani, Kotomi Yamakawa, Azumi Yamamoto",
        "type": "Insert Song",
        "correctCount": 71,
        "startTime": 37,
        "songDuration": 124.776,
        "songNumber": 9,
        "activePlayerCount": 166,
        "LinkVideo": "https://files.catbox.moe/n7vszq.webm",
        "LinkMp3": "https://files.catbox.moe/j60q1d.mp3",
        "annId": 6708,
        "songDifficulty": 35.918293811706626,
        "vintage": "Fall 2006"
    },
    {
        "animeEng": "Bunny Drop",
        "animeRomaji": "Usagi Drop",
        "songName": "Hajime no Ippo",
        "artist": "Suginami Jidou Gasshou-dan",
        "type": "Insert Song",
        "correctCount": 25,
        "startTime": 9,
        "songDuration": 71.424,
        "songNumber": 10,
        "activePlayerCount": 166,
        "LinkVideo": "https://files.catbox.moe/b8thti.webm",
        "LinkMp3": "https://files.catbox.moe/lcffek.mp3",
        "annId": 12398,
        "songDifficulty": 14.15085659371679,
        "vintage": "Summer 2011"
    },
    {
        "animeEng": "Ojamajo Doremi #",
        "animeRomaji": "Ojamajo Doremi #",
        "songName": "Nichiyoubi wa Mahou no Ko",
        "artist": "MAHO-dou",
        "type": "Insert Song",
        "correctCount": 75,
        "startTime": 59,
        "songDuration": 102.048,
        "songNumber": 11,
        "activePlayerCount": 167,
        "LinkVideo": "https://files.catbox.moe/srsr6j.webm",
        "LinkMp3": "https://files.catbox.moe/uqgyj7.mp3",
        "annId": 1652,
        "songDifficulty": 32.179002662830555,
        "vintage": "Winter 2000"
    },
    {
        "animeEng": "Kaguya-sama: Love is War",
        "animeRomaji": "Kaguya-sama wa Kokurasetai: Tensai-tachi no Renai Zunousen",
        "songName": "Chikatto Chika Chika\u2661",
        "artist": "Konomi Kohara",
        "type": "Ending 2",
        "correctCount": 141,
        "startTime": 0,
        "songDuration": 93,
        "songNumber": 12,
        "activePlayerCount": 170,
        "LinkVideo": "https://files.catbox.moe/dlubeo.webm",
        "LinkMp3": "https://files.catbox.moe/v8ipwa.mp3",
        "annId": 21401,
        "songDifficulty": 76.37233819290931,
        "vintage": "Winter 2019"
    },
    {
        "animeEng": "Inuyashiki Last Hero",
        "animeRomaji": "Inuyashiki Last Hero",
        "songName": "My Hero",
        "artist": "MAN WITH A MISSION",
        "type": "Opening 1",
        "correctCount": 123,
        "startTime": 4,
        "songDuration": 90.096292,
        "songNumber": 13,
        "activePlayerCount": 171,
        "LinkVideo": "https://files.catbox.moe/p0196q.webm",
        "LinkMp3": "https://files.catbox.moe/w7hvem.mp3",
        "annId": 19670,
        "songDifficulty": 39.42650629496403,
        "vintage": "Fall 2017"
    },
    {
        "animeEng": "Cooking With Valkyries",
        "animeRomaji": "Valkyrie no Shokutaku",
        "songName": "Taste of home",
        "artist": "Tomokazu Seki & Rie Kugimiya",
        "type": "Opening 2",
        "correctCount": 126,
        "startTime": 12,
        "songDuration": 44.851474,
        "songNumber": 14,
        "activePlayerCount": 172,
        "LinkVideo": "https://files.catbox.moe/jyo7vp.webm",
        "LinkMp3": "https://files.catbox.moe/gzbq9m.mp3",
        "annId": 23483,
        "songDifficulty": 40.551828037863224,
        "vintage": "Spring 2019"
    },
    {
        "animeEng": "Precure All Stars DX3: Mirai ni Todoke! Sekai o Tsunagu\u2606Niji-Iro no Hana",
        "animeRomaji": "Precure All Stars DX3: Mirai ni Todoke! Sekai o Tsunagu\u2606Niji-Iro no Hana",
        "songName": "La\u266aLa\u266aLa\u266a Suite Precure\u266a",
        "artist": "Mayu Kudou",
        "type": "Insert Song",
        "correctCount": 109,
        "startTime": 13,
        "songDuration": 43.128,
        "songNumber": 15,
        "activePlayerCount": 174,
        "LinkVideo": "https://files.catbox.moe/1tsckd.webm",
        "LinkMp3": "https://files.catbox.moe/t5j3lk.mp3",
        "annId": 12127,
        "songDifficulty": 45.70606322886297,
        "vintage": "Winter 2011"
    },
    {
        "animeEng": "Strawberry Marshmallow Encore",
        "animeRomaji": "Ichigo Mashimaro Encore",
        "songName": "Ichigo Splash",
        "artist": "Saeko Chiba, Fumiko Orikasa, Ayako Kawasumi, Mamiko Noto, Hitomi Nabatame",
        "type": "Opening 1",
        "correctCount": 11,
        "startTime": 42,
        "songDuration": 97.17384,
        "songNumber": 16,
        "activePlayerCount": 174,
        "LinkVideo": "https://files.catbox.moe/ezgdf9.webm",
        "LinkMp3": "https://files.catbox.moe/o3tjhm.mp3",
        "annId": 10261,
        "songDifficulty": 12.023695316305407,
        "vintage": "Winter 2009"
    },
    {
        "animeEng": "Ai Monogatari",
        "animeRomaji": "Ai Monogatari",
        "songName": "HERO~Hero ni Naru Toki, Sore wa Ima~",
        "artist": "Kai Band",
        "type": "Insert Song",
        "correctCount": 3,
        "startTime": 49,
        "songDuration": 172.2,
        "songNumber": 17,
        "activePlayerCount": 175,
        "LinkVideo": "https://files.catbox.moe/v6stgf.webm",
        "LinkMp3": "https://files.catbox.moe/yegqwe.mp3",
        "annId": 4880,
        "songDifficulty": 7.369993179563492,
        "vintage": "Spring 1993",
        "correctPlayers": [
            "noearstheotaku",
            "SrueyaF",
            "oh95"
        ]
    },
    {
        "animeEng": "Love Live! Nijigasaki High School Idol Club",
        "animeRomaji": "Love Live! School Idol Project Nijigasaki Gakuen School Idol Doukoukai",
        "songName": "Muteki-kyuu*Believer",
        "artist": "Mayu Sagara",
        "type": "Insert Song",
        "correctCount": 34,
        "startTime": 65,
        "songDuration": 240.216,
        "songNumber": 18,
        "activePlayerCount": 175,
        "LinkVideo": "https://files.catbox.moe/vft9qs.webm",
        "LinkMp3": "https://files.catbox.moe/7ichcd.mp3",
        "annId": 23886,
        "songDifficulty": 22.077367444468177,
        "vintage": "Summer 2020"
    },
    {
        "animeEng": "Strike Witches Operation Victory Arrow",
        "animeRomaji": "Strike Witches Operation Victory Arrow",
        "songName": "Connect Link",
        "artist": "Yoko Ishida",
        "type": "Opening 1",
        "correctCount": 9,
        "startTime": 42,
        "songDuration": 88.944,
        "songNumber": 19,
        "activePlayerCount": 173,
        "LinkVideo": "https://files.catbox.moe/9aog4h.webm",
        "LinkMp3": "https://files.catbox.moe/6bheji.mp3",
        "annId": 16102,
        "songDifficulty": 12.302291051206302,
        "vintage": "Summer 2014"
    },
    {
        "animeEng": "Precure All Stars DX: 3D Theatre",
        "animeRomaji": "Precure All Stars DX: the DANCE LIVE\u2665 Miracle Dance Stage e Youkoso",
        "songName": "Precure All Stars DX Medley for 3D theatre",
        "artist": "Mayu Kudou, Aya Ikeda, Mayumi Gojou, Yuka Uchiyae",
        "type": "Insert Song",
        "correctCount": 5,
        "startTime": 33,
        "songDuration": 445.014392,
        "songNumber": 20,
        "activePlayerCount": 172,
        "LinkVideo": "https://files.catbox.moe/kfxvs2.webm",
        "LinkMp3": "https://files.catbox.moe/j7bu2o.mp3",
        "annId": 24776,
        "songDifficulty": 5.641000836553539,
        "vintage": "Summer 2011",
        "correctPlayers": [
            "ShiroKuro",
            "PoolNoodle",
            "Carlos1218",
            "Hyonoka",
            "tertium"
        ]
    },
    {
        "animeEng": "Danganronpa The Animation",
        "animeRomaji": "Danganronpa Kibou no Gakuen to Zetsubou no Koukousei The Animation",
        "songName": "Never Say Never",
        "artist": "TKDz2b",
        "type": "Opening 2",
        "correctCount": 115,
        "startTime": 39,
        "songDuration": 88.368,
        "songNumber": 21,
        "activePlayerCount": 172,
        "LinkVideo": "https://files.catbox.moe/66wemx.webm",
        "LinkMp3": "https://files.catbox.moe/rl98gx.mp3",
        "annId": 14960,
        "songDifficulty": 44.73825745138813,
        "vintage": "Summer 2013"
    },
    {
        "animeEng": "Miss Kobayashi's Dragon Maid",
        "animeRomaji": "Kobayashi-san Chi no Maid Dragon",
        "songName": "Ishukan Communication",
        "artist": "Chorogons",
        "type": "Ending 1",
        "correctCount": 113,
        "startTime": 12,
        "songDuration": 88.992,
        "songNumber": 22,
        "activePlayerCount": 172,
        "LinkVideo": "https://files.catbox.moe/c9rteu.webm",
        "LinkMp3": "https://files.catbox.moe/jav92h.mp3",
        "annId": 18807,
        "songDifficulty": 36.74665260989545,
        "vintage": "Winter 2017"
    },
    {
        "animeEng": "Blood Lad",
        "animeRomaji": "Blood Lad",
        "songName": "ViViD",
        "artist": "May'n",
        "type": "Opening 1",
        "correctCount": 84,
        "startTime": 35,
        "songDuration": 88.632,
        "songNumber": 23,
        "activePlayerCount": 172,
        "LinkVideo": "https://files.catbox.moe/dcwxz4.webm",
        "LinkMp3": "https://files.catbox.moe/ksetim.mp3",
        "annId": 15136,
        "songDifficulty": 25.5722884090345,
        "vintage": "Summer 2013"
    },
    {
        "animeEng": "Urusei Yatsura",
        "animeRomaji": "Urusei Yatsura",
        "songName": "Yume wa Love me more",
        "artist": "Izumi Kobayashi",
        "type": "Ending 5",
        "correctCount": 26,
        "startTime": 31,
        "songDuration": 87.142992,
        "songNumber": 24,
        "activePlayerCount": 171,
        "LinkVideo": "https://files.catbox.moe/1hh25h.webm",
        "LinkMp3": "https://files.catbox.moe/mki9c9.mp3",
        "annId": 90,
        "songDifficulty": 28.502587322121602,
        "vintage": "Fall 1981"
    },
    {
        "animeEng": "Black Jack Special: The 4 Miracles of Life",
        "animeRomaji": "Black Jack Special: The 4 Miracles of Life",
        "songName": "ROOTS",
        "artist": "B'z",
        "type": "Ending 1",
        "correctCount": 9,
        "startTime": 22,
        "songDuration": 161.064,
        "songNumber": 25,
        "activePlayerCount": 171,
        "LinkVideo": "https://files.catbox.moe/4m95tx.webm",
        "LinkMp3": "https://files.catbox.moe/0b84zz.mp3",
        "annId": 6060,
        "songDifficulty": 6.153770621283166,
        "vintage": "Fall 2003"
    },
    {
        "animeEng": "Love Live! Superstar!!",
        "animeRomaji": "Love Live! Superstar!!",
        "songName": "Honno Choppiri",
        "artist": "Sayuri Date",
        "type": "Insert Song",
        "correctCount": 49,
        "startTime": 0,
        "songDuration": 32.544,
        "songNumber": 26,
        "activePlayerCount": 171,
        "LinkVideo": "https://files.catbox.moe/n0r6x9.webm",
        "LinkMp3": "https://files.catbox.moe/m193vu.mp3",
        "annId": 23844,
        "songDifficulty": 35.98028978524229,
        "vintage": "Summer 2021"
    },
    {
        "animeEng": "Is It Wrong to Try to Pick Up Girls in a Dungeon? II",
        "animeRomaji": "DanMachi II",
        "songName": "Tsuki no Shirabe",
        "artist": "Haruka Chisuga",
        "type": "Insert Song",
        "correctCount": 18,
        "startTime": 17,
        "songDuration": 115.272,
        "songNumber": 27,
        "activePlayerCount": 171,
        "LinkVideo": "https://files.catbox.moe/m5632h.webm",
        "LinkMp3": "https://files.catbox.moe/tquct5.mp3",
        "annId": 20673,
        "songDifficulty": 7.614393141385768,
        "vintage": "Summer 2019"
    },
    {
        "animeEng": "Aho-Girl",
        "animeRomaji": "Aho-Girl",
        "songName": "Zenryoku\u2606Summer!",
        "artist": "angela",
        "type": "Opening 1",
        "correctCount": 106,
        "startTime": 25,
        "songDuration": 59.568,
        "songNumber": 28,
        "activePlayerCount": 172,
        "LinkVideo": "https://files.catbox.moe/hkykok.webm",
        "LinkMp3": "https://files.catbox.moe/j1eezl.mp3",
        "annId": 19022,
        "songDifficulty": 37.66912634352824,
        "vintage": "Summer 2017"
    },
    {
        "animeEng": "Armored Trooper Votoms",
        "animeRomaji": "Soukou Kihei VOTOMS",
        "songName": "Itsumo Anata ga",
        "artist": "TETSU",
        "type": "Ending 1",
        "correctCount": 19,
        "startTime": 20,
        "songDuration": 68.808,
        "songNumber": 29,
        "activePlayerCount": 173,
        "LinkVideo": "https://files.catbox.moe/ftmlm3.webm",
        "LinkMp3": "https://files.catbox.moe/vl9wd8.mp3",
        "annId": 94,
        "songDifficulty": 20.209810697115383,
        "vintage": "Spring 1983"
    },
    {
        "animeEng": "Saiyuki Reload: Zeroin",
        "animeRomaji": "Saiyuki Reload: Zeroin",
        "songName": "Kami mo Hotoke mo",
        "artist": "GRANRODEO",
        "type": "Opening 1",
        "correctCount": 12,
        "startTime": 50,
        "songDuration": 89.4,
        "songNumber": 30,
        "activePlayerCount": 172,
        "LinkVideo": "https://files.catbox.moe/92soq2.webm",
        "LinkMp3": "https://files.catbox.moe/as1dgl.mp3",
        "annId": 24310,
        "songDifficulty": 15.093882467468454,
        "vintage": "Winter 2022"
    },
    {
        "animeEng": "Heaven's Lost Property Final: Eternal My Master",
        "animeRomaji": "Sora no Otoshimono Final: Eternal My Master",
        "songName": "always smiling",
        "artist": "blue drops",
        "type": "Ending 1",
        "correctCount": 6,
        "startTime": 57,
        "songDuration": 207.864,
        "songNumber": 31,
        "activePlayerCount": 173,
        "LinkVideo": "https://files.catbox.moe/tdyepn.webm",
        "LinkMp3": "https://files.catbox.moe/yoqb23.mp3",
        "annId": 15866,
        "songDifficulty": 8.857391933225236,
        "vintage": "Spring 2014"
    },
    {
        "animeEng": "Aikatsu!",
        "animeRomaji": "Aikatsu!",
        "songName": "Hello New World",
        "artist": "Kana\u30fbRuka from AIKATSU\u2606STARS!",
        "type": "Insert Song",
        "correctCount": 95,
        "startTime": 38,
        "songDuration": 115.272,
        "songNumber": 32,
        "activePlayerCount": 172,
        "LinkVideo": "https://files.catbox.moe/fjutsm.webm",
        "LinkMp3": "https://files.catbox.moe/kls1z4.mp3",
        "annId": 16165,
        "songDifficulty": 44.33372188211845,
        "vintage": "Fall 2014"
    },
    {
        "animeEng": "Recorder and Randsell Re\u266a",
        "animeRomaji": "Recorder to Randoseru Re\u266a",
        "songName": "Stare",
        "artist": "Paprika R",
        "type": "Ending 1",
        "correctCount": 12,
        "startTime": 0,
        "songDuration": 29.568,
        "songNumber": 33,
        "activePlayerCount": 172,
        "LinkVideo": "https://files.catbox.moe/568jhv.webm",
        "LinkMp3": "https://files.catbox.moe/5fupow.mp3",
        "annId": 14490,
        "songDifficulty": 14.384560533292767,
        "vintage": "Spring 2012"
    },
    {
        "animeEng": "Spice and Wolf",
        "animeRomaji": "Ookami to Koushinryou",
        "songName": "Tabi no Tochuu",
        "artist": "Natsumi Kiyoura",
        "type": "Opening 1",
        "correctCount": 135,
        "startTime": 27,
        "songDuration": 88.056,
        "songNumber": 34,
        "activePlayerCount": 173,
        "LinkVideo": "https://files.catbox.moe/o7cwjl.webm",
        "LinkMp3": "https://files.catbox.moe/1kmdzi.mp3",
        "annId": 8537,
        "songDifficulty": 41.994304336053844,
        "vintage": "Winter 2008"
    },
    {
        "animeEng": "Adventure on the Gaboten Island",
        "animeRomaji": "Bouken Gabotenjima",
        "songName": "Boku-tachi dake no Shima",
        "artist": "Mie Azuma, Kazuko Sugiyama, Yoshiko Ohta, Chieko Kitagawa, Masako Nozawa",
        "type": "Insert Song",
        "correctCount": 1,
        "startTime": 17,
        "songDuration": 58.12145,
        "songNumber": 35,
        "activePlayerCount": 172,
        "LinkVideo": "https://files.catbox.moe/jub9io.webm",
        "LinkMp3": "https://files.catbox.moe/y0jz5v.mp3",
        "annId": 1225,
        "songDifficulty": 2.2350005031469555,
        "vintage": "Spring 1967",
        "correctPlayers": [
            "PoolNoodle"
        ]
    },
    {
        "animeEng": "The Daughter of Twenty Faces",
        "animeRomaji": "Nijuu-Mensou no Musume",
        "songName": "unnamed world",
        "artist": "Aya Hirano",
        "type": "Ending 1",
        "correctCount": 5,
        "startTime": 37,
        "songDuration": 79.567612,
        "songNumber": 36,
        "activePlayerCount": 172,
        "LinkVideo": "https://files.catbox.moe/37b5t9.webm",
        "LinkMp3": "https://files.catbox.moe/wvlkw8.mp3",
        "annId": 9163,
        "songDifficulty": 9.212017751568533,
        "vintage": "Spring 2008",
        "correctPlayers": [
            "Uskighte",
            "EruisKawaii",
            "Hejsan",
            "Hyonoka",
            "raynquist"
        ]
    },
    {
        "animeEng": "The Garden of Sinners: Recalled Out Summer - Extra Chorus",
        "animeRomaji": "Kara no Kyoukai: Mirai Fukuin - Extra Chorus",
        "songName": "dolce",
        "artist": "Kalafina",
        "type": "Ending 1",
        "correctCount": 3,
        "startTime": 32,
        "songDuration": 159.768,
        "songNumber": 37,
        "activePlayerCount": 172,
        "LinkVideo": "https://files.catbox.moe/h8uqge.webm",
        "LinkMp3": "https://files.catbox.moe/sopmfj.mp3",
        "annId": 23194,
        "songDifficulty": 10.01559633778826,
        "vintage": "Summer 2013",
        "correctPlayers": [
            "Hejsan",
            "jankenpo",
            "bamboo"
        ]
    },
    {
        "animeEng": "One Room",
        "animeRomaji": "One Room",
        "songName": "Kibou Refrain",
        "artist": "Suzuko Mimori",
        "type": "Ending 3",
        "correctCount": 74,
        "startTime": 0,
        "songDuration": 29.568,
        "songNumber": 38,
        "activePlayerCount": 172,
        "LinkVideo": "https://files.catbox.moe/siamls.webm",
        "LinkMp3": "https://files.catbox.moe/798wep.mp3",
        "annId": 18889,
        "songDifficulty": 29.64146628637155,
        "vintage": "Winter 2017"
    },
    {
        "animeEng": "Fox Spirit Matchmaker",
        "animeRomaji": "Enmusubi no Youko-chan",
        "songName": "Fourside Moonside",
        "artist": "Cidergirl",
        "type": "Ending 2",
        "correctCount": 3,
        "startTime": 12,
        "songDuration": 89.112,
        "songNumber": 39,
        "activePlayerCount": 171,
        "LinkVideo": "https://files.catbox.moe/8iui92.webm",
        "LinkMp3": "https://files.catbox.moe/vh2esy.mp3",
        "annId": 19818,
        "songDifficulty": 7.527417775145772,
        "vintage": "Summer 2017",
        "correctPlayers": [
            "SrueyaF",
            "Carlos1218",
            "anonimus_opinion"
        ]
    },
    {
        "animeEng": "Legend of the Galactic Heroes",
        "animeRomaji": "Ginga Eiyuu Densetsu",
        "songName": "Hikari no Hashi o Koete",
        "artist": "Kei Ogura",
        "type": "Ending 1",
        "correctCount": 34,
        "startTime": 44,
        "songDuration": 88.512,
        "songNumber": 40,
        "activePlayerCount": 171,
        "LinkVideo": "https://files.catbox.moe/o6y7a0.webm",
        "LinkMp3": "https://files.catbox.moe/ldwqmo.mp3",
        "annId": 1786,
        "songDifficulty": 32.53231763619575,
        "vintage": "Fall 1988"
    },
    {
        "animeEng": "BECK: Mongolian Chop Squad",
        "animeRomaji": "BECK: Mongolian Chop Squad",
        "songName": "Don't you mess with me",
        "artist": "Kazuya Hirabayashi",
        "type": "Insert Song",
        "correctCount": 58,
        "startTime": 0,
        "songDuration": 23.952,
        "songNumber": 41,
        "activePlayerCount": 170,
        "LinkVideo": "https://files.catbox.moe/qtfa99.webm",
        "LinkMp3": "https://files.catbox.moe/ta8z4w.mp3",
        "annId": 4404,
        "songDifficulty": 28.30957230142566,
        "vintage": "Fall 2004"
    },
    {
        "animeEng": "Persona 5 the Animation: A Magical Valentine's Day",
        "animeRomaji": "Persona 5 the Animation: A Magical Valentine's Day",
        "songName": "Calystegia",
        "artist": "Minako Kotobuki",
        "type": "Insert Song",
        "correctCount": 6,
        "startTime": 3,
        "songDuration": 58.416,
        "songNumber": 42,
        "activePlayerCount": 169,
        "LinkVideo": "https://files.catbox.moe/0ctwjx.webm",
        "LinkMp3": "https://files.catbox.moe/sh3jxf.mp3",
        "annId": 22985,
        "songDifficulty": 8.64850755383967,
        "vintage": "Spring 2019"
    },
    {
        "animeEng": "Box of Goblins",
        "animeRomaji": "Mouryou no Hako",
        "songName": "Lost in Blue",
        "artist": "Nightmare",
        "type": "Opening 1",
        "correctCount": 26,
        "startTime": 40,
        "songDuration": 73.056,
        "songNumber": 43,
        "activePlayerCount": 169,
        "LinkVideo": "https://files.catbox.moe/9nhfax.webm",
        "LinkMp3": "https://files.catbox.moe/a6evo1.mp3",
        "annId": 10153,
        "songDifficulty": 16.424672564338234,
        "vintage": "Fall 2008"
    },
    {
        "animeEng": "Solty Rei",
        "animeRomaji": "Solty Rei",
        "songName": "Float ~Sora no Kanata e~",
        "artist": "Tomoe Ohmi",
        "type": "Ending 1",
        "correctCount": 2,
        "startTime": 33,
        "songDuration": 87.576,
        "songNumber": 44,
        "activePlayerCount": 170,
        "LinkVideo": "https://files.catbox.moe/lagtii.webm",
        "LinkMp3": "https://files.catbox.moe/w05ee2.mp3",
        "annId": 5051,
        "songDifficulty": 7.195924055411735,
        "vintage": "Fall 2005",
        "correctPlayers": [
            "peepiss",
            "bamboo"
        ]
    },
    {
        "animeEng": "Spriggan",
        "animeRomaji": "Spriggan",
        "songName": "Seeking the Truth",
        "artist": "Taisei Iwasaki feat. YAHZARAH",
        "type": "Opening 1",
        "correctCount": 11,
        "startTime": 25,
        "songDuration": 69.456,
        "songNumber": 45,
        "activePlayerCount": 169,
        "LinkVideo": "https://files.catbox.moe/3sc93k.webm",
        "LinkMp3": "https://files.catbox.moe/fhpuw0.mp3",
        "annId": 24363,
        "songDifficulty": 16.609113324412984,
        "vintage": "Spring 2022"
    },
    {
        "animeEng": "Maya the Honey Bee",
        "animeRomaji": "Mitsubachi Maaya no Bouken",
        "songName": "Mitsubachi Maya no Bouken",
        "artist": "Chiita to Mitsubachi Gasshou-dan",
        "type": "Opening 1",
        "correctCount": 14,
        "startTime": 25,
        "songDuration": 66.792,
        "songNumber": 46,
        "activePlayerCount": 170,
        "LinkVideo": "https://files.catbox.moe/mzpik2.webm",
        "LinkMp3": "https://files.catbox.moe/lesfbg.mp3",
        "annId": 1415,
        "songDifficulty": 22.71293623592577,
        "vintage": "Spring 1975"
    },
    {
        "animeEng": "Chance Triangle Session",
        "animeRomaji": "Chance Pop Session",
        "songName": "Difference",
        "artist": "Atsuko Enomoto",
        "type": "Insert Song",
        "correctCount": 3,
        "startTime": 27,
        "songDuration": 149.522328,
        "songNumber": 47,
        "activePlayerCount": 170,
        "LinkVideo": "https://files.catbox.moe/zikapj.webm",
        "LinkMp3": "https://files.catbox.moe/f7dol0.mp3",
        "annId": 1022,
        "songDifficulty": 19.3691130384887,
        "vintage": "Spring 2001",
        "correctPlayers": [
            "SrueyaF",
            "Tvaz",
            "ESPERMINHA"
        ]
    },
    {
        "animeEng": "Kodocha",
        "animeRomaji": "Kodocha",
        "songName": "Kodomo no Kimochi",
        "artist": "Chisa Yokoyama",
        "type": "Ending 1",
        "correctCount": 3,
        "startTime": 53,
        "songDuration": 138,
        "songNumber": 48,
        "activePlayerCount": 169,
        "LinkVideo": "https://files.catbox.moe/x4e0dr.webm",
        "LinkMp3": "https://files.catbox.moe/jq6oe6.mp3",
        "annId": 2337,
        "songDifficulty": 5.83153400462338,
        "vintage": "Fall 1995",
        "correctPlayers": [
            "bamboo",
            "ArronChu",
            "kaghey"
        ]
    },
    {
        "animeEng": "Babel II",
        "animeRomaji": "Babel Nisei",
        "songName": "Sunrise ~ Akatsuki ni Idakarete",
        "artist": "Mac Kanako & Motoyoshi Iwasaki",
        "type": "Ending 4",
        "correctCount": 0,
        "startTime": 82,
        "songDuration": 148.272,
        "songNumber": 49,
        "activePlayerCount": 169,
        "LinkVideo": "https://files.catbox.moe/kyutf1.webm",
        "LinkMp3": "https://files.catbox.moe/6g22pn.mp3",
        "annId": 2113,
        "songDifficulty": 4.4533336588541665,
        "vintage": "Winter 1992"
    },
    {
        "animeEng": "Sgt. Frog",
        "animeRomaji": "Keroro Gunsou",
        "songName": "Koisuru Shooting\u2606Star",
        "artist": "Juri Ihata",
        "type": "Insert Song",
        "correctCount": 2,
        "startTime": 6,
        "songDuration": 72.408,
        "songNumber": 50,
        "activePlayerCount": 169,
        "LinkVideo": "https://files.catbox.moe/gnzywu.webm",
        "LinkMp3": "https://files.catbox.moe/4kb8rj.mp3",
        "annId": 3711,
        "songDifficulty": 5.790932970737525,
        "vintage": "Spring 2004",
        "correctPlayers": [
            "Shag",
            "ArronChu"
        ]
    },
    {
        "animeEng": "Initial D: Fourth Stage",
        "animeRomaji": "Initial D: Fourth Stage",
        "songName": "MISSION IMPOSSIBLE",
        "artist": "NICK MANSELL",
        "type": "Insert Song",
        "correctCount": 27,
        "startTime": 23,
        "songDuration": 94.152,
        "songNumber": 51,
        "activePlayerCount": 168,
        "LinkVideo": "https://files.catbox.moe/7nifho.webm",
        "LinkMp3": "https://files.catbox.moe/bagx9o.mp3",
        "annId": 3396,
        "songDifficulty": 25.909240845959594,
        "vintage": "Spring 2004"
    },
    {
        "animeEng": "Vampire in the Garden",
        "animeRomaji": "Vampire in the Garden",
        "songName": "Oratio nocturna~Yoru no Inori~",
        "artist": "Mari Toyota",
        "type": "Ending 1",
        "correctCount": 2,
        "startTime": 20,
        "songDuration": 109.032,
        "songNumber": 52,
        "activePlayerCount": 166,
        "LinkVideo": "https://files.catbox.moe/g5y5xy.webm",
        "LinkMp3": "https://files.catbox.moe/6g5fc3.mp3",
        "annId": 24961,
        "songDifficulty": 15.888926763954403,
        "vintage": "Spring 2022",
        "correctPlayers": [
            "EruisKawaii",
            "aitsubaki"
        ]
    },
    {
        "animeEng": "Tokyo Underground",
        "animeRomaji": "Tokyo Underground",
        "songName": "Jounetsu",
        "artist": "iksi:d",
        "type": "Opening 1",
        "correctCount": 7,
        "startTime": 60,
        "songDuration": 89.544,
        "songNumber": 53,
        "activePlayerCount": 166,
        "LinkVideo": "https://files.catbox.moe/uvjnqk.webm",
        "LinkMp3": "https://files.catbox.moe/m2z1z2.mp3",
        "annId": 888,
        "songDifficulty": 16.95112851601917,
        "vintage": "Spring 2002"
    },
    {
        "animeEng": "On Your Mark",
        "animeRomaji": "On Your Mark",
        "songName": "On Your Mark",
        "artist": "CHAGE&ASKA",
        "type": "Insert Song",
        "correctCount": 71,
        "startTime": 312,
        "songDuration": 386.631722,
        "songNumber": 54,
        "activePlayerCount": 166,
        "LinkVideo": "https://files.catbox.moe/9bb12z.webm",
        "LinkMp3": "https://files.catbox.moe/brhy86.mp3",
        "annId": 879,
        "songDifficulty": 16.09838404415164,
        "vintage": "Summer 1995"
    },
    {
        "animeEng": "The Slayers Revolution",
        "animeRomaji": "The Slayers Revolution",
        "songName": "Plenty of grit",
        "artist": "Megumi Hayashibara",
        "type": "Opening 1",
        "correctCount": 8,
        "startTime": 2,
        "songDuration": 88.056,
        "songNumber": 55,
        "activePlayerCount": 165,
        "LinkVideo": "https://files.catbox.moe/bd5txf.webm",
        "LinkMp3": "https://files.catbox.moe/pcp185.mp3",
        "annId": 9500,
        "songDifficulty": 16.434669338677356,
        "vintage": "Summer 2008"
    },
    {
        "animeEng": "Yakeato no, Okashi no Ki",
        "animeRomaji": "Yakeato no, Okashi no Ki",
        "songName": "Omoide no Album",
        "artist": "Rena Takahashi",
        "type": "Ending 1",
        "correctCount": 4,
        "startTime": 21,
        "songDuration": 88.032,
        "songNumber": 56,
        "activePlayerCount": 165,
        "LinkVideo": "https://files.catbox.moe/4n95np.webm",
        "LinkMp3": "https://files.catbox.moe/dz4wao.mp3",
        "annId": 23448,
        "songDifficulty": 4.43230074600082,
        "vintage": "Summer 2006",
        "correctPlayers": [
            "EruisKawaii",
            "PoolNoodle",
            "lucietoo",
            "channina"
        ]
    },
    {
        "animeEng": "Yokohama Shopping Log",
        "animeRomaji": "Yokohama Kaidashi Kikou",
        "songName": "Kaze ga Fuiteita",
        "artist": "GONTITI feat. Hekiru Shiina",
        "type": "Insert Song",
        "correctCount": 18,
        "startTime": 26,
        "songDuration": 142.68,
        "songNumber": 57,
        "activePlayerCount": 165,
        "LinkVideo": "https://files.catbox.moe/apdq4f.webm",
        "LinkMp3": "https://files.catbox.moe/9gw0qr.mp3",
        "annId": 1156,
        "songDifficulty": 19.308008295349197,
        "vintage": "Spring 1998"
    },
    {
        "animeEng": "The Irregular at Magic High School",
        "animeRomaji": "Mahouka Koukou no Rettousei",
        "songName": "Rising Hope",
        "artist": "LiSA",
        "type": "Opening 1",
        "correctCount": 107,
        "startTime": 39,
        "songDuration": 89.976,
        "songNumber": 58,
        "activePlayerCount": 164,
        "LinkVideo": "https://files.catbox.moe/5p0wyp.webm",
        "LinkMp3": "https://files.catbox.moe/wh1q2x.mp3",
        "annId": 15763,
        "songDifficulty": 32.64434244366427,
        "vintage": "Spring 2014"
    },
    {
        "animeEng": "The Great Jahy Will Not Be Defeated!",
        "animeRomaji": "Jahy-sama wa Kujikenai!",
        "songName": "Fightin\u2605Pose",
        "artist": "Yui Ogura",
        "type": "Opening 1",
        "correctCount": 69,
        "startTime": 46,
        "songDuration": 89.64,
        "songNumber": 59,
        "activePlayerCount": 166,
        "LinkVideo": "https://files.catbox.moe/5wma5p.webm",
        "LinkMp3": "https://files.catbox.moe/tdfch2.mp3",
        "annId": 24308,
        "songDifficulty": 26.229459138215034,
        "vintage": "Summer 2021"
    },
    {
        "animeEng": "Gabriel DropOut",
        "animeRomaji": "Gabriel DropOut",
        "songName": "Hallelujah Essaim",
        "artist": "Kana Hanazawa, Miyu Tomita, Naomi Oozora, Saori Oonishi",
        "type": "Ending 1",
        "correctCount": 89,
        "startTime": 6,
        "songDuration": 89.856,
        "songNumber": 60,
        "activePlayerCount": 167,
        "LinkVideo": "https://files.catbox.moe/rkvs55.webm",
        "LinkMp3": "https://files.catbox.moe/0kn8h5.mp3",
        "annId": 18671,
        "songDifficulty": 41.11217124367377,
        "vintage": "Winter 2017"
    },
    {
        "animeEng": "Super Lifeform Transformers Beast Wars Neo",
        "animeRomaji": "Chou Seimeitai Transformers: Beast Wars Neo",
        "songName": "Da Da Da",
        "artist": "M.C.R",
        "type": "Insert Song",
        "correctCount": 7,
        "startTime": 103,
        "songDuration": 251.928,
        "songNumber": 61,
        "activePlayerCount": 167,
        "LinkVideo": "https://files.catbox.moe/1ire9p.webm",
        "LinkMp3": "https://files.catbox.moe/zjjni5.mp3",
        "annId": 1212,
        "songDifficulty": 6.510396479328166,
        "vintage": "Winter 1999"
    },
    {
        "animeEng": "Koyomimonogatari",
        "animeRomaji": "Koyomimonogatari",
        "songName": "mein schatz",
        "artist": "mito",
        "type": "Opening 9",
        "correctCount": 68,
        "startTime": 4,
        "songDuration": 59.496,
        "songNumber": 62,
        "activePlayerCount": 166,
        "LinkVideo": "https://files.catbox.moe/f4wxb1.webm",
        "LinkMp3": "https://files.catbox.moe/lhtzpi.mp3",
        "annId": 17938,
        "songDifficulty": 36.16468160377359,
        "vintage": "Winter 2016"
    },
    {
        "animeEng": "Stellvia",
        "animeRomaji": "Uchuu no Stellvia",
        "songName": "Asu e no brilliant road ~second genesis~",
        "artist": "angela",
        "type": "Insert Song",
        "correctCount": 27,
        "startTime": 1,
        "songDuration": 134.352,
        "songNumber": 63,
        "activePlayerCount": 166,
        "LinkVideo": "https://files.catbox.moe/7evihu.webm",
        "LinkMp3": "https://files.catbox.moe/m0wz37.mp3",
        "annId": 74,
        "songDifficulty": 19.857803770949722,
        "vintage": "Spring 2003"
    },
    {
        "animeEng": "Maya the Honey Bee",
        "animeRomaji": "Mitsubachi Maaya no Bouken",
        "songName": "Oyasumi Maya",
        "artist": "Chiita to Mitsubachi Gasshou-dan",
        "type": "Ending 1",
        "correctCount": 14,
        "startTime": 6,
        "songDuration": 59.064,
        "songNumber": 64,
        "activePlayerCount": 166,
        "LinkVideo": "https://files.catbox.moe/bw7qrj.webm",
        "LinkMp3": "https://files.catbox.moe/vtxa9y.mp3",
        "annId": 1415,
        "songDifficulty": 17.125102697777248,
        "vintage": "Spring 1975"
    },
    {
        "animeEng": "Odd Taxi",
        "animeRomaji": "Odd Taxi",
        "songName": "Sugarless Kiss",
        "artist": "Suzuko Mimori",
        "type": "Ending 1",
        "correctCount": 100,
        "startTime": 9,
        "songDuration": 59.16,
        "songNumber": 65,
        "activePlayerCount": 166,
        "LinkVideo": "https://files.catbox.moe/20b0y7.webm",
        "LinkMp3": "https://files.catbox.moe/ewimwt.mp3",
        "annId": 23921,
        "songDifficulty": 32.10632420035322,
        "vintage": "Spring 2021"
    },
    {
        "animeEng": "Himouto! Umaru-chan",
        "animeRomaji": "Himouto! Umaru-chan",
        "songName": "Kakushinteki\u2606Metamorphose!",
        "artist": "Aimi Tanaka",
        "type": "Opening 1",
        "correctCount": 135,
        "startTime": 34,
        "songDuration": 88.032,
        "songNumber": 66,
        "activePlayerCount": 168,
        "LinkVideo": "https://files.catbox.moe/k8gn13.webm",
        "LinkMp3": "https://files.catbox.moe/cqvs1w.mp3",
        "annId": 16845,
        "songDifficulty": 50.33154000996099,
        "vintage": "Summer 2015"
    },
    {
        "animeEng": "Sword Art Online: Extra Edition",
        "animeRomaji": "Sword Art Online: Extra Edition",
        "songName": "INNOCENCE",
        "artist": "Eir Aoi",
        "type": "Insert Song",
        "correctCount": 109,
        "startTime": 90,
        "songDuration": 125.064,
        "songNumber": 67,
        "activePlayerCount": 167,
        "LinkVideo": "https://files.catbox.moe/o68bcp.webm",
        "LinkMp3": "https://files.catbox.moe/nkxcxa.mp3",
        "annId": 15743,
        "songDifficulty": 54.81257702218239,
        "vintage": "Fall 2013"
    },
    {
        "animeEng": "Monogatari Series Second Season",
        "animeRomaji": "Monogatari Series Second Season",
        "songName": "Kogarashi Sentiment",
        "artist": "Chiwa Saito & Shinichiro Miki",
        "type": "Opening 6",
        "correctCount": 96,
        "startTime": 28,
        "songDuration": 89.568,
        "songNumber": 68,
        "activePlayerCount": 167,
        "LinkVideo": "https://files.catbox.moe/freyju.webm",
        "LinkMp3": "https://files.catbox.moe/exd6ua.mp3",
        "annId": 15054,
        "songDifficulty": 32.65166547643338,
        "vintage": "Summer 2013"
    },
    {
        "animeEng": "Grand Blue",
        "animeRomaji": "Grand Blue",
        "songName": "Grand Blue",
        "artist": "Shounan no Kaze",
        "type": "Opening 1",
        "correctCount": 138,
        "startTime": 0,
        "songDuration": 89.952,
        "songNumber": 69,
        "activePlayerCount": 167,
        "LinkVideo": "https://files.catbox.moe/3jmpf3.webm",
        "LinkMp3": "https://files.catbox.moe/ykevsc.mp3",
        "annId": 20709,
        "songDifficulty": 54.00986842105263,
        "vintage": "Summer 2018"
    },
    {
        "animeEng": "Nasu: Summer in Andalusia",
        "animeRomaji": "Nasu: Andalusia no Natsu",
        "songName": "Campo",
        "artist": "Minoru Hirano",
        "type": "Insert Song",
        "correctCount": 48,
        "startTime": 20,
        "songDuration": 79.728,
        "songNumber": 70,
        "activePlayerCount": 166,
        "LinkVideo": "https://files.catbox.moe/z6ywqc.webm",
        "LinkMp3": "https://files.catbox.moe/xsm7hb.mp3",
        "annId": 3,
        "songDifficulty": 19.55008085823615,
        "vintage": "Summer 2003"
    },
    {
        "animeEng": "Burning Kabaddi",
        "animeRomaji": "Shakunetsu Kabaddi",
        "songName": "Comin' Back",
        "artist": "Yuuma Uchida",
        "type": "Ending 1",
        "correctCount": 9,
        "startTime": 48,
        "songDuration": 89.448,
        "songNumber": 71,
        "activePlayerCount": 166,
        "LinkVideo": "https://files.catbox.moe/50diy4.webm",
        "LinkMp3": "https://files.catbox.moe/hua5bo.mp3",
        "annId": 23757,
        "songDifficulty": 18.34036126316519,
        "vintage": "Spring 2021"
    },
    {
        "animeEng": ".hack//Quantum",
        "animeRomaji": ".hack//Quantum",
        "songName": "Shizuku",
        "artist": "Yuuka Nanri",
        "type": "Ending 1",
        "correctCount": 8,
        "startTime": 16,
        "songDuration": 90.408242,
        "songNumber": 72,
        "activePlayerCount": 166,
        "LinkVideo": "https://files.catbox.moe/4n7pea.webm",
        "LinkMp3": "https://files.catbox.moe/54t96k.mp3",
        "annId": 11809,
        "songDifficulty": 7.57226791381836,
        "vintage": "Winter 2011"
    },
    {
        "animeEng": "Bananya",
        "animeRomaji": "Bananya",
        "songName": "Lucky Holiday",
        "artist": "AXELL with Yuki Kaji",
        "type": "Ending 1",
        "correctCount": 115,
        "startTime": 0,
        "songDuration": 25.86078,
        "songNumber": 73,
        "activePlayerCount": 167,
        "LinkVideo": "https://files.catbox.moe/oriv84.webm",
        "LinkMp3": "https://files.catbox.moe/h3turi.mp3",
        "annId": 18457,
        "songDifficulty": 40.426648091791414,
        "vintage": "Summer 2016"
    },
    {
        "animeEng": "Aikatsu!",
        "animeRomaji": "Aikatsu!",
        "songName": "Idol Katsudou!",
        "artist": "Waka from STAR\u2606ANIS",
        "type": "Insert Song",
        "correctCount": 100,
        "startTime": 23,
        "songDuration": 81.456,
        "songNumber": 74,
        "activePlayerCount": 167,
        "LinkVideo": "https://files.catbox.moe/7hzkel.webm",
        "LinkMp3": "https://files.catbox.moe/mgbeob.mp3",
        "annId": 14566,
        "songDifficulty": 43.643441366254265,
        "vintage": "Fall 2012"
    },
    {
        "animeEng": "Umayon",
        "animeRomaji": "Umayon",
        "songName": "Ring Ring Diary",
        "artist": "Machico, Azusa Tadokoro, Ruriko Aoki, Eriko Matsui, Yuiko Tatsumi",
        "type": "Ending 2",
        "correctCount": 32,
        "startTime": 0,
        "songDuration": 28.704,
        "songNumber": 75,
        "activePlayerCount": 167,
        "LinkVideo": "https://files.catbox.moe/i5mlym.webm",
        "LinkMp3": "https://files.catbox.moe/6p1nil.mp3",
        "annId": 23494,
        "songDifficulty": 20.287660302802223,
        "vintage": "Summer 2020"
    },
    {
        "animeEng": "JoJo's Bizarre Adventure: Stone Ocean",
        "animeRomaji": "JoJo no Kimyou na Bouken: Stone Ocean",
        "songName": "Distant Dreamer",
        "artist": "Duffy",
        "type": "Ending 1",
        "correctCount": 53,
        "startTime": 54,
        "songDuration": 89.568,
        "songNumber": 76,
        "activePlayerCount": 167,
        "LinkVideo": "https://files.catbox.moe/a4ifnk.webm",
        "LinkMp3": "https://files.catbox.moe/p9cdbz.mp3",
        "annId": 24619,
        "songDifficulty": 25.203272769873053,
        "vintage": "Fall 2021"
    },
    {
        "animeEng": "Mushi-Shi: The Next Passage",
        "animeRomaji": "Mushishi Zoku-Shou",
        "songName": "SHIVER",
        "artist": "Lucy Rose",
        "type": "Opening 1",
        "correctCount": 104,
        "startTime": 16,
        "songDuration": 91.128,
        "songNumber": 77,
        "activePlayerCount": 168,
        "LinkVideo": "https://files.catbox.moe/3uq64m.webm",
        "LinkMp3": "https://files.catbox.moe/i78kh7.mp3",
        "annId": 15895,
        "songDifficulty": 29.52198644130758,
        "vintage": "Spring 2014"
    },
    {
        "animeEng": "MFKZ",
        "animeRomaji": "Mutafukaz",
        "songName": "DE LA CALLE MUTAFUKA'",
        "artist": "Jon de Jon",
        "type": "Insert Song",
        "correctCount": 114,
        "startTime": 25,
        "songDuration": 57.168,
        "songNumber": 78,
        "activePlayerCount": 168,
        "LinkVideo": "https://files.catbox.moe/vwb02d.webm",
        "LinkMp3": "https://files.catbox.moe/3k677t.mp3",
        "annId": 22356,
        "songDifficulty": 37.23450493070362,
        "vintage": "Spring 2017"
    },
    {
        "animeEng": "Barefoot Gen 2",
        "animeRomaji": "Hadashi no Gen 2",
        "songName": "Hadashi no Gen 2 Opening Theme",
        "artist": "Nobuaki Takahashi",
        "type": "Opening 1",
        "correctCount": 9,
        "startTime": 44,
        "songDuration": 111.144,
        "songNumber": 79,
        "activePlayerCount": 167,
        "LinkVideo": "https://files.catbox.moe/1ntikc.webm",
        "LinkMp3": "https://files.catbox.moe/zy3hta.mp3",
        "annId": 4180,
        "songDifficulty": 9.198214947262901,
        "vintage": "Spring 1986"
    },
    {
        "animeEng": "Love Position: The Legend of Halley",
        "animeRomaji": "Love Position: The Legend of Halley",
        "songName": "Sugao no Mama de",
        "artist": "Yoko Nagayama",
        "type": "Ending 1",
        "correctCount": 1,
        "startTime": 103,
        "songDuration": 219.006848,
        "songNumber": 80,
        "activePlayerCount": 166,
        "LinkVideo": "https://files.catbox.moe/z6vb0q.webm",
        "LinkMp3": "https://files.catbox.moe/zmqwf8.mp3",
        "annId": 4832,
        "songDifficulty": 6.974765561894184,
        "vintage": "Fall 1985",
        "correctPlayers": [
            "SimpleFlips"
        ]
    },
    {
        "animeEng": "Re:Zero: Starting Life in Another World",
        "animeRomaji": "Re:Zero kara Hajimeru Isekai Seikatsu",
        "songName": "STRAIGHT BET",
        "artist": "MYTH & ROID",
        "type": "Insert Song",
        "correctCount": 92,
        "startTime": 3,
        "songDuration": 223.056,
        "songNumber": 81,
        "activePlayerCount": 168,
        "LinkVideo": "https://files.catbox.moe/zktlez.webm",
        "LinkMp3": "https://files.catbox.moe/zb3kw1.mp3",
        "annId": 23779,
        "songDifficulty": 45.530976081685935,
        "vintage": "Winter 2021"
    },
    {
        "animeEng": "Full Moon o Sagashite",
        "animeRomaji": "Full Moon o Sagashite",
        "songName": "New Future",
        "artist": "Changin' My Life",
        "type": "Ending 1",
        "correctCount": 18,
        "startTime": 21,
        "songDuration": 108.216,
        "songNumber": 82,
        "activePlayerCount": 170,
        "LinkVideo": "https://files.catbox.moe/li5lbf.webm",
        "LinkMp3": "https://files.catbox.moe/lfcrhe.mp3",
        "annId": 872,
        "songDifficulty": 25.538619331691574,
        "vintage": "Spring 2002"
    },
    {
        "animeEng": "Hi Score Girl",
        "animeRomaji": "High Score Girl",
        "songName": "Houkago Distraction",
        "artist": "Etsuko Yakushimaru",
        "type": "Ending 1",
        "correctCount": 73,
        "startTime": 57,
        "songDuration": 89.4,
        "songNumber": 83,
        "activePlayerCount": 170,
        "LinkVideo": "https://files.catbox.moe/gt4kps.webm",
        "LinkMp3": "https://files.catbox.moe/xn6rzt.mp3",
        "annId": 20797,
        "songDifficulty": 28.888570526557476,
        "vintage": "Summer 2018"
    },
    {
        "animeEng": "Nyanko Days",
        "animeRomaji": "Nyanko Days",
        "songName": "Nyanko is L\u2665VE",
        "artist": "every\u2665ing!",
        "type": "Ending 1",
        "correctCount": 125,
        "startTime": 0,
        "songDuration": 30.048,
        "songNumber": 84,
        "activePlayerCount": 170,
        "LinkVideo": "https://files.catbox.moe/muj9pv.webm",
        "LinkMp3": "https://files.catbox.moe/fwd73v.mp3",
        "annId": 18832,
        "songDifficulty": 37.76628339925735,
        "vintage": "Winter 2017"
    },
    {
        "animeEng": "Transformers: Cybertron",
        "animeRomaji": "Transformers: Galaxy Force",
        "songName": "IGNITION!",
        "artist": "CHINO",
        "type": "Opening 2",
        "correctCount": 2,
        "startTime": 33,
        "songDuration": 86.33321,
        "songNumber": 85,
        "activePlayerCount": 165,
        "LinkVideo": "https://files.catbox.moe/nv1w0s.webm",
        "LinkMp3": "https://files.catbox.moe/ffgrzw.mp3",
        "annId": 4833,
        "songDifficulty": 11.89957368503772,
        "vintage": "Winter 2005",
        "correctPlayers": [
            "noearstheotaku",
            "gilgamesher"
        ]
    }
]