[
    {
        "animeEng": "Kengan Ashura",
        "animeRomaji": "Kengan Ashura",
        "songName": "Standing On The Grave of Yesterday",
        "artist": "Silex",
        "type": "Insert Song",
        "correctCount": 5,
        "startTime": 4,
        "songDuration": 36.264,
        "songNumber": 1,
        "activePlayerCount": 129,
        "LinkVideo": "https://files.catbox.moe/5l0qy4.webm",
        "LinkMp3": "https://files.catbox.moe/lawqkw.mp3",
        "annId": 20427,
        "songDifficulty": 17.741322191455698,
        "vintage": "Summer 2019",
        "correctPlayers": [
            "sircurrie",
            "ESPERMINHA",
            "bamboo",
            "Ouiaboo",
            "junninbr"
        ]
    },
    {
        "animeEng": "Ranma 1/2",
        "animeRomaji": "Ranma 1/2",
        "songName": "Jaja Uma ni Sasenai de",
        "artist": "Etsuko Nishio",
        "type": "Opening 1",
        "correctCount": 50,
        "startTime": 33,
        "songDuration": 89.33724,
        "songNumber": 2,
        "activePlayerCount": 138,
        "LinkVideo": "https://files.catbox.moe/4k3yap.webm",
        "LinkMp3": "https://files.catbox.moe/e91mme.mp3",
        "annId": 64,
        "songDifficulty": 44.561382503192846,
        "vintage": "Spring 1989"
    },
    {
        "animeEng": "Love Live! Sunshine!!",
        "animeRomaji": "Love Live! School Idol Project Sunshine!!",
        "songName": "Yuuki wa Doko ni? Kimi no Mune ni!",
        "artist": "Arisa Komiya",
        "type": "Ending 3",
        "correctCount": 63,
        "startTime": 42,
        "songDuration": 99.185234,
        "songNumber": 3,
        "activePlayerCount": 142,
        "LinkVideo": "https://files.catbox.moe/9p7rki.webm",
        "LinkMp3": "https://files.catbox.moe/4109yn.mp3",
        "annId": 20000,
        "songDifficulty": 43.905562780799244,
        "vintage": "Fall 2017"
    },
    {
        "animeEng": "Gunma-chan",
        "animeRomaji": "Gunma-chan",
        "songName": "SWITCH!",
        "artist": "Karin Takahashi, Aya Uchida, Yui Ogura",
        "type": "Opening 1",
        "correctCount": 8,
        "startTime": 5,
        "songDuration": 87.864,
        "songNumber": 4,
        "activePlayerCount": 146,
        "LinkVideo": "https://files.catbox.moe/be47d4.webm",
        "LinkMp3": "https://files.catbox.moe/6xxr18.mp3",
        "annId": 24141,
        "songDifficulty": 12.16466886658894,
        "vintage": "Fall 2021"
    },
    {
        "animeEng": "The Girl Who Leapt Through Space",
        "animeRomaji": "Sora o Kakeru Shoujo",
        "songName": "espacio",
        "artist": "Ceui",
        "type": "Ending 3",
        "correctCount": 3,
        "startTime": 30,
        "songDuration": 89.568,
        "songNumber": 5,
        "activePlayerCount": 148,
        "LinkVideo": "https://files.catbox.moe/r2s7cy.webm",
        "LinkMp3": "https://files.catbox.moe/wgmety.mp3",
        "annId": 10272,
        "songDifficulty": 12.117264811197916,
        "vintage": "Winter 2009",
        "correctPlayers": [
            "Swords",
            "Hejsan",
            "peepiss"
        ]
    },
    {
        "animeEng": "FireStorm",
        "animeRomaji": "FireStorm",
        "songName": "Kimi to Ita Hoshi",
        "artist": "The NaB's",
        "type": "Ending 1",
        "correctCount": 1,
        "startTime": 30,
        "songDuration": 79.567612,
        "songNumber": 6,
        "activePlayerCount": 149,
        "LinkVideo": "https://files.catbox.moe/3d4j2j.webm",
        "LinkMp3": "https://files.catbox.moe/njb7zj.mp3",
        "annId": 2546,
        "songDifficulty": 10.136904471261161,
        "vintage": "Spring 2003",
        "correctPlayers": [
            "theyingster"
        ]
    },
    {
        "animeEng": "Boarding School Juliet",
        "animeRomaji": "Kishuku Gakkou no Juliet",
        "songName": "Hush, Little Baby",
        "artist": "Ai Kayano",
        "type": "Insert Song",
        "correctCount": 102,
        "startTime": 1,
        "songDuration": 31.56,
        "songNumber": 7,
        "activePlayerCount": 149,
        "LinkVideo": "https://files.catbox.moe/wl0wti.webm",
        "LinkMp3": "https://files.catbox.moe/hoo0lg.mp3",
        "annId": 21013,
        "songDifficulty": 28.60572614654718,
        "vintage": "Fall 2018"
    },
    {
        "animeEng": "Fairy gone",
        "animeRomaji": "Fairy gone",
        "songName": "GAME",
        "artist": "(K)NoW_NAME:Ayaka Tachibana",
        "type": "Insert Song",
        "correctCount": 5,
        "startTime": 29,
        "songDuration": 98.328,
        "songNumber": 8,
        "activePlayerCount": 148,
        "LinkVideo": "https://files.catbox.moe/z7219z.webm",
        "LinkMp3": "https://files.catbox.moe/9ppe8j.mp3",
        "annId": 22341,
        "songDifficulty": 23.512967249657063,
        "vintage": "Fall 2019",
        "correctPlayers": [
            "MoltenAshes",
            "DarkyNep",
            "bamboo",
            "theyingster",
            "RickAshayz"
        ]
    },
    {
        "animeEng": "Barakamon",
        "animeRomaji": "Barakamon",
        "songName": "Rashisa",
        "artist": "SUPER BEAVER",
        "type": "Opening 1",
        "correctCount": 98,
        "startTime": 30,
        "songDuration": 90.072,
        "songNumber": 9,
        "activePlayerCount": 148,
        "LinkVideo": "https://files.catbox.moe/dyxtxj.webm",
        "LinkMp3": "https://files.catbox.moe/0rkce2.mp3",
        "annId": 16083,
        "songDifficulty": 37.13965488215488,
        "vintage": "Summer 2014"
    },
    {
        "animeEng": "100 Sleeping Princes and the Kingdom of Dreams: The Animation",
        "animeRomaji": "Yume Oukoku to Nemureru 100-nin no Ouji-sama",
        "songName": "Afureru Hikari",
        "artist": "moumoon",
        "type": "Opening 1",
        "correctCount": 6,
        "startTime": 9,
        "songDuration": 88.224,
        "songNumber": 10,
        "activePlayerCount": 147,
        "LinkVideo": "https://files.catbox.moe/mwejk0.webm",
        "LinkMp3": "https://files.catbox.moe/b4o0cm.mp3",
        "annId": 21052,
        "songDifficulty": 12.794539216132556,
        "vintage": "Summer 2018"
    },
    {
        "animeEng": "Omoi, Omoware, Furi, Furare",
        "animeRomaji": "Omoi, Omoware, Furi, Furare",
        "songName": "Gravity",
        "artist": "BUMP OF CHICKEN",
        "type": "Ending 1",
        "correctCount": 9,
        "startTime": 2,
        "songDuration": 303.36,
        "songNumber": 11,
        "activePlayerCount": 148,
        "LinkVideo": "https://files.catbox.moe/3nlcfc.webm",
        "LinkMp3": "https://files.catbox.moe/xid4nt.mp3",
        "annId": 22922,
        "songDifficulty": 17.499812299786438,
        "vintage": "Summer 2020"
    },
    {
        "animeEng": "K: Missing Kings",
        "animeRomaji": "K: Missing Kings",
        "songName": "-Flame of Red-",
        "artist": "Yui Horie",
        "type": "Insert Song",
        "correctCount": 8,
        "startTime": 140,
        "songDuration": 303.433152,
        "songNumber": 12,
        "activePlayerCount": 148,
        "LinkVideo": "https://files.catbox.moe/pga7fh.webm",
        "LinkMp3": "https://files.catbox.moe/fb8i9x.mp3",
        "annId": 15350,
        "songDifficulty": 13.011271932430292,
        "vintage": "Summer 2014"
    },
    {
        "animeEng": "Harmagedon",
        "animeRomaji": "Genma Taisen",
        "songName": "Hikari no Tenshi",
        "artist": "Rosemary Butler",
        "type": "Ending 1",
        "correctCount": 2,
        "startTime": 90,
        "songDuration": 234.696,
        "songNumber": 13,
        "activePlayerCount": 151,
        "LinkVideo": "https://files.catbox.moe/6dk24l.webm",
        "LinkMp3": "https://files.catbox.moe/vtacs0.mp3",
        "annId": 678,
        "songDifficulty": 6.397471023503949,
        "vintage": "Winter 1983",
        "correctPlayers": [
            "ESPERMINHA",
            "theyingster"
        ]
    },
    {
        "animeEng": "Heroines Run the Show",
        "animeRomaji": "Heroine Tarumono! Kiraware Heroine to Naisho no Oshigoto",
        "songName": "GOOD BYE",
        "artist": "Full Throttle4",
        "type": "Insert Song",
        "correctCount": 24,
        "startTime": 1,
        "songDuration": 29.808,
        "songNumber": 14,
        "activePlayerCount": 151,
        "LinkVideo": "https://files.catbox.moe/fdqaua.webm",
        "LinkMp3": "https://files.catbox.moe/2fbeh9.mp3",
        "annId": 24673,
        "songDifficulty": 32.617373232607605,
        "vintage": "Spring 2022"
    },
    {
        "animeEng": "ERASED",
        "animeRomaji": "Boku dake ga Inai Machi",
        "songName": "Sore wa Chiisana Hikari no You na",
        "artist": "Sayuri",
        "type": "Ending 1",
        "correctCount": 111,
        "startTime": 16,
        "songDuration": 90.068656,
        "songNumber": 15,
        "activePlayerCount": 151,
        "LinkVideo": "https://files.catbox.moe/8mw5en.webm",
        "LinkMp3": "https://files.catbox.moe/s517na.mp3",
        "annId": 17217,
        "songDifficulty": 38.35081981821422,
        "vintage": "Winter 2016"
    },
    {
        "animeEng": "Saiyuki Gaiden",
        "animeRomaji": "Saiyuki Gaiden",
        "songName": "Sakura no Kinoshita",
        "artist": "KOKIA",
        "type": "Opening 1",
        "correctCount": 8,
        "startTime": 14,
        "songDuration": 89.208,
        "songNumber": 16,
        "activePlayerCount": 152,
        "LinkVideo": "https://files.catbox.moe/cpene8.webm",
        "LinkMp3": "https://files.catbox.moe/lhvzmn.mp3",
        "annId": 11673,
        "songDifficulty": 14.187575755906206,
        "vintage": "Winter 2011"
    },
    {
        "animeEng": "IGPX: Immortal Grand Prix",
        "animeRomaji": "IGPX: Immortal Grand Prix",
        "songName": "Go For It !",
        "artist": "GRAN RODEO",
        "type": "Opening 1",
        "correctCount": 18,
        "startTime": 60,
        "songDuration": 89.568,
        "songNumber": 17,
        "activePlayerCount": 151,
        "LinkVideo": "https://files.catbox.moe/oaf355.webm",
        "LinkMp3": "https://files.catbox.moe/3rhgr8.mp3",
        "annId": 5862,
        "songDifficulty": 14.46897769350215,
        "vintage": "Fall 2005"
    },
    {
        "animeEng": "Go! Princess Precure",
        "animeRomaji": "Go! Princess Precure",
        "songName": "Yume wa Mirai e no Michi",
        "artist": "Rie Kitagawa",
        "type": "Ending 2",
        "correctCount": 28,
        "startTime": 26,
        "songDuration": 88.968,
        "songNumber": 18,
        "activePlayerCount": 151,
        "LinkVideo": "https://files.catbox.moe/cpvl18.webm",
        "LinkMp3": "https://files.catbox.moe/wzdtdk.mp3",
        "annId": 16590,
        "songDifficulty": 29.80211018041237,
        "vintage": "Winter 2015"
    },
    {
        "animeEng": "Macross Frontier: Sayonara no Tsubasa",
        "animeRomaji": "Macross Frontier: Sayonara no Tsubasa",
        "songName": "Nyan Nyan Final Attack Frontier Greatest \u2606 Hits!",
        "artist": "Megumi Nakajima & May'n",
        "type": "Insert Song",
        "correctCount": 61,
        "startTime": 7,
        "songDuration": 409.752,
        "songNumber": 19,
        "activePlayerCount": 152,
        "LinkVideo": "https://files.catbox.moe/z5ig8n.webm",
        "LinkMp3": "https://files.catbox.moe/z29qt8.mp3",
        "annId": 11821,
        "songDifficulty": 36.56282158704683,
        "vintage": "Winter 2011"
    },
    {
        "animeEng": "Karura Mau Movie",
        "animeRomaji": "Hengen Taima Yakou Karura Mau! Nara Onryou Emaki",
        "songName": "LISTEN TO YOUR HEART",
        "artist": "Charito Vergard",
        "type": "Insert Song",
        "correctCount": 0,
        "startTime": 25,
        "songDuration": 80.064,
        "songNumber": 20,
        "activePlayerCount": 152,
        "LinkVideo": "https://files.catbox.moe/ia3wrw.webm",
        "LinkMp3": "https://files.catbox.moe/wf42ge.mp3",
        "annId": 1354,
        "songDifficulty": 5.708488778675093,
        "vintage": "Spring 1989"
    },
    {
        "animeEng": "Katanagatari",
        "animeRomaji": "Katanagatari",
        "songName": "Kotonoha",
        "artist": "Piko",
        "type": "Ending 1",
        "correctCount": 14,
        "startTime": 24,
        "songDuration": 88.896,
        "songNumber": 21,
        "activePlayerCount": 152,
        "LinkVideo": "https://files.catbox.moe/tuype6.webm",
        "LinkMp3": "https://files.catbox.moe/3gw1se.mp3",
        "annId": 10765,
        "songDifficulty": 18.478145357345166,
        "vintage": "Winter 2010"
    },
    {
        "animeEng": "Tenchi Universe",
        "animeRomaji": "Tenchi Muyo!",
        "songName": "Ginga de Chokuritsu Hokou",
        "artist": "Ai Orikasa",
        "type": "Ending 1",
        "correctCount": 9,
        "startTime": 10,
        "songDuration": 103.488,
        "songNumber": 22,
        "activePlayerCount": 152,
        "LinkVideo": "https://files.catbox.moe/2qkm8m.webm",
        "LinkMp3": "https://files.catbox.moe/gsvoze.mp3",
        "annId": 272,
        "songDifficulty": 11.713315795068027,
        "vintage": "Spring 1995"
    },
    {
        "animeEng": "Soreike! Anpanman: Inochi no Hoshi no Dolly",
        "animeRomaji": "Soreike! Anpanman: Inochi no Hoshi no Dolly",
        "songName": "Anpanman no March",
        "artist": "Dreaming",
        "type": "Opening 1",
        "correctCount": 59,
        "startTime": 23,
        "songDuration": 69.35391,
        "songNumber": 23,
        "activePlayerCount": 154,
        "LinkVideo": "https://files.catbox.moe/cpjeo3.webm",
        "LinkMp3": "https://files.catbox.moe/98ief3.mp3",
        "annId": 8289,
        "songDifficulty": 30.871213045987215,
        "vintage": "Summer 2006"
    },
    {
        "animeEng": "Bungo Stray Dogs: Hitori Ayumu",
        "animeRomaji": "Bungo Stray Dogs: Hitori Ayumu",
        "songName": "TRASH CANDY",
        "artist": "GRANRODEO",
        "type": "Opening 1",
        "correctCount": 96,
        "startTime": 19,
        "songDuration": 89.568,
        "songNumber": 24,
        "activePlayerCount": 155,
        "LinkVideo": "https://files.catbox.moe/ya38xy.webm",
        "LinkMp3": "https://files.catbox.moe/gcgawu.mp3",
        "annId": 19473,
        "songDifficulty": 41.580292783242875,
        "vintage": "Summer 2017"
    },
    {
        "animeEng": "Matoi the Sacred Slayer",
        "animeRomaji": "Matoi the Sacred Slayer",
        "songName": "Waraukami ni wa Fukuraitaru!",
        "artist": "Ayaka Suwa & Naomi Oozora",
        "type": "Insert Song",
        "correctCount": 2,
        "startTime": 36,
        "songDuration": 78.768,
        "songNumber": 25,
        "activePlayerCount": 155,
        "LinkVideo": "https://files.catbox.moe/8g8m4w.webm",
        "LinkMp3": "https://files.catbox.moe/13g0ht.mp3",
        "annId": 23092,
        "songDifficulty": 4.915497221296649,
        "vintage": "Spring 2017",
        "correctPlayers": [
            "Hejsan",
            "theyingster"
        ]
    },
    {
        "animeEng": "Kotodama Shoujo the Animation: Microphone soul spinners",
        "animeRomaji": "Kotodama Shoujo the Animation: Microphone soul spinners",
        "songName": "C.R.E.A.M.",
        "artist": "Moe Amano",
        "type": "Ending 2",
        "correctCount": 7,
        "startTime": 123,
        "songDuration": 248.064,
        "songNumber": 26,
        "activePlayerCount": 156,
        "LinkVideo": "https://files.catbox.moe/kx71o6.webm",
        "LinkMp3": "https://files.catbox.moe/1nao5d.mp3",
        "annId": 22949,
        "songDifficulty": 16.455412914649774,
        "vintage": "Winter 2020"
    },
    {
        "animeEng": "Tokyo Ghoul: Pinto",
        "animeRomaji": "Tokyo Ghoul: Pinto",
        "songName": "Munou",
        "artist": "\u00f6sterreich",
        "type": "Ending 1",
        "correctCount": 110,
        "startTime": 79,
        "songDuration": 136.728,
        "songNumber": 27,
        "activePlayerCount": 155,
        "LinkVideo": "https://files.catbox.moe/lnsjkg.webm",
        "LinkMp3": "https://files.catbox.moe/sq9yg6.mp3",
        "annId": 17375,
        "songDifficulty": 43.47253829202304,
        "vintage": "Fall 2015"
    },
    {
        "animeEng": "Attack on Titan: No Regrets",
        "animeRomaji": "Shingeki no Kyojin: Kuinaki Sentaku",
        "songName": "great escape",
        "artist": "cinema staff",
        "type": "Ending 1",
        "correctCount": 79,
        "startTime": 3,
        "songDuration": 85.968,
        "songNumber": 28,
        "activePlayerCount": 157,
        "LinkVideo": "https://files.catbox.moe/ox77la.webm",
        "LinkMp3": "https://files.catbox.moe/lumfqb.mp3",
        "annId": 16278,
        "songDifficulty": 37.070661041301385,
        "vintage": "Fall 2014"
    },
    {
        "animeEng": "Demon Slayer: Kimetsu no Yaiba Mugen Train Arc",
        "animeRomaji": "Kimetsu no Yaiba: Mugen Ressha-hen",
        "songName": "Homura",
        "artist": "LiSA",
        "type": "Ending 2",
        "correctCount": 93,
        "startTime": 53,
        "songDuration": 269.232,
        "songNumber": 29,
        "activePlayerCount": 157,
        "LinkVideo": "https://files.catbox.moe/w0f6i5.webm",
        "LinkMp3": "https://files.catbox.moe/ebodlo.mp3",
        "annId": 24792,
        "songDifficulty": 40.42504716981132,
        "vintage": "Fall 2021"
    },
    {
        "animeEng": "Magical Girl Lyrical Nanoha ViVid",
        "animeRomaji": "Mahou Shoujo Lyrical Nanoha ViVid",
        "songName": "Pleasure treasure",
        "artist": "Yukari Tamura",
        "type": "Ending 1",
        "correctCount": 16,
        "startTime": 38,
        "songDuration": 89.064,
        "songNumber": 30,
        "activePlayerCount": 157,
        "LinkVideo": "https://files.catbox.moe/d3b95p.webm",
        "LinkMp3": "https://files.catbox.moe/jsxqmb.mp3",
        "annId": 16298,
        "songDifficulty": 18.45543378203902,
        "vintage": "Spring 2015"
    },
    {
        "animeEng": "Chougattai Majutsu Robot Ginguiser",
        "animeRomaji": "Chougattai Majutsu Robot Ginguiser",
        "songName": "Chougattai Majutsu Robot Ginguiser",
        "artist": "Isao Sasaki & Tokyo Arakawa Shounen Shoujo Gasshou-tai",
        "type": "Opening 1",
        "correctCount": 7,
        "startTime": 40,
        "songDuration": 72.192,
        "songNumber": 31,
        "activePlayerCount": 158,
        "LinkVideo": "https://files.catbox.moe/ecm03v.webm",
        "LinkMp3": "https://files.catbox.moe/cnejjq.mp3",
        "annId": 1273,
        "songDifficulty": 11.0214306640625,
        "vintage": "Spring 1977"
    },
    {
        "animeEng": "Gunslinger Girl",
        "animeRomaji": "Gunslinger Girl",
        "songName": "DOPO IL SOGNO ~Yume no Ato ni~",
        "artist": "op.",
        "type": "Ending 1",
        "correctCount": 30,
        "startTime": 29,
        "songDuration": 68.784,
        "songNumber": 32,
        "activePlayerCount": 159,
        "LinkVideo": "https://files.catbox.moe/wdh67o.webm",
        "LinkMp3": "https://files.catbox.moe/7o5e6x.mp3",
        "annId": 2947,
        "songDifficulty": 20.033340077191234,
        "vintage": "Fall 2003"
    },
    {
        "animeEng": "Gundress",
        "animeRomaji": "Gundress",
        "songName": "Close to me ~Sekai no Hate made~",
        "artist": "R-ORANGE, Takura Kawana, Akiko Nakata",
        "type": "Ending 1",
        "correctCount": 5,
        "startTime": 55,
        "songDuration": 202.104,
        "songNumber": 33,
        "activePlayerCount": 159,
        "LinkVideo": "https://files.catbox.moe/solc1h.webm",
        "LinkMp3": "https://files.catbox.moe/1zyah6.mp3",
        "annId": 368,
        "songDifficulty": 7.925951226395731,
        "vintage": "Winter 1999",
        "correctPlayers": [
            "Hejsan",
            "Goatonaspork",
            "theyingster",
            "twewyttst",
            "Freesia"
        ]
    },
    {
        "animeEng": "Panty & Stocking with Garterbelt",
        "animeRomaji": "Panty & Stocking with Garterbelt",
        "songName": "Theme for Scanty & Knee Socks",
        "artist": "TeddyLoid",
        "type": "Insert Song",
        "correctCount": 58,
        "startTime": 11,
        "songDuration": 60,
        "songNumber": 34,
        "activePlayerCount": 159,
        "LinkVideo": "https://files.catbox.moe/o4pkq8.webm",
        "LinkMp3": "https://files.catbox.moe/z58t6o.mp3",
        "annId": 11605,
        "songDifficulty": 33.79745166959578,
        "vintage": "Fall 2010"
    },
    {
        "animeEng": "Shin Ikki Tousen",
        "animeRomaji": "Shin Ikkitousen",
        "songName": "PROUD STARS",
        "artist": "Konomi Suzuki",
        "type": "Ending 1",
        "correctCount": 9,
        "startTime": 31,
        "songDuration": 88.272,
        "songNumber": 35,
        "activePlayerCount": 159,
        "LinkVideo": "https://files.catbox.moe/jqaojq.webm",
        "LinkMp3": "https://files.catbox.moe/azwp6b.mp3",
        "annId": 24488,
        "songDifficulty": 10.515130645600124,
        "vintage": "Spring 2022"
    },
    {
        "animeEng": "Aikatsu!",
        "animeRomaji": "Aikatsu!",
        "songName": "Lovely Party Collection",
        "artist": "Ruka\u30fbMona\u30fbMiki from AIKATSU\u2606STARS!",
        "type": "Insert Song",
        "correctCount": 98,
        "startTime": 37,
        "songDuration": 107.592,
        "songNumber": 36,
        "activePlayerCount": 159,
        "LinkVideo": "https://files.catbox.moe/5stiw8.webm",
        "LinkMp3": "https://files.catbox.moe/bv37qr.mp3",
        "annId": 16824,
        "songDifficulty": 41.35652745327103,
        "vintage": "Fall 2015"
    },
    {
        "animeEng": "Senki Zesshou Symphogear XV",
        "animeRomaji": "Senki Zesshou Symphogear XV",
        "songName": "Angelic Remnant",
        "artist": "Nana Mizuki \u00d7 Yoko Hikasa",
        "type": "Insert Song",
        "correctCount": 10,
        "startTime": 17,
        "songDuration": 130.056,
        "songNumber": 37,
        "activePlayerCount": 158,
        "LinkVideo": "https://files.catbox.moe/xz7x0v.webm",
        "LinkMp3": "https://files.catbox.moe/oiy4wq.mp3",
        "annId": 22019,
        "songDifficulty": 25.015407249757633,
        "vintage": "Summer 2019"
    },
    {
        "animeEng": "Seraph of the End: Vampire Reign",
        "animeRomaji": "Owari no Seraph",
        "songName": "X.U.",
        "artist": "SawanoHiroyuki[nZk]:Gemie",
        "type": "Opening 1",
        "correctCount": 99,
        "startTime": 57,
        "songDuration": 86.064,
        "songNumber": 38,
        "activePlayerCount": 159,
        "LinkVideo": "https://files.catbox.moe/p1wbgj.webm",
        "LinkMp3": "https://files.catbox.moe/6dn35v.mp3",
        "annId": 16357,
        "songDifficulty": 34.41363284538714,
        "vintage": "Spring 2015"
    },
    {
        "animeEng": "Digimon Adventure 02: Revenge of Diablomon",
        "animeRomaji": "Digimon Adventure 02: Diablomon no Gyakushuu",
        "songName": "Target ~Akai Shougeki~",
        "artist": "Kouji Wada",
        "type": "Insert Song",
        "correctCount": 49,
        "startTime": 1,
        "songDuration": 94.56,
        "songNumber": 39,
        "activePlayerCount": 158,
        "LinkVideo": "https://files.catbox.moe/qa29y6.webm",
        "LinkMp3": "https://files.catbox.moe/ijaxfo.mp3",
        "annId": 1986,
        "songDifficulty": 31.831147089517625,
        "vintage": "Winter 2001"
    },
    {
        "animeEng": "Only Yesterday",
        "animeRomaji": "Omoide Poroporo",
        "songName": "STORNELLI",
        "artist": "ITALIE ETERNELLE",
        "type": "Insert Song",
        "correctCount": 10,
        "startTime": 6,
        "songDuration": 131.136,
        "songNumber": 40,
        "activePlayerCount": 159,
        "LinkVideo": "https://files.catbox.moe/y79yu2.webm",
        "LinkMp3": "https://files.catbox.moe/oeywt4.mp3",
        "annId": 810,
        "songDifficulty": 19.49185358464661,
        "vintage": "Spring 1991"
    },
    {
        "animeEng": "Your Name.",
        "animeRomaji": "Kimi no Na wa.",
        "songName": "Nandemonaiya movie ver.",
        "artist": "RADWIMPS",
        "type": "Ending 1",
        "correctCount": 107,
        "startTime": 172,
        "songDuration": 336.686458,
        "songNumber": 41,
        "activePlayerCount": 159,
        "LinkVideo": "https://files.catbox.moe/rzmzt0.webm",
        "LinkMp3": "https://files.catbox.moe/aqtz92.mp3",
        "annId": 18171,
        "songDifficulty": 57.923531160477815,
        "vintage": "Summer 2016"
    },
    {
        "animeEng": "Inuyasha",
        "animeRomaji": "Inuyasha",
        "songName": "CHANGE THE WORLD",
        "artist": "V6",
        "type": "Opening 1",
        "correctCount": 98,
        "startTime": 51,
        "songDuration": 94.512,
        "songNumber": 42,
        "activePlayerCount": 160,
        "LinkVideo": "https://files.catbox.moe/b6y179.webm",
        "LinkMp3": "https://files.catbox.moe/e3h6t7.mp3",
        "annId": 159,
        "songDifficulty": 37.01631319883325,
        "vintage": "Fall 2000"
    },
    {
        "animeEng": "Carole & Tuesday",
        "animeRomaji": "Carole & Tuesday",
        "songName": "La ballade",
        "artist": "Maika Loubt\u00e9",
        "type": "Insert Song",
        "correctCount": 40,
        "startTime": 19,
        "songDuration": 94.536,
        "songNumber": 43,
        "activePlayerCount": 161,
        "LinkVideo": "https://files.catbox.moe/vffwlm.webm",
        "LinkMp3": "https://files.catbox.moe/lcms5a.mp3",
        "annId": 21557,
        "songDifficulty": 32.93840356135402,
        "vintage": "Spring 2019"
    },
    {
        "animeEng": "Persona 4 The Animation",
        "animeRomaji": "Persona 4 The Animation",
        "songName": "Your affection",
        "artist": "Shihoko Hirata",
        "type": "Insert Song",
        "correctCount": 104,
        "startTime": 15,
        "songDuration": 59.76,
        "songNumber": 44,
        "activePlayerCount": 161,
        "LinkVideo": "https://files.catbox.moe/9jgp7p.webm",
        "LinkMp3": "https://files.catbox.moe/cy5ni3.mp3",
        "annId": 12870,
        "songDifficulty": 53.41657680457747,
        "vintage": "Fall 2011"
    },
    {
        "animeEng": "Mazinger Z",
        "animeRomaji": "Mazinger Z",
        "songName": "Yuusha wa Mazinger",
        "artist": "Ichiro Mizuki & Columbia Yurikago-kai",
        "type": "Insert Song",
        "correctCount": 123,
        "startTime": 49,
        "songDuration": 90.936,
        "songNumber": 45,
        "activePlayerCount": 160,
        "LinkVideo": "https://files.catbox.moe/y665bm.webm",
        "LinkMp3": "https://files.catbox.moe/rffuvd.mp3",
        "annId": 1100,
        "songDifficulty": 51.052110015368854,
        "vintage": "Fall 1972"
    },
    {
        "animeEng": "My mental choices are completely interfering with my school romantic comedy",
        "animeRomaji": "NouCome",
        "songName": "Shirobuta-kun no Uta",
        "artist": "Hanna",
        "type": "Insert Song",
        "correctCount": 45,
        "startTime": 0,
        "songDuration": 33.456,
        "songNumber": 46,
        "activePlayerCount": 160,
        "LinkVideo": "https://files.catbox.moe/mofj6e.webm",
        "LinkMp3": "https://files.catbox.moe/kxycry.mp3",
        "annId": 15445,
        "songDifficulty": 16.529993988957493,
        "vintage": "Fall 2013"
    },
    {
        "animeEng": "Magnos The Robot",
        "animeRomaji": "Magnerobo Ga-Keen",
        "songName": "Tatakae! Ga-Keen",
        "artist": "Ichiro Mizuki, Mitsuko Horie, Koorogi '73",
        "type": "Opening 1",
        "correctCount": 2,
        "startTime": 54,
        "songDuration": 118.728,
        "songNumber": 47,
        "activePlayerCount": 160,
        "LinkVideo": "https://files.catbox.moe/zlsy7w.webm",
        "LinkMp3": "https://files.catbox.moe/lufpp2.mp3",
        "annId": 552,
        "songDifficulty": 11.497622042725988,
        "vintage": "Summer 1976",
        "correctPlayers": [
            "ESPERMINHA",
            "Rukawa11"
        ]
    },
    {
        "animeEng": "Magical Girl Lyrical Nanoha The Movie 2nd A's",
        "animeRomaji": "Mahou Shoujo Lyrical Nanoha The Movie 2nd A's",
        "songName": "Sacred Force",
        "artist": "Nana Mizuki",
        "type": "Insert Song",
        "correctCount": 5,
        "startTime": 131,
        "songDuration": 262.08,
        "songNumber": 48,
        "activePlayerCount": 160,
        "LinkVideo": "https://files.catbox.moe/cendxe.webm",
        "LinkMp3": "https://files.catbox.moe/sb162n.mp3",
        "annId": 12221,
        "songDifficulty": 11.722516837751213,
        "vintage": "Summer 2012",
        "correctPlayers": [
            "doomchicken",
            "theyingster",
            "Lana_chan",
            "Deafness",
            "ShiroKuro"
        ]
    },
    {
        "animeEng": "The Rising of the Shield Hero Season 2",
        "animeRomaji": "Tate no Yuusha no Nariagari Season 2",
        "songName": "Gemini",
        "artist": "Kevin Penkin (ft. Elspeth Bawden)",
        "type": "Insert Song",
        "correctCount": 18,
        "startTime": 13,
        "songDuration": 58.512,
        "songNumber": 49,
        "activePlayerCount": 159,
        "LinkVideo": "https://files.catbox.moe/c9agjl.webm",
        "LinkMp3": "https://files.catbox.moe/ax1kca.mp3",
        "annId": 23602,
        "songDifficulty": 12.448254820908797,
        "vintage": "Spring 2022"
    },
    {
        "animeEng": "Initial D: Final Stage",
        "animeRomaji": "Initial D: Final Stage",
        "songName": "ADRENALINE",
        "artist": "ACE",
        "type": "Insert Song",
        "correctCount": 12,
        "startTime": 54,
        "songDuration": 82.834275,
        "songNumber": 50,
        "activePlayerCount": 159,
        "LinkVideo": "https://files.catbox.moe/m03ovt.webm",
        "LinkMp3": "https://files.catbox.moe/vekg8g.mp3",
        "annId": 16073,
        "songDifficulty": 17.133950709644324,
        "vintage": "Spring 2014"
    },
    {
        "animeEng": "Shounen Hollywood: Holly Stage for 49",
        "animeRomaji": "Shounen Hollywood: Holly Stage for 49",
        "songName": "Maji de JIN JIN",
        "artist": "Ryota Osaka & Tetsuya Kakihara",
        "type": "Ending 6",
        "correctCount": 5,
        "startTime": 49,
        "songDuration": 87.384,
        "songNumber": 51,
        "activePlayerCount": 160,
        "LinkVideo": "https://files.catbox.moe/ljdo2d.webm",
        "LinkMp3": "https://files.catbox.moe/q6qsdi.mp3",
        "annId": 16084,
        "songDifficulty": 16.629191726603835,
        "vintage": "Summer 2014",
        "correctPlayers": [
            "Hejsan",
            "EruisKawaii",
            "theyingster",
            "Vindstot",
            "peepiss"
        ]
    },
    {
        "animeEng": "Aria the Origination",
        "animeRomaji": "Aria the Origination",
        "songName": "Undine",
        "artist": "Yui Makino",
        "type": "Ending 3",
        "correctCount": 83,
        "startTime": 39,
        "songDuration": 216.055062,
        "songNumber": 52,
        "activePlayerCount": 160,
        "LinkVideo": "https://files.catbox.moe/k6xhfi.webm",
        "LinkMp3": "https://files.catbox.moe/94whmu.mp3",
        "annId": 8657,
        "songDifficulty": 32.66639298301826,
        "vintage": "Winter 2008"
    },
    {
        "animeEng": "Lime-iro Ryuukitan X",
        "animeRomaji": "Lime-iro Ryuukitan X",
        "songName": "Tasogare Shoujo",
        "artist": "Lime-tai ARMY",
        "type": "Ending 1",
        "correctCount": 0,
        "startTime": 20,
        "songDuration": 89.52,
        "songNumber": 53,
        "activePlayerCount": 161,
        "LinkVideo": "https://files.catbox.moe/ny7wg3.webm",
        "LinkMp3": "https://files.catbox.moe/59ons5.mp3",
        "annId": 4876,
        "songDifficulty": 9.231924074505446,
        "vintage": "Winter 2005"
    },
    {
        "animeEng": "Inazuma Eleven: Saikyou Gundan Ogre Shuurai",
        "animeRomaji": "Inazuma Eleven: Saikyou Gundan Ogre Shuurai",
        "songName": "Super Tachiagariyo!",
        "artist": "T-Pistonz+KMC",
        "type": "Opening 1",
        "correctCount": 10,
        "startTime": 47,
        "songDuration": 86.045868,
        "songNumber": 54,
        "activePlayerCount": 161,
        "LinkVideo": "https://files.catbox.moe/1ortm3.webm",
        "LinkMp3": "https://files.catbox.moe/r9vn6f.mp3",
        "annId": 11686,
        "songDifficulty": 16.27512261693638,
        "vintage": "Fall 2010"
    },
    {
        "animeEng": "Kakyuusei 2",
        "animeRomaji": "Kakyuusei 2: Hitomi no Naka no Shoujo-tachi",
        "songName": "waver leaf",
        "artist": "Yuuko Nagashima",
        "type": "Insert Song",
        "correctCount": 0,
        "startTime": 8,
        "songDuration": 58.826744,
        "songNumber": 55,
        "activePlayerCount": 158,
        "LinkVideo": "https://files.catbox.moe/f22c9r.webm",
        "LinkMp3": "https://files.catbox.moe/muehbh.mp3",
        "annId": 4487,
        "songDifficulty": 3.9547542821091066,
        "vintage": "Fall 2004"
    },
    {
        "animeEng": "The Magnificent Kotobuki",
        "animeRomaji": "Kouya no Kotobuki Hikoutai",
        "songName": "Elite Kyougyousha Uta",
        "artist": "Hiroshi Tsuchida",
        "type": "Insert Song",
        "correctCount": 17,
        "startTime": 9,
        "songDuration": 38.064,
        "songNumber": 56,
        "activePlayerCount": 158,
        "LinkVideo": "https://files.catbox.moe/rm7tal.webm",
        "LinkMp3": "https://files.catbox.moe/p9kbun.mp3",
        "annId": 21371,
        "songDifficulty": 14.25417381997566,
        "vintage": "Winter 2019"
    },
    {
        "animeEng": "Le Portrait de Petite Cossette",
        "animeRomaji": "Cossette no Shouzou",
        "songName": "Houseki",
        "artist": "Marina Inoue",
        "type": "Ending 1",
        "correctCount": 11,
        "startTime": 53,
        "songDuration": 179.904,
        "songNumber": 57,
        "activePlayerCount": 159,
        "LinkVideo": "https://files.catbox.moe/6ndwf3.webm",
        "LinkMp3": "https://files.catbox.moe/gzeqmm.mp3",
        "annId": 2908,
        "songDifficulty": 16.48322705890696,
        "vintage": "Spring 2004"
    },
    {
        "animeEng": "Trigun",
        "animeRomaji": "Trigun",
        "songName": "H.T.",
        "artist": "Tsuneo Imahori",
        "type": "Opening 1",
        "correctCount": 115,
        "startTime": 14,
        "songDuration": 90.456,
        "songNumber": 58,
        "activePlayerCount": 158,
        "LinkVideo": "https://files.catbox.moe/c3thi2.webm",
        "LinkMp3": "https://files.catbox.moe/epz2b6.mp3",
        "annId": 88,
        "songDifficulty": 44.42188175270108,
        "vintage": "Spring 1998"
    },
    {
        "animeEng": "Neo Angelique Abyss: Second Age",
        "animeRomaji": "Neo Angelique Abyss: Second Age",
        "songName": "SILENT DESTINY",
        "artist": "Orb Hunter 4",
        "type": "Opening 1",
        "correctCount": 5,
        "startTime": 14,
        "songDuration": 90.355998,
        "songNumber": 59,
        "activePlayerCount": 158,
        "LinkVideo": "https://files.catbox.moe/sicmqd.webm",
        "LinkMp3": "https://files.catbox.moe/ldma96.mp3",
        "annId": 10054,
        "songDifficulty": 10.8978173828125,
        "vintage": "Summer 2008",
        "correctPlayers": [
            "Lana_chan",
            "Rukawa11",
            "Stardew",
            "ShiroKuro",
            "thenoobster"
        ]
    },
    {
        "animeEng": "Theatre of Darkness: Yamishibai",
        "animeRomaji": "Yami Shibai",
        "songName": "Kekkai",
        "artist": "betcover!!",
        "type": "Ending 1",
        "correctCount": 22,
        "startTime": 0,
        "songDuration": 29.136,
        "songNumber": 60,
        "activePlayerCount": 157,
        "LinkVideo": "https://files.catbox.moe/pzwd4z.webm",
        "LinkMp3": "https://files.catbox.moe/a9zv2n.mp3",
        "annId": 22234,
        "songDifficulty": 16.788487694300517,
        "vintage": "Summer 2019"
    },
    {
        "animeEng": "Roku no Sekai",
        "animeRomaji": "Roku no Sekai",
        "songName": "Umi o Koete",
        "artist": "Kaho",
        "type": "Ending 1",
        "correctCount": 1,
        "startTime": 28,
        "songDuration": 71.232,
        "songNumber": 61,
        "activePlayerCount": 157,
        "LinkVideo": "https://files.catbox.moe/shx6i5.webm",
        "LinkMp3": "https://files.catbox.moe/x52gkt.mp3",
        "annId": 25827,
        "songDifficulty": 7.327586206896552,
        "vintage": "Winter 2014",
        "correctPlayers": [
            "thenoobster"
        ]
    },
    {
        "animeEng": "Pingu in the City",
        "animeRomaji": "Pingu in the City",
        "songName": "Ride The Rainbow",
        "artist": "Ken Arai",
        "type": "Ending 1",
        "correctCount": 69,
        "startTime": 1,
        "songDuration": 31.99945,
        "songNumber": 62,
        "activePlayerCount": 159,
        "LinkVideo": "https://files.catbox.moe/lr2e19.webm",
        "LinkMp3": "https://files.catbox.moe/0mtppi.mp3",
        "annId": 21191,
        "songDifficulty": 41.163879669216925,
        "vintage": "Fall 2017"
    },
    {
        "animeEng": "Haikyu!! To the Top",
        "animeRomaji": "Haikyu!! To the Top",
        "songName": "PHOENIX",
        "artist": "BURNOUT SYNDROMES",
        "type": "Opening 1",
        "correctCount": 105,
        "startTime": 36,
        "songDuration": 87.96,
        "songNumber": 63,
        "activePlayerCount": 160,
        "LinkVideo": "https://files.catbox.moe/gjhspn.webm",
        "LinkMp3": "https://files.catbox.moe/bo1zuu.mp3",
        "annId": 22438,
        "songDifficulty": 33.85260023014358,
        "vintage": "Winter 2020"
    },
    {
        "animeEng": "Don't Hurt Me, My Healer!",
        "animeRomaji": "Kono Healer, Mendokusai",
        "songName": "Jellyfish na Kimi e",
        "artist": "Aguri Oonishi",
        "type": "Opening 1",
        "correctCount": 20,
        "startTime": 36,
        "songDuration": 88.368,
        "songNumber": 64,
        "activePlayerCount": 161,
        "LinkVideo": "https://files.catbox.moe/3lennl.webm",
        "LinkMp3": "https://files.catbox.moe/9b7u1d.mp3",
        "annId": 24302,
        "songDifficulty": 19.48955376256515,
        "vintage": "Spring 2022"
    },
    {
        "animeEng": "Akame ga Kill!",
        "animeRomaji": "Akame ga Kill!",
        "songName": "Liar Mask",
        "artist": "Rika Mayama",
        "type": "Opening 2",
        "correctCount": 99,
        "startTime": 4,
        "songDuration": 89.568,
        "songNumber": 65,
        "activePlayerCount": 161,
        "LinkVideo": "https://files.catbox.moe/x1l7m9.webm",
        "LinkMp3": "https://files.catbox.moe/7jho5y.mp3",
        "annId": 15919,
        "songDifficulty": 42.63232109399713,
        "vintage": "Summer 2014"
    },
    {
        "animeEng": "Little Goblin",
        "animeRomaji": "Kaibutsu-kun",
        "songName": "Ore wa Kaibutsu-kun Da",
        "artist": "Fuyumi Shiraishi",
        "type": "Opening 1",
        "correctCount": 59,
        "startTime": 9,
        "songDuration": 50.885656,
        "songNumber": 66,
        "activePlayerCount": 161,
        "LinkVideo": "https://files.catbox.moe/b09mxr.webm",
        "LinkMp3": "https://files.catbox.moe/f3leb8.mp3",
        "annId": 1850,
        "songDifficulty": 23.563059519851823,
        "vintage": "Spring 1968"
    },
    {
        "animeEng": "GinRei",
        "animeRomaji": "Giant Robo: GinRei Special",
        "songName": "Love Fight",
        "artist": "Sumi Shimamoto",
        "type": "Opening 1",
        "correctCount": 3,
        "startTime": 29,
        "songDuration": 100.968,
        "songNumber": 67,
        "activePlayerCount": 162,
        "LinkVideo": "https://files.catbox.moe/c9sikk.webm",
        "LinkMp3": "https://files.catbox.moe/08m4hy.mp3",
        "annId": 3865,
        "songDifficulty": 5.546528168473813,
        "vintage": "Winter 1994",
        "correctPlayers": [
            "ESPERMINHA",
            "JuliAless64",
            "YYYYYYYYYYYYYYYY"
        ]
    },
    {
        "animeEng": "Kanon",
        "animeRomaji": "Kanon",
        "songName": "Last regrets",
        "artist": "Ayana",
        "type": "Insert Song",
        "correctCount": 82,
        "startTime": 86,
        "songDuration": 147.168,
        "songNumber": 68,
        "activePlayerCount": 162,
        "LinkVideo": "https://files.catbox.moe/iolbnq.webm",
        "LinkMp3": "https://files.catbox.moe/zijtw5.mp3",
        "annId": 313,
        "songDifficulty": 32.38195607490865,
        "vintage": "Winter 2002"
    },
    {
        "animeEng": "Aria the Scarlet Ammo",
        "animeRomaji": "Hidan no Aria",
        "songName": "Scarlet Ballet",
        "artist": "May'n",
        "type": "Opening 1",
        "correctCount": 86,
        "startTime": 28,
        "songDuration": 90.072,
        "songNumber": 69,
        "activePlayerCount": 162,
        "LinkVideo": "https://files.catbox.moe/1g56ki.webm",
        "LinkMp3": "https://files.catbox.moe/fnwm9r.mp3",
        "annId": 11451,
        "songDifficulty": 27.52510525808318,
        "vintage": "Spring 2011"
    },
    {
        "animeEng": "Pok\u00e9mon the Series: XYZ",
        "animeRomaji": "Pok\u00e9mon XY&Z",
        "songName": "V (Volt)",
        "artist": "Yusuke",
        "type": "Insert Song",
        "correctCount": 96,
        "startTime": 82,
        "songDuration": 125.064,
        "songNumber": 70,
        "activePlayerCount": 162,
        "LinkVideo": "https://files.catbox.moe/dgwunt.webm",
        "LinkMp3": "https://files.catbox.moe/lsrddy.mp3",
        "annId": 17650,
        "songDifficulty": 40.259634783929194,
        "vintage": "Fall 2015"
    },
    {
        "animeEng": "Four Seasons: Fuuka to Nanami",
        "animeRomaji": "Four Seasons: Fuuka to Nanami",
        "songName": "Let's Go For A Ride",
        "artist": "Atsuko Enomoto",
        "type": "Insert Song",
        "correctCount": 6,
        "startTime": 101,
        "songDuration": 234.984,
        "songNumber": 71,
        "activePlayerCount": 161,
        "LinkVideo": "https://files.catbox.moe/0ml6uv.webm",
        "LinkMp3": "https://files.catbox.moe/aa2rg3.mp3",
        "annId": 23254,
        "songDifficulty": 7.676577093880936,
        "vintage": "Fall 2015"
    },
    {
        "animeEng": "Dropkick on My Devil!! Dash",
        "animeRomaji": "Jashin-chan Dropkick'",
        "songName": "CHI\u2606TO\u2606SE Ai Uta",
        "artist": "Aina Suzuki & Miharu Hanai",
        "type": "Ending 3",
        "correctCount": 11,
        "startTime": 63,
        "songDuration": 142.104,
        "songNumber": 72,
        "activePlayerCount": 161,
        "LinkVideo": "https://files.catbox.moe/h74jd2.webm",
        "LinkMp3": "https://files.catbox.moe/6glyz2.mp3",
        "annId": 22563,
        "songDifficulty": 12.947078804347827,
        "vintage": "Spring 2020"
    },
    {
        "animeEng": "Amanchu!",
        "animeRomaji": "Amanchu!",
        "songName": "Million Clouds",
        "artist": "Maaya Sakamoto",
        "type": "Opening 1",
        "correctCount": 29,
        "startTime": 44,
        "songDuration": 95.52,
        "songNumber": 73,
        "activePlayerCount": 159,
        "LinkVideo": "https://files.catbox.moe/3hq89a.webm",
        "LinkMp3": "https://files.catbox.moe/qoq1mk.mp3",
        "annId": 17700,
        "songDifficulty": 19.843738421637642,
        "vintage": "Summer 2016"
    },
    {
        "animeEng": "Tokyo Ghoul: Root A",
        "animeRomaji": "Tokyo Ghoul \u221aA",
        "songName": "GLASSY SKY",
        "artist": "Donna Burke",
        "type": "Insert Song",
        "correctCount": 32,
        "startTime": 13,
        "songDuration": 143.688,
        "songNumber": 74,
        "activePlayerCount": 160,
        "LinkVideo": "https://files.catbox.moe/7moobe.webm",
        "LinkMp3": "https://files.catbox.moe/um9695.mp3",
        "annId": 16318,
        "songDifficulty": 23.33989411056127,
        "vintage": "Winter 2015"
    },
    {
        "animeEng": "Guilstein",
        "animeRomaji": "Guilstein",
        "songName": "Dreams Within(Main Theme)",
        "artist": "ATP",
        "type": "Opening 1",
        "correctCount": 3,
        "startTime": 12,
        "songDuration": 58.056,
        "songNumber": 75,
        "activePlayerCount": 161,
        "LinkVideo": "https://files.catbox.moe/3kkwos.webm",
        "LinkMp3": "https://files.catbox.moe/h7qf2o.mp3",
        "annId": 1985,
        "songDifficulty": 12.547986469072164,
        "vintage": "Spring 2002",
        "correctPlayers": [
            "Hejsan",
            "Ouiaboo",
            "Rukawa11"
        ]
    },
    {
        "animeEng": "Initial D: Fifth Stage",
        "animeRomaji": "Initial D: Fifth Stage",
        "songName": "THE TOP",
        "artist": "KEN BLAST",
        "type": "Insert Song",
        "correctCount": 28,
        "startTime": 177,
        "songDuration": 229.19835,
        "songNumber": 76,
        "activePlayerCount": 160,
        "LinkVideo": "https://files.catbox.moe/arsmo2.webm",
        "LinkMp3": "https://files.catbox.moe/yet36m.mp3",
        "annId": 14572,
        "songDifficulty": 25.4927913362286,
        "vintage": "Fall 2012"
    },
    {
        "animeEng": "True Tears",
        "animeRomaji": "True Tears",
        "songName": "Reflectia",
        "artist": "eufonius",
        "type": "Ending 2",
        "correctCount": 56,
        "startTime": 55,
        "songDuration": 89.28,
        "songNumber": 77,
        "activePlayerCount": 161,
        "LinkVideo": "https://files.catbox.moe/4qadpg.webm",
        "LinkMp3": "https://files.catbox.moe/18d6ul.mp3",
        "annId": 6257,
        "songDifficulty": 30.68012558411215,
        "vintage": "Winter 2008"
    },
    {
        "animeEng": "Aikatsu!",
        "animeRomaji": "Aikatsu!",
        "songName": "Idol Katsudou!",
        "artist": "Waka\u30fbRisuko from STAR\u2606ANIS",
        "type": "Insert Song",
        "correctCount": 74,
        "startTime": 10,
        "songDuration": 81.528,
        "songNumber": 78,
        "activePlayerCount": 160,
        "LinkVideo": "https://files.catbox.moe/0vx54x.webm",
        "LinkMp3": "https://files.catbox.moe/4feecy.mp3",
        "annId": 14566,
        "songDifficulty": 44.044492036679536,
        "vintage": "Fall 2012"
    },
    {
        "animeEng": "Sankarea",
        "animeRomaji": "Sankarea",
        "songName": "Esoragoto",
        "artist": "nano.RIPE",
        "type": "Opening 1",
        "correctCount": 69,
        "startTime": 35,
        "songDuration": 88.752,
        "songNumber": 79,
        "activePlayerCount": 160,
        "LinkVideo": "https://files.catbox.moe/ag7r05.webm",
        "LinkMp3": "https://files.catbox.moe/15yh2t.mp3",
        "annId": 13507,
        "songDifficulty": 25.09717290187056,
        "vintage": "Spring 2012"
    },
    {
        "animeEng": "Sparrow's Hotel",
        "animeRomaji": "Sparrow's Hotel",
        "songName": "Welcome to Sparrow's Hotel",
        "artist": "Minori Chihara & Haruka Nagashima",
        "type": "Opening 1",
        "correctCount": 50,
        "startTime": 0,
        "songDuration": 28.577468,
        "songNumber": 80,
        "activePlayerCount": 161,
        "LinkVideo": "https://files.catbox.moe/0uj0ba.webm",
        "LinkMp3": "https://files.catbox.moe/dfm5cm.mp3",
        "annId": 15153,
        "songDifficulty": 18.50922872107293,
        "vintage": "Spring 2013"
    },
    {
        "animeEng": "Invaders of the Rokujyoma!?",
        "animeRomaji": "Rokujouma no Shinryakusha!?",
        "songName": "Koukan Win-Win Mujouken",
        "artist": "Heart\u2661Invader",
        "type": "Opening 1",
        "correctCount": 38,
        "startTime": 59,
        "songDuration": 88.968,
        "songNumber": 81,
        "activePlayerCount": 162,
        "LinkVideo": "https://files.catbox.moe/rooyi4.webm",
        "LinkMp3": "https://files.catbox.moe/8szb95.mp3",
        "annId": 15865,
        "songDifficulty": 19.108488373755865,
        "vintage": "Summer 2014"
    },
    {
        "animeEng": "Digimon Adventure tri. Chapter 2: Determination",
        "animeRomaji": "Digimon Adventure tri. Ketsui",
        "songName": "brave heart~tri.Version~",
        "artist": "Ayumi Miyazaki",
        "type": "Insert Song",
        "correctCount": 59,
        "startTime": 172,
        "songDuration": 222.048,
        "songNumber": 82,
        "activePlayerCount": 162,
        "LinkVideo": "https://files.catbox.moe/268nso.webm",
        "LinkMp3": "https://files.catbox.moe/w6rd1i.mp3",
        "annId": 17848,
        "songDifficulty": 29.519904824668956,
        "vintage": "Winter 2016"
    },
    {
        "animeEng": "Rainy Cocoa",
        "animeRomaji": "Ame-iro Cocoa",
        "songName": "Rainy cocoa",
        "artist": "Hiro Shimono",
        "type": "Opening 1",
        "correctCount": 114,
        "startTime": 0,
        "songDuration": 29.4,
        "songNumber": 83,
        "activePlayerCount": 162,
        "LinkVideo": "https://files.catbox.moe/np1p5l.webm",
        "LinkMp3": "https://files.catbox.moe/cf8b8q.mp3",
        "annId": 16647,
        "songDifficulty": 30.38519284333788,
        "vintage": "Spring 2015"
    },
    {
        "animeEng": "One Piece",
        "animeRomaji": "One Piece",
        "songName": "Wake up!",
        "artist": "AAA",
        "type": "Opening 17",
        "correctCount": 66,
        "startTime": 42,
        "songDuration": 148.848,
        "songNumber": 84,
        "activePlayerCount": 163,
        "LinkVideo": "https://files.catbox.moe/425x16.webm",
        "LinkMp3": "https://files.catbox.moe/3vh811.mp3",
        "annId": 836,
        "songDifficulty": 52.72683919270833,
        "vintage": "Fall 1999"
    },
    {
        "animeEng": "Infinite Stratos 2",
        "animeRomaji": "IS: Infinite Stratos 2",
        "songName": "True Blue Traveler",
        "artist": "Minami Kuribayashi",
        "type": "Opening 1",
        "correctCount": 44,
        "startTime": 23,
        "songDuration": 89.064,
        "songNumber": 85,
        "activePlayerCount": 158,
        "LinkVideo": "https://files.catbox.moe/hyifl3.webm",
        "LinkMp3": "https://files.catbox.moe/c6wiv3.mp3",
        "annId": 15285,
        "songDifficulty": 18.25167812547878,
        "vintage": "Fall 2013"
    }
]