[
    {
        "animeEng": "BanG Dream! Girls Band Party! Pico",
        "animeRomaji": "BanG Dream! Garupa\u2606Pico",
        "songName": "Picotto! Papitto!! Garupa\u2606Pico!!!",
        "artist": "Aimi\u00d7Ayane Sakura\u00d7Ami Maeshima\u00d7Aina Aiba\u00d7Miku Itou",
        "type": "Ending 1",
        "correctCount": 122,
        "startTime": 0,
        "songDuration": 29.256,
        "songNumber": 1,
        "activePlayerCount": 174,
        "LinkVideo": "https://files.catbox.moe/bjqzq5.webm",
        "LinkMp3": "https://files.catbox.moe/g8obqg.mp3",
        "annId": 21290,
        "aniListId": 101632,
        "kitsuId": 41292,
        "malId": 37873,
        "songDifficulty": 42.31971299379446,
        "vintage": "Summer 2018"
    },
    {
        "animeEng": "My Teen Romantic Comedy SNAFU",
        "animeRomaji": "Oregairu",
        "songName": "Hello Alone -Yui Ballade-",
        "artist": "Nao Touyama",
        "type": "Ending 2",
        "correctCount": 87,
        "startTime": 44,
        "songDuration": 87.336,
        "songNumber": 2,
        "activePlayerCount": 187,
        "LinkVideo": "https://files.catbox.moe/8p0ugu.webm",
        "LinkMp3": "https://files.catbox.moe/zvd5xo.mp3",
        "annId": 14888,
        "aniListId": 14813,
        "kitsuId": 7169,
        "malId": 14813,
        "songDifficulty": 27.177250035095106,
        "vintage": "Spring 2013"
    },
    {
        "animeEng": "Heroines Run the Show",
        "animeRomaji": "Heroine Tarumono! Kiraware Heroine to Naisho no Oshigoto",
        "songName": "Ao e",
        "artist": "LIP\u00d7LIP",
        "type": "Insert Song",
        "correctCount": 32,
        "startTime": 3,
        "songDuration": 67.416,
        "songNumber": 3,
        "activePlayerCount": 191,
        "LinkVideo": "https://files.catbox.moe/hnh577.webm",
        "LinkMp3": "https://files.catbox.moe/x9x3am.mp3",
        "annId": 24673,
        "aniListId": 138459,
        "kitsuId": null,
        "malId": 49692,
        "songDifficulty": 33.051909911754,
        "vintage": "Spring 2022"
    },
    {
        "animeEng": "Detroit Metal City",
        "animeRomaji": "Detroit Metal City",
        "songName": "MIKE ALWAY'S DIARY",
        "artist": "Kahimi Karie",
        "type": "Insert Song",
        "correctCount": 18,
        "startTime": 0,
        "songDuration": 21.048,
        "songNumber": 4,
        "activePlayerCount": 190,
        "LinkVideo": "https://files.catbox.moe/bood67.webm",
        "LinkMp3": "https://files.catbox.moe/5i9xqq.mp3",
        "annId": 10172,
        "aniListId": 3702,
        "kitsuId": 3202,
        "malId": 3702,
        "songDifficulty": 9.914614818135245,
        "vintage": "Summer 2008"
    },
    {
        "animeEng": "Banana Fish",
        "animeRomaji": "Banana Fish",
        "songName": "RED",
        "artist": "Survive Said The Prophet",
        "type": "Ending 2",
        "correctCount": 43,
        "startTime": 47,
        "songDuration": 88.2,
        "songNumber": 5,
        "activePlayerCount": 193,
        "LinkVideo": "https://files.catbox.moe/5zgx2b.webm",
        "LinkMp3": "https://files.catbox.moe/xllnks.mp3",
        "annId": 20197,
        "aniListId": 100388,
        "kitsuId": 13988,
        "malId": 36649,
        "songDifficulty": 28.87898936170213,
        "vintage": "Summer 2018"
    },
    {
        "animeEng": "Aikatsu!",
        "animeRomaji": "Aikatsu!",
        "songName": "Aurora Princess",
        "artist": "Eri\u30fbWaka from STAR\u2606ANIS",
        "type": "Insert Song",
        "correctCount": 36,
        "startTime": 8,
        "songDuration": 114.864,
        "songNumber": 6,
        "activePlayerCount": 197,
        "LinkVideo": "https://files.catbox.moe/iwrvoe.webm",
        "LinkMp3": "https://files.catbox.moe/s4v2y4.mp3",
        "annId": 15597,
        "aniListId": 15061,
        "kitsuId": 7205,
        "malId": 15061,
        "songDifficulty": 28.066730710504885,
        "vintage": "Fall 2013"
    },
    {
        "animeEng": "AKB0048",
        "animeRomaji": "AKB0048 First Stage",
        "songName": "Oogoe Diamond",
        "artist": "AKB48",
        "type": "Insert Song",
        "correctCount": 94,
        "startTime": 101,
        "songDuration": 145.704,
        "songNumber": 7,
        "activePlayerCount": 200,
        "LinkVideo": "https://files.catbox.moe/a8bbvh.webm",
        "LinkMp3": "https://files.catbox.moe/hcw8ws.mp3",
        "annId": 13805,
        "aniListId": 12149,
        "kitsuId": 6678,
        "malId": 12149,
        "songDifficulty": 32.96735221789161,
        "vintage": "Spring 2012"
    },
    {
        "animeEng": "Macross 7",
        "animeRomaji": "Macross 7",
        "songName": "Totsugeki Love Heart ~Acoustic Version~",
        "artist": "Yoshiki Fukuyama",
        "type": "Ending 3",
        "correctCount": 64,
        "startTime": 31,
        "songDuration": 85.056,
        "songNumber": 8,
        "activePlayerCount": 202,
        "LinkVideo": "https://files.catbox.moe/tf3pwi.webm",
        "LinkMp3": "https://files.catbox.moe/sqqy4m.mp3",
        "annId": 940,
        "aniListId": 1397,
        "kitsuId": 1250,
        "malId": 1397,
        "songDifficulty": 28.7718768765012,
        "vintage": "Fall 1994"
    },
    {
        "animeEng": "Dr. Slump: Hoyoyo! Space Adventure",
        "animeRomaji": "Dr. Slump: Hoyoyo! Space Adventure",
        "songName": "Arale-chan Ondo",
        "artist": "Mami Koyama",
        "type": "Insert Song",
        "correctCount": 28,
        "startTime": 19,
        "songDuration": 128.232,
        "songNumber": 9,
        "activePlayerCount": 203,
        "LinkVideo": "https://files.catbox.moe/lus8yq.webm",
        "LinkMp3": "https://files.catbox.moe/pik8g6.mp3",
        "annId": 3636,
        "aniListId": 8546,
        "kitsuId": 5382,
        "malId": 8546,
        "songDifficulty": 8.753544248383621,
        "vintage": "Summer 1982"
    },
    {
        "animeEng": "JoJo's Bizarre Adventure: Diamond Is Unbreakable",
        "animeRomaji": "JoJo no Kimyou na Bouken: Diamond wa Kudakenai",
        "songName": "chase",
        "artist": "batta",
        "type": "Opening 3",
        "correctCount": 116,
        "startTime": 23,
        "songDuration": 71.736,
        "songNumber": 10,
        "activePlayerCount": 202,
        "LinkVideo": "https://files.catbox.moe/3zv11w.webm",
        "LinkMp3": "https://files.catbox.moe/fl9v95.mp3",
        "annId": 17832,
        "aniListId": 21450,
        "kitsuId": 11459,
        "malId": 31933,
        "songDifficulty": 43.18515141396759,
        "vintage": "Spring 2016"
    },
    {
        "animeEng": "Ojamajo Doremi Dokkaan",
        "animeRomaji": "Ojamajo Doremi Dokkaan",
        "songName": "Ojamajo Carnival!!",
        "artist": "MAHO-dou",
        "type": "Insert Song",
        "correctCount": 97,
        "startTime": 1,
        "songDuration": 89.232,
        "songNumber": 11,
        "activePlayerCount": 200,
        "LinkVideo": "https://files.catbox.moe/z3cr7g.webm",
        "LinkMp3": "https://files.catbox.moe/q1py9a.mp3",
        "annId": 1649,
        "aniListId": 353,
        "kitsuId": 320,
        "malId": 353,
        "songDifficulty": 36.73862953452797,
        "vintage": "Winter 2002"
    },
    {
        "animeEng": "Anoyo no Subete wa, Obakegumi!",
        "animeRomaji": "Anoyo no Subete wa, Obakegumi!",
        "songName": "Minerva",
        "artist": "sanaco",
        "type": "Ending 1",
        "correctCount": 13,
        "startTime": 0,
        "songDuration": 28.488,
        "songNumber": 12,
        "activePlayerCount": 204,
        "LinkVideo": "https://files.catbox.moe/axfil0.webm",
        "LinkMp3": "https://files.catbox.moe/r2t4n3.mp3",
        "annId": 23152,
        "aniListId": 116408,
        "kitsuId": 43080,
        "malId": 41440,
        "songDifficulty": 14.063712077572964,
        "vintage": "Spring 2020"
    },
    {
        "animeEng": "Ingress",
        "animeRomaji": "Ingress",
        "songName": "Tessellate",
        "artist": "alt-J",
        "type": "Opening 1",
        "correctCount": 30,
        "startTime": 57,
        "songDuration": 89.72907,
        "songNumber": 13,
        "activePlayerCount": 205,
        "LinkVideo": "https://files.catbox.moe/6arvjx.webm",
        "LinkMp3": "https://files.catbox.moe/hmt6oo.mp3",
        "annId": 21121,
        "aniListId": 101500,
        "kitsuId": 41030,
        "malId": 37438,
        "songDifficulty": 19.30764802631579,
        "vintage": "Fall 2018"
    },
    {
        "animeEng": "Yuki Yuna is A Hero: Great Mankai Chapter",
        "animeRomaji": "Yuuki Yuuna wa Yuusha de Aru: Dai-Mankai no Shou",
        "songName": "Hana no Mori",
        "artist": "Emi Evans",
        "type": "Insert Song",
        "correctCount": 14,
        "startTime": 40,
        "songDuration": 94.968,
        "songNumber": 14,
        "activePlayerCount": 205,
        "LinkVideo": "https://files.catbox.moe/qgm3fz.webm",
        "LinkMp3": "https://files.catbox.moe/nox99f.mp3",
        "annId": 23555,
        "aniListId": 122292,
        "kitsuId": 44333,
        "malId": 42587,
        "songDifficulty": 16.996117744164618,
        "vintage": "Fall 2021"
    },
    {
        "animeEng": "Love, Chunibyo & Other Delusions!",
        "animeRomaji": "Chu-2 Byo demo Koi ga Shitai!",
        "songName": "INSIDE IDENTITY",
        "artist": "Black Raison d'\u00eatre",
        "type": "Ending 1",
        "correctCount": 108,
        "startTime": 43,
        "songDuration": 88.92,
        "songNumber": 15,
        "activePlayerCount": 209,
        "LinkVideo": "https://files.catbox.moe/e38tmi.webm",
        "LinkMp3": "https://files.catbox.moe/usqxvq.mp3",
        "annId": 14448,
        "aniListId": 14741,
        "kitsuId": 7160,
        "malId": 14741,
        "songDifficulty": 24.297666442190884,
        "vintage": "Fall 2012"
    },
    {
        "animeEng": "FLCL",
        "animeRomaji": "Furi Kuri",
        "songName": "Advice",
        "artist": "the pillows",
        "type": "Insert Song",
        "correctCount": 93,
        "startTime": 18,
        "songDuration": 61.961384,
        "songNumber": 16,
        "activePlayerCount": 208,
        "LinkVideo": "https://files.catbox.moe/wzj1lj.webm",
        "LinkMp3": "https://files.catbox.moe/zwo69i.mp3",
        "annId": 277,
        "aniListId": 227,
        "kitsuId": 202,
        "malId": 227,
        "songDifficulty": 32.64153877971367,
        "vintage": "Spring 2000"
    },
    {
        "animeEng": "Gintama: The Movie",
        "animeRomaji": "Gintama: Shinyaku Benizakura-hen",
        "songName": "Bakuchi Dancer",
        "artist": "DOES",
        "type": "Ending 1",
        "correctCount": 117,
        "startTime": 79,
        "songDuration": 173.064,
        "songNumber": 17,
        "activePlayerCount": 208,
        "LinkVideo": "https://files.catbox.moe/lgsky5.webm",
        "LinkMp3": "https://files.catbox.moe/7vtjrs.mp3",
        "annId": 11152,
        "aniListId": 7472,
        "kitsuId": 4989,
        "malId": 7472,
        "songDifficulty": 36.6354223838273,
        "vintage": "Spring 2010"
    },
    {
        "animeEng": "Pok\u00e9mon Chronicles",
        "animeRomaji": "Pocket Monsters Side Story",
        "songName": "Pocketari Monstery",
        "artist": "Kana",
        "type": "Ending 5",
        "correctCount": 78,
        "startTime": 27,
        "songDuration": 80.403516,
        "songNumber": 18,
        "activePlayerCount": 208,
        "LinkVideo": "https://files.catbox.moe/wewoy1.webm",
        "LinkMp3": "https://files.catbox.moe/u0o805.mp3",
        "annId": 15668,
        "aniListId": 2363,
        "kitsuId": 2141,
        "malId": 2363,
        "songDifficulty": 36.86589429450758,
        "vintage": "Fall 2002"
    },
    {
        "animeEng": "Uta no\u2606Prince-sama\u266aMaji LOVE Revolutions",
        "animeRomaji": "Uta no\u2606Prince-sama\u266aMaji LOVE Revolutions",
        "songName": "Shine",
        "artist": "Mamoru Miyano",
        "type": "Opening 2",
        "correctCount": 14,
        "startTime": 5,
        "songDuration": 104.904,
        "songNumber": 19,
        "activePlayerCount": 208,
        "LinkVideo": "https://files.catbox.moe/npjbiv.webm",
        "LinkMp3": "https://files.catbox.moe/2p7paa.mp3",
        "annId": 16143,
        "aniListId": 20662,
        "kitsuId": 8143,
        "malId": 21439,
        "songDifficulty": 18.778222763446763,
        "vintage": "Spring 2015"
    },
    {
        "animeEng": "7SEEDS",
        "animeRomaji": "7SEEDS",
        "songName": "Ark",
        "artist": "Amatsuki",
        "type": "Opening 1",
        "correctCount": 46,
        "startTime": 36,
        "songDuration": 87.552,
        "songNumber": 20,
        "activePlayerCount": 208,
        "LinkVideo": "https://files.catbox.moe/eco7y9.webm",
        "LinkMp3": "https://files.catbox.moe/0ijdr7.mp3",
        "annId": 21601,
        "aniListId": 105807,
        "kitsuId": 42064,
        "malId": 38735,
        "songDifficulty": 16.308937855601336,
        "vintage": "Spring 2019"
    },
    {
        "animeEng": "Futari H: The One And Only Step Up Love Story",
        "animeRomaji": "Futari Ecchi",
        "songName": "Scarborough Fair",
        "artist": "Ayumi Tsunematsu",
        "type": "Insert Song",
        "correctCount": 8,
        "startTime": 0,
        "songDuration": 26.688,
        "songNumber": 21,
        "activePlayerCount": 208,
        "LinkVideo": "https://files.catbox.moe/fesl5w.webm",
        "LinkMp3": "https://files.catbox.moe/afxg6n.mp3",
        "annId": 16212,
        "aniListId": 21280,
        "kitsuId": 8763,
        "malId": 23985,
        "songDifficulty": 9.029462738301559,
        "vintage": "Fall 2014"
    },
    {
        "animeEng": "The Quintessential Quintuplets",
        "animeRomaji": "Gotoubun no Hanayome",
        "songName": "Gotoubun no Kimochi",
        "artist": "Nakano-ke no Itsutsugo",
        "type": "Opening 1",
        "correctCount": 161,
        "startTime": 3,
        "songDuration": 89.064,
        "songNumber": 22,
        "activePlayerCount": 208,
        "LinkVideo": "https://files.catbox.moe/uctz6h.webm",
        "LinkMp3": "https://files.catbox.moe/p6wnbe.mp3",
        "annId": 21514,
        "aniListId": 103572,
        "kitsuId": 41966,
        "malId": 38101,
        "songDifficulty": 45.70214221735669,
        "vintage": "Winter 2019"
    },
    {
        "animeEng": "Love Live! Sunshine!! The School Idol Movie Over the Rainbow",
        "animeRomaji": "Love Live! Sunshine!! The School Idol Movie Over the Rainbow",
        "songName": "Kiseki Hikaru",
        "artist": "Aqours",
        "type": "Insert Song",
        "correctCount": 8,
        "startTime": 17,
        "songDuration": 118.032,
        "songNumber": 23,
        "activePlayerCount": 208,
        "LinkVideo": "https://files.catbox.moe/upolci.webm",
        "LinkMp3": "https://files.catbox.moe/bdzo2l.mp3",
        "annId": 21110,
        "aniListId": 100965,
        "kitsuId": 14188,
        "malId": 37027,
        "songDifficulty": 22.84660938613685,
        "vintage": "Winter 2019"
    },
    {
        "animeEng": "Girlish Number",
        "animeRomaji": "gi(a)rlish number",
        "songName": "Ketsui no Daiya",
        "artist": "kohaluna",
        "type": "Opening 1",
        "correctCount": 19,
        "startTime": 54,
        "songDuration": 88.368,
        "songNumber": 24,
        "activePlayerCount": 207,
        "LinkVideo": "https://files.catbox.moe/h556nl.webm",
        "LinkMp3": "https://files.catbox.moe/pxbtzd.mp3",
        "annId": 18676,
        "aniListId": 21627,
        "kitsuId": 11793,
        "malId": 32607,
        "songDifficulty": 12.269387479656986,
        "vintage": "Fall 2016"
    },
    {
        "animeEng": "To the Abandoned Sacred Beasts",
        "animeRomaji": "Katsute Kami Datta Kemono-tachi e",
        "songName": "Beatrice's Lullaby",
        "artist": "Saori Hayami",
        "type": "Insert Song",
        "correctCount": 12,
        "startTime": 3,
        "songDuration": 67.128,
        "songNumber": 25,
        "activePlayerCount": 208,
        "LinkVideo": "https://files.catbox.moe/mqsfid.webm",
        "LinkMp3": "https://files.catbox.moe/ftbpha.mp3",
        "annId": 21778,
        "aniListId": 107672,
        "kitsuId": 42268,
        "malId": 39199,
        "songDifficulty": 9.169036743650398,
        "vintage": "Summer 2019"
    },
    {
        "animeEng": "Madlax",
        "animeRomaji": "Madlax",
        "songName": "nowhere",
        "artist": "FictionJunction YUUKA with Kaori Nishina",
        "type": "Insert Song",
        "correctCount": 17,
        "startTime": 114,
        "songDuration": 189.018792,
        "songNumber": 26,
        "activePlayerCount": 207,
        "LinkVideo": "https://files.catbox.moe/3mz9yy.webm",
        "LinkMp3": "https://files.catbox.moe/lyabk2.mp3",
        "annId": 3714,
        "aniListId": 252,
        "kitsuId": 227,
        "malId": 252,
        "songDifficulty": 19.9998241329612,
        "vintage": "Spring 2004"
    },
    {
        "animeEng": "Umineko: When They Cry",
        "animeRomaji": "Umineko no Naku Koro ni",
        "songName": "Katayoku no Tori",
        "artist": "Akiko Shikata",
        "type": "Opening 1",
        "correctCount": 99,
        "startTime": 41,
        "songDuration": 89.4,
        "songNumber": 27,
        "activePlayerCount": 209,
        "LinkVideo": "https://files.catbox.moe/w6wlyz.webm",
        "LinkMp3": "https://files.catbox.moe/2ugoad.mp3",
        "annId": 10168,
        "aniListId": 4896,
        "kitsuId": 3839,
        "malId": 4896,
        "songDifficulty": 36.468702109211165,
        "vintage": "Summer 2009"
    },
    {
        "animeEng": "Lord El-Melloi II's Case Files {Rail Zeppelin} Grace Note",
        "animeRomaji": "Lord El-Melloi II-sei no Jikenbo: Rail Zeppelin Grace Note",
        "songName": "starting the case: Rail Zeppelin",
        "artist": "Yuki Kajiura",
        "type": "Opening 1",
        "correctCount": 117,
        "startTime": 16,
        "songDuration": 86.928,
        "songNumber": 28,
        "activePlayerCount": 209,
        "LinkVideo": "https://files.catbox.moe/0ku6t5.webm",
        "LinkMp3": "https://files.catbox.moe/0wvtei.mp3",
        "annId": 21727,
        "aniListId": 106918,
        "kitsuId": 42092,
        "malId": 38959,
        "songDifficulty": 33.50174472184987,
        "vintage": "Summer 2019"
    },
    {
        "animeEng": "Sugar Sugar Rune",
        "animeRomaji": "Sugar Sugar Rune",
        "songName": "Date\u2605Date",
        "artist": "Marika Matsumoto & Juri Ihata",
        "type": "Ending 2",
        "correctCount": 13,
        "startTime": 44,
        "songDuration": 89.256,
        "songNumber": 29,
        "activePlayerCount": 209,
        "LinkVideo": "https://files.catbox.moe/na61kz.webm",
        "LinkMp3": "https://files.catbox.moe/buufve.mp3",
        "annId": 5334,
        "aniListId": 1642,
        "kitsuId": 1477,
        "malId": 1642,
        "songDifficulty": 24.184081222390944,
        "vintage": "Summer 2005"
    },
    {
        "animeEng": "H2O: Footprints in the Sand",
        "animeRomaji": "H2O: Footprints in the Sand",
        "songName": "Switch On\u266a",
        "artist": "Yui Sakakibara",
        "type": "Insert Song",
        "correctCount": 4,
        "startTime": 64,
        "songDuration": 165.378382,
        "songNumber": 30,
        "activePlayerCount": 207,
        "LinkVideo": "https://files.catbox.moe/dgpbwn.webm",
        "LinkMp3": "https://files.catbox.moe/w62f2k.mp3",
        "annId": 8786,
        "aniListId": 3299,
        "kitsuId": 2918,
        "malId": 3299,
        "songDifficulty": 14.216809492086563,
        "vintage": "Winter 2008",
        "correctPlayers": [
            "EruisKawaii",
            "KaedeTakagaki",
            "Keiko",
            "watashiii"
        ]
    },
    {
        "animeEng": "Tsubasa RESERVoir CHRoNiCLE",
        "animeRomaji": "Tsubasa RESERVoir CHRoNiCLE",
        "songName": "Tsuki no Shijima",
        "artist": "Yui Makino",
        "type": "Insert Song",
        "correctCount": 14,
        "startTime": 73,
        "songDuration": 280.872,
        "songNumber": 31,
        "activePlayerCount": 208,
        "LinkVideo": "https://files.catbox.moe/ucamby.webm",
        "LinkMp3": "https://files.catbox.moe/zw13uo.mp3",
        "annId": 4591,
        "aniListId": 177,
        "kitsuId": 154,
        "malId": 177,
        "songDifficulty": 11.117271965713863,
        "vintage": "Spring 2005"
    },
    {
        "animeEng": "School Days: Valentine Days",
        "animeRomaji": "School Days: Valentine Days",
        "songName": "Innocent Blue",
        "artist": "DeviceHigh",
        "type": "Opening 1",
        "correctCount": 117,
        "startTime": 18,
        "songDuration": 89.568,
        "songNumber": 32,
        "activePlayerCount": 209,
        "LinkVideo": "https://files.catbox.moe/87oiu1.webm",
        "LinkMp3": "https://files.catbox.moe/bdur0m.mp3",
        "annId": 11322,
        "aniListId": 3759,
        "kitsuId": 3235,
        "malId": 3759,
        "songDifficulty": 36.539908350684115,
        "vintage": "Winter 2008"
    },
    {
        "animeEng": "Fuuka",
        "animeRomaji": "Fuuka",
        "songName": "Climber's High!",
        "artist": "Lynn",
        "type": "Insert Song",
        "correctCount": 95,
        "startTime": 43,
        "songDuration": 167.112,
        "songNumber": 33,
        "activePlayerCount": 209,
        "LinkVideo": "https://files.catbox.moe/i1j0q8.webm",
        "LinkMp3": "https://files.catbox.moe/nfz0ed.mp3",
        "annId": 18879,
        "aniListId": 21887,
        "kitsuId": 12460,
        "malId": 33743,
        "songDifficulty": 32.09293659716544,
        "vintage": "Winter 2017"
    },
    {
        "animeEng": "Eiga Precure All Stars: Haru no Carnival",
        "animeRomaji": "Eiga Precure All Stars: Haru no Carnival",
        "songName": "Wonderful\u2191Powerful\u2191Music!!",
        "artist": "Aya Ikeda",
        "type": "Insert Song",
        "correctCount": 30,
        "startTime": 5,
        "songDuration": 88.248,
        "songNumber": 34,
        "activePlayerCount": 209,
        "LinkVideo": "https://files.catbox.moe/1owvzs.webm",
        "LinkMp3": "https://files.catbox.moe/ppyqkc.mp3",
        "annId": 16727,
        "aniListId": 21137,
        "kitsuId": 10133,
        "malId": 28511,
        "songDifficulty": 27.13231557377049,
        "vintage": "Winter 2015"
    },
    {
        "animeEng": "Speed Racer X",
        "animeRomaji": "Mach Go Go Go",
        "songName": "Mach Go Go Go 1997",
        "artist": "Kentaro Hayami",
        "type": "Opening 2",
        "correctCount": 141,
        "startTime": 60,
        "songDuration": 88.968,
        "songNumber": 35,
        "activePlayerCount": 209,
        "LinkVideo": "https://files.catbox.moe/mbdydh.webm",
        "LinkMp3": "https://files.catbox.moe/jygumj.mp3",
        "annId": 1445,
        "aniListId": 3571,
        "kitsuId": 3112,
        "malId": 3571,
        "songDifficulty": 28.805033640533058,
        "vintage": "Winter 1997"
    },
    {
        "animeEng": "The Wallflower",
        "animeRomaji": "Yamato Nadeshiko Shichihenge",
        "songName": "Carnation",
        "artist": "Kiyoharu",
        "type": "Ending 1",
        "correctCount": 15,
        "startTime": 19,
        "songDuration": 82.728,
        "songNumber": 36,
        "activePlayerCount": 211,
        "LinkVideo": "https://files.catbox.moe/b4gltu.webm",
        "LinkMp3": "https://files.catbox.moe/izcg0n.mp3",
        "annId": 6818,
        "aniListId": 1562,
        "kitsuId": 1402,
        "malId": 1562,
        "songDifficulty": 17.31709301511758,
        "vintage": "Fall 2006"
    },
    {
        "animeEng": "A Certain Scientific Railgun S",
        "animeRomaji": "Toaru Kagaku no Railgun S",
        "songName": "eternal reality",
        "artist": "fripSide",
        "type": "Opening 2",
        "correctCount": 109,
        "startTime": 49,
        "songDuration": 88.536,
        "songNumber": 37,
        "activePlayerCount": 212,
        "LinkVideo": "https://files.catbox.moe/g2oa3p.webm",
        "LinkMp3": "https://files.catbox.moe/gfsp2i.mp3",
        "annId": 14853,
        "aniListId": 16049,
        "kitsuId": 7366,
        "malId": 16049,
        "songDifficulty": 29.975710384101344,
        "vintage": "Spring 2013"
    },
    {
        "animeEng": "The Melancholy of Haruhi Suzumiya",
        "animeRomaji": "Suzumiya Haruhi no Yuuutsu",
        "songName": "Lost my music",
        "artist": "Aya Hirano",
        "type": "Insert Song",
        "correctCount": 102,
        "startTime": 26,
        "songDuration": 79.032,
        "songNumber": 38,
        "activePlayerCount": 214,
        "LinkVideo": "https://files.catbox.moe/ylfkie.webm",
        "LinkMp3": "https://files.catbox.moe/fl0p57.mp3",
        "annId": 6430,
        "aniListId": 849,
        "kitsuId": 751,
        "malId": 849,
        "songDifficulty": 31.5915722425989,
        "vintage": "Spring 2006"
    },
    {
        "animeEng": "Yatterman",
        "animeRomaji": "Yatterman",
        "songName": "Yatterman no Uta",
        "artist": "ET-KING",
        "type": "Opening 2",
        "correctCount": 19,
        "startTime": 32,
        "songDuration": 65.879684,
        "songNumber": 39,
        "activePlayerCount": 216,
        "LinkVideo": "https://files.catbox.moe/ar5o8j.webm",
        "LinkMp3": "https://files.catbox.moe/3nj1iz.mp3",
        "annId": 8783,
        "aniListId": 3295,
        "kitsuId": 2915,
        "malId": 3295,
        "songDifficulty": 30.43300653594771,
        "vintage": "Winter 2008"
    },
    {
        "animeEng": "Seven Mortal Sins",
        "animeRomaji": "Sin: Nanatsu no Taizai",
        "songName": "Welcome to our diabolic paradise",
        "artist": "Mia REGINA",
        "type": "Ending 1",
        "correctCount": 21,
        "startTime": 34,
        "songDuration": 88.032,
        "songNumber": 40,
        "activePlayerCount": 215,
        "LinkVideo": "https://files.catbox.moe/cjbdaz.webm",
        "LinkMp3": "https://files.catbox.moe/i9kq7w.mp3",
        "annId": 18689,
        "aniListId": 20705,
        "kitsuId": 12540,
        "malId": 33834,
        "songDifficulty": 18.98086566272636,
        "vintage": "Spring 2017"
    },
    {
        "animeEng": "Idol Incidents",
        "animeRomaji": "Idol Jihen",
        "songName": "Utae! Ai no Kouyaku",
        "artist": "SMILE\u2665X",
        "type": "Opening 1",
        "correctCount": 16,
        "startTime": 1,
        "songDuration": 90.072,
        "songNumber": 41,
        "activePlayerCount": 215,
        "LinkVideo": "https://files.catbox.moe/vq7w8p.webm",
        "LinkMp3": "https://files.catbox.moe/sp01b7.mp3",
        "annId": 18859,
        "aniListId": 97618,
        "kitsuId": 12596,
        "malId": 34028,
        "songDifficulty": 14.313108179492882,
        "vintage": "Winter 2017"
    },
    {
        "animeEng": "Crayon Shin-chan: Arashi o Yobu Eikou no Yakiniku Road",
        "animeRomaji": "Crayon Shin-chan: Arashi o Yobu Eikou no Yakiniku Road",
        "songName": "Konna Toki Koso Yakiniku ga Aru",
        "artist": "Nohara Ie All Stars",
        "type": "Ending 1",
        "correctCount": 179,
        "startTime": 24,
        "songDuration": 171.552,
        "songNumber": 42,
        "activePlayerCount": 217,
        "LinkVideo": "https://files.catbox.moe/ypuqre.webm",
        "LinkMp3": "https://files.catbox.moe/f1zo8h.mp3",
        "annId": 6749,
        "aniListId": 8363,
        "kitsuId": 5312,
        "malId": 8363,
        "songDifficulty": 30.412263127363357,
        "vintage": "Spring 2003"
    },
    {
        "animeEng": "My Hero Academia",
        "animeRomaji": "Boku no Hero Academia",
        "songName": "THE DAY",
        "artist": "Porno Graffitti",
        "type": "Opening 1",
        "correctCount": 186,
        "startTime": 52,
        "songDuration": 89.568,
        "songNumber": 43,
        "activePlayerCount": 218,
        "LinkVideo": "https://files.catbox.moe/qropjh.webm",
        "LinkMp3": "https://files.catbox.moe/jzrvwn.mp3",
        "annId": 17786,
        "aniListId": 21459,
        "kitsuId": 11469,
        "malId": 31964,
        "songDifficulty": 66.19352337659579,
        "vintage": "Spring 2016"
    },
    {
        "animeEng": "Beyond the Boundary: I'll Be Here - Past",
        "animeRomaji": "Gekijouban Kyoukai no Kanata: I'll Be Here - Kako-hen",
        "songName": "Daisy",
        "artist": "STEREO DIVE FOUNDATION",
        "type": "Ending 1",
        "correctCount": 149,
        "startTime": 145,
        "songDuration": 235.896,
        "songNumber": 44,
        "activePlayerCount": 218,
        "LinkVideo": "https://files.catbox.moe/tlyh3c.webm",
        "LinkMp3": "https://files.catbox.moe/7s0lsw.mp3",
        "annId": 16980,
        "aniListId": 20768,
        "kitsuId": 8735,
        "malId": 25015,
        "songDifficulty": 42.231049833741686,
        "vintage": "Winter 2015"
    },
    {
        "animeEng": "Gear Fighter Dendoh",
        "animeRomaji": "Gear Senshi Dendoh",
        "songName": "W-Infinity",
        "artist": "Hitomi Mieno with Hironobu Kageyama",
        "type": "Opening 1",
        "correctCount": 14,
        "startTime": 42,
        "songDuration": 88.944,
        "songNumber": 45,
        "activePlayerCount": 218,
        "LinkVideo": "https://files.catbox.moe/i224f3.webm",
        "LinkMp3": "https://files.catbox.moe/ddtkev.mp3",
        "annId": 2211,
        "aniListId": 2484,
        "kitsuId": 2254,
        "malId": 2484,
        "songDifficulty": 15.295710105640357,
        "vintage": "Fall 2000"
    },
    {
        "animeEng": "Megumi to Taiyou III: Kajuu Gummi Tweet Fantasy",
        "animeRomaji": "Megumi to Taiyou III: Kajuu Gummi Tweet Fantasy Timeline World",
        "songName": "Happy Half Year!",
        "artist": "Kana Nishino",
        "type": "Ending 1",
        "correctCount": 13,
        "startTime": 98,
        "songDuration": 189.096,
        "songNumber": 46,
        "activePlayerCount": 218,
        "LinkVideo": "https://files.catbox.moe/76n1xh.webm",
        "LinkMp3": "https://files.catbox.moe/usameq.mp3",
        "annId": 23878,
        "aniListId": 115003,
        "kitsuId": 8694,
        "malId": 25491,
        "songDifficulty": 13.249079337868604,
        "vintage": "Spring 2012"
    },
    {
        "animeEng": "Legend of Crystania: The Motion Picture",
        "animeRomaji": "Hajimari no Boukensha-tachi: Legend of Crystania",
        "songName": "Save My Love",
        "artist": "Satoko Shimonari",
        "type": "Insert Song",
        "correctCount": 6,
        "startTime": 36,
        "songDuration": 109.176,
        "songNumber": 47,
        "activePlayerCount": 218,
        "LinkVideo": "https://files.catbox.moe/zs56hf.webm",
        "LinkMp3": "https://files.catbox.moe/g2feji.mp3",
        "annId": 482,
        "aniListId": 515,
        "kitsuId": 474,
        "malId": 515,
        "songDifficulty": 9.195545763072401,
        "vintage": "Summer 1995"
    },
    {
        "animeEng": "Chargeman Ken!",
        "animeRomaji": "Chargeman Ken!",
        "songName": "Ken to Caron no Uta",
        "artist": "Osamu Miyagawa & Hibari Jidou Gasshou-dan",
        "type": "Insert Song",
        "correctCount": 14,
        "startTime": 16,
        "songDuration": 49.128,
        "songNumber": 48,
        "activePlayerCount": 215,
        "LinkVideo": "https://files.catbox.moe/td9y1s.webm",
        "LinkMp3": "https://files.catbox.moe/qctplt.mp3",
        "annId": 1242,
        "aniListId": 6383,
        "kitsuId": 4541,
        "malId": 6383,
        "songDifficulty": 12.172880772534358,
        "vintage": "Summer 1973"
    },
    {
        "animeEng": "Ghost in the Shell: Stand Alone Complex 2nd GIG",
        "animeRomaji": "Koukaku Kidoutai S.A.C. 2nd GIG",
        "songName": "I Do",
        "artist": "Ilaria Graziano",
        "type": "Insert Song",
        "correctCount": 12,
        "startTime": 108,
        "songDuration": 263.04,
        "songNumber": 49,
        "activePlayerCount": 216,
        "LinkVideo": "https://files.catbox.moe/7hmyj6.webm",
        "LinkMp3": "https://files.catbox.moe/y0kt6w.mp3",
        "annId": 8495,
        "aniListId": 801,
        "kitsuId": 715,
        "malId": 801,
        "songDifficulty": 19.782610835873985,
        "vintage": "Winter 2004"
    },
    {
        "animeEng": "Hitorigurashi no Shougakusei",
        "animeRomaji": "Hitorigurashi no Shougakusei",
        "songName": "Hitorigurashi no Shougakusei",
        "artist": "Hiroko Kasahara",
        "type": "Opening 1",
        "correctCount": 31,
        "startTime": 0,
        "songDuration": 18.96,
        "songNumber": 50,
        "activePlayerCount": 217,
        "LinkVideo": "https://files.catbox.moe/84o8n8.webm",
        "LinkMp3": "https://files.catbox.moe/aq8kni.mp3",
        "annId": 23223,
        "aniListId": 98615,
        "kitsuId": 13917,
        "malId": 35235,
        "songDifficulty": 14.40554643899036,
        "vintage": "Fall 2017"
    },
    {
        "animeEng": "Hakata Tonkotsu Ramens",
        "animeRomaji": "Hakata Tonkotsu Ramens",
        "songName": "DIRTY BULLET",
        "artist": "TRI4TH",
        "type": "Ending 1",
        "correctCount": 42,
        "startTime": 8,
        "songDuration": 89.52,
        "songNumber": 51,
        "activePlayerCount": 217,
        "LinkVideo": "https://files.catbox.moe/3otrrj.webm",
        "LinkMp3": "https://files.catbox.moe/cm7bv1.mp3",
        "annId": 20014,
        "aniListId": 99483,
        "kitsuId": 14024,
        "malId": 35889,
        "songDifficulty": 21.507724743150685,
        "vintage": "Winter 2018"
    },
    {
        "animeEng": "BanG Dream! Poppin'Dream!",
        "animeRomaji": "BanG Dream! Poppin'Dream!",
        "songName": "Time Lapse",
        "artist": "Poppin'Party",
        "type": "Insert Song",
        "correctCount": 16,
        "startTime": 51,
        "songDuration": 120.974,
        "songNumber": 52,
        "activePlayerCount": 218,
        "LinkVideo": "https://files.catbox.moe/y367bp.webm",
        "annId": 23929,
        "aniListId": 117765,
        "kitsuId": null,
        "malId": 41782,
        "songDifficulty": 47.82608695652174,
        "vintage": "Winter 2022"
    },
    {
        "animeEng": "Demon Slayer: Kimetsu no Yaiba Entertainment District Arc",
        "animeRomaji": "Kimetsu no Yaiba: Yuukaku-hen",
        "songName": "Zankyou Sanka",
        "artist": "Aimer",
        "type": "Opening 1",
        "correctCount": 182,
        "startTime": 58,
        "songDuration": 86.28,
        "songNumber": 53,
        "activePlayerCount": 217,
        "LinkVideo": "https://files.catbox.moe/rrljjp.webm",
        "LinkMp3": "https://files.catbox.moe/grz22a.mp3",
        "annId": 24043,
        "aniListId": 142329,
        "kitsuId": 44081,
        "malId": 47778,
        "songDifficulty": 45.18023855577047,
        "vintage": "Fall 2021"
    },
    {
        "animeEng": "Black Clover",
        "animeRomaji": "Black Clover",
        "songName": "JUSTadICE",
        "artist": "Seiko Oomori",
        "type": "Opening 7",
        "correctCount": 106,
        "startTime": 26,
        "songDuration": 88.68,
        "songNumber": 54,
        "activePlayerCount": 217,
        "LinkVideo": "https://files.catbox.moe/t7qi58.webm",
        "LinkMp3": "https://files.catbox.moe/mhd33m.mp3",
        "annId": 19743,
        "aniListId": 97940,
        "kitsuId": 13209,
        "malId": 34572,
        "songDifficulty": 44.9831370691211,
        "vintage": "Fall 2017"
    },
    {
        "animeEng": "How Not to Summon a Demon Lord \u03a9",
        "animeRomaji": "Isekai Maou to Shoukan Shoujo no Dorei Majutsu \u03a9",
        "songName": "YOU YOU YOU",
        "artist": "Yuu Serizawa with DJ KOO & MOTSU",
        "type": "Ending 1",
        "correctCount": 129,
        "startTime": 22,
        "songDuration": 89.568,
        "songNumber": 55,
        "activePlayerCount": 218,
        "LinkVideo": "https://files.catbox.moe/tyqaaq.webm",
        "LinkMp3": "https://files.catbox.moe/cg1x7n.mp3",
        "annId": 23505,
        "aniListId": 117448,
        "kitsuId": 43118,
        "malId": 41623,
        "songDifficulty": 32.470533908533405,
        "vintage": "Spring 2021"
    },
    {
        "animeEng": "Winter Sonata",
        "animeRomaji": "Fuyu no Sonata",
        "songName": "Itsudemo Tada Kimi wo",
        "artist": "Lee Se-Jun",
        "type": "Ending 1",
        "correctCount": 24,
        "startTime": 41,
        "songDuration": 76.746436,
        "songNumber": 56,
        "activePlayerCount": 218,
        "LinkVideo": "https://files.catbox.moe/ot47ui.webm",
        "LinkMp3": "https://files.catbox.moe/co5kky.mp3",
        "annId": 9706,
        "aniListId": 4189,
        "kitsuId": 3511,
        "malId": 4189,
        "songDifficulty": 22.594666969119096,
        "vintage": "Fall 2009"
    },
    {
        "animeEng": "Sword Art Online",
        "animeRomaji": "Sword Art Online",
        "songName": "Overfly",
        "artist": "Luna Haruna",
        "type": "Ending 2",
        "correctCount": 161,
        "startTime": 52,
        "songDuration": 90.014094,
        "songNumber": 57,
        "activePlayerCount": 218,
        "LinkVideo": "https://files.catbox.moe/79tw9e.webm",
        "LinkMp3": "https://files.catbox.moe/6ldw33.mp3",
        "annId": 13858,
        "aniListId": 11757,
        "kitsuId": 6589,
        "malId": 11757,
        "songDifficulty": 25.479883756038646,
        "vintage": "Summer 2012"
    },
    {
        "animeEng": "Gundam Reconguista in G",
        "animeRomaji": "Gundam: G no Reconguista",
        "songName": "BLAZING",
        "artist": "GARNiDELiA",
        "type": "Opening 1",
        "correctCount": 52,
        "startTime": 40,
        "songDuration": 88.68,
        "songNumber": 58,
        "activePlayerCount": 218,
        "LinkVideo": "https://files.catbox.moe/tfl545.webm",
        "LinkMp3": "https://files.catbox.moe/f2eql2.mp3",
        "annId": 16104,
        "aniListId": 20658,
        "kitsuId": 8391,
        "malId": 23259,
        "songDifficulty": 24.712955284419337,
        "vintage": "Summer 2014"
    },
    {
        "animeEng": "JoJo's Bizarre Adventure: Stardust Crusaders",
        "animeRomaji": "JoJo no Kimyou na Bouken: Stardust Crusaders",
        "songName": "STAND PROUD",
        "artist": "Jin Hashimoto",
        "type": "Opening 1",
        "correctCount": 175,
        "startTime": 42,
        "songDuration": 88.728,
        "songNumber": 59,
        "activePlayerCount": 219,
        "LinkVideo": "https://files.catbox.moe/2ibbh9.webm",
        "LinkMp3": "https://files.catbox.moe/0gw6ru.mp3",
        "annId": 15692,
        "aniListId": 20474,
        "kitsuId": 8063,
        "malId": 20899,
        "songDifficulty": 56.46470258370026,
        "vintage": "Spring 2014"
    },
    {
        "animeEng": "Digimon Adventure",
        "animeRomaji": "Digimon Adventure",
        "songName": "Seven",
        "artist": "Kouji Wada",
        "type": "Insert Song",
        "correctCount": 40,
        "startTime": 31,
        "songDuration": 124.584,
        "songNumber": 60,
        "activePlayerCount": 218,
        "LinkVideo": "https://files.catbox.moe/l9idwi.webm",
        "LinkMp3": "https://files.catbox.moe/lowtc3.mp3",
        "annId": 794,
        "aniListId": 552,
        "kitsuId": 509,
        "malId": 552,
        "songDifficulty": 20.002029806581987,
        "vintage": "Winter 1999"
    },
    {
        "animeEng": "BECK: Mongolian Chop Squad",
        "animeRomaji": "BECK: Mongolian Chop Squad",
        "songName": "JOURNEY",
        "artist": "miya38",
        "type": "Insert Song",
        "correctCount": 96,
        "startTime": 10,
        "songDuration": 48.769774,
        "songNumber": 61,
        "activePlayerCount": 219,
        "LinkVideo": "https://files.catbox.moe/p94rfr.webm",
        "LinkMp3": "https://files.catbox.moe/5unqd6.mp3",
        "annId": 4404,
        "aniListId": 57,
        "kitsuId": 38,
        "malId": 57,
        "songDifficulty": 32.57416754063975,
        "vintage": "Fall 2004"
    },
    {
        "animeEng": "Digimon Adventure 02",
        "animeRomaji": "Digimon Adventure 02",
        "songName": "Butter-Fly",
        "artist": "Kouji Wada",
        "type": "Insert Song",
        "correctCount": 144,
        "startTime": 94,
        "songDuration": 142.68,
        "songNumber": 62,
        "activePlayerCount": 220,
        "LinkVideo": "https://files.catbox.moe/dkqxzy.webm",
        "LinkMp3": "https://files.catbox.moe/091iqd.mp3",
        "annId": 2170,
        "aniListId": 1313,
        "kitsuId": 1178,
        "malId": 1313,
        "songDifficulty": 47.58872180451128,
        "vintage": "Spring 2000"
    },
    {
        "animeEng": "DD Fist of the North Star",
        "animeRomaji": "DD Hokuto no Ken",
        "songName": "Shift to Jikyuu to, Tsuide ni Ai o Torimodose!!",
        "artist": "Risa Yoshiki & Hyadain",
        "type": "Opening 1",
        "correctCount": 39,
        "startTime": 54,
        "songDuration": 86.4,
        "songNumber": 63,
        "activePlayerCount": 219,
        "LinkVideo": "https://files.catbox.moe/g34sj6.webm",
        "LinkMp3": "https://files.catbox.moe/55olfu.mp3",
        "annId": 15114,
        "aniListId": 17705,
        "kitsuId": 7646,
        "malId": 17705,
        "songDifficulty": 19.96800958806818,
        "vintage": "Spring 2013"
    },
    {
        "animeEng": "Happy Sugar Life",
        "animeRomaji": "Happy Sugar Life",
        "songName": "One Room Sugar Life",
        "artist": "Akari Nanawo",
        "type": "Opening 1",
        "correctCount": 123,
        "startTime": 50,
        "songDuration": 88.128,
        "songNumber": 64,
        "activePlayerCount": 219,
        "LinkVideo": "https://files.catbox.moe/1gb9f9.webm",
        "LinkMp3": "https://files.catbox.moe/iadtj0.mp3",
        "annId": 20787,
        "aniListId": 101351,
        "kitsuId": 41097,
        "malId": 37517,
        "songDifficulty": 37.725805222515746,
        "vintage": "Summer 2018"
    },
    {
        "animeEng": "K-On! Season 2",
        "animeRomaji": "K-On!!",
        "songName": "Fude Pen Bouru Pen (YuiAzu Mix)",
        "artist": "YuiAzu Pair",
        "type": "Insert Song",
        "correctCount": 54,
        "startTime": 3,
        "songDuration": 51.768,
        "songNumber": 65,
        "activePlayerCount": 219,
        "LinkVideo": "https://files.catbox.moe/h3zak0.webm",
        "LinkMp3": "https://files.catbox.moe/bb2um4.mp3",
        "annId": 11262,
        "aniListId": 7791,
        "kitsuId": 5124,
        "malId": 7791,
        "songDifficulty": 34.553441534824515,
        "vintage": "Spring 2010"
    },
    {
        "animeEng": "Brand New Animal",
        "animeRomaji": "BNA",
        "songName": "NIGHT RUNNING",
        "artist": "AAAMYYY",
        "type": "Ending 1",
        "correctCount": 124,
        "startTime": 27,
        "songDuration": 59.16,
        "songNumber": 66,
        "activePlayerCount": 219,
        "LinkVideo": "https://files.catbox.moe/6jqtwn.webm",
        "LinkMp3": "https://files.catbox.moe/v05sz1.mp3",
        "annId": 22924,
        "aniListId": 110354,
        "kitsuId": 42434,
        "malId": 40060,
        "songDifficulty": 42.801754698774964,
        "vintage": "Spring 2020"
    },
    {
        "animeEng": "The Ten Little Gall Force",
        "animeRomaji": "The Ten Little Gall Force",
        "songName": "Sugao no Spy-tachi",
        "artist": "GALL FORCE ETERNAL BAND",
        "type": "Ending 1",
        "correctCount": 7,
        "startTime": 68,
        "songDuration": 102.048,
        "songNumber": 67,
        "activePlayerCount": 220,
        "LinkVideo": "https://files.catbox.moe/g2fa4g.webm",
        "LinkMp3": "https://files.catbox.moe/awrt1m.mp3",
        "annId": 19332,
        "aniListId": 6331,
        "kitsuId": 4524,
        "malId": 6331,
        "songDifficulty": 5.08568844079098,
        "vintage": "Summer 1988"
    },
    {
        "animeEng": "Docchi mo Maid",
        "animeRomaji": "Docchi mo Maid",
        "songName": "5-jikan-me",
        "artist": "Kozue Kurage",
        "type": "Ending 1",
        "correctCount": 27,
        "startTime": 16,
        "songDuration": 85.224,
        "songNumber": 68,
        "activePlayerCount": 218,
        "LinkVideo": "https://files.catbox.moe/lgji6x.webm",
        "LinkMp3": "https://files.catbox.moe/fuuwkx.mp3",
        "annId": 23271,
        "aniListId": 102010,
        "kitsuId": 10926,
        "malId": 30663,
        "songDifficulty": 19.967066892281107,
        "vintage": "Winter 2004"
    },
    {
        "animeEng": "Asobi Asobase: Workshop of Fun",
        "animeRomaji": "Asobi Asobase",
        "songName": "Inkya Impulse",
        "artist": "Hina Kino, Rika Nagae, Konomi Kohara feat. Ikepy & KSKN",
        "type": "Ending 1",
        "correctCount": 125,
        "startTime": 17,
        "songDuration": 89.016,
        "songNumber": 69,
        "activePlayerCount": 219,
        "LinkVideo": "https://files.catbox.moe/wq9pc3.webm",
        "LinkMp3": "https://files.catbox.moe/730x5e.mp3",
        "annId": 20583,
        "aniListId": 101001,
        "kitsuId": 41149,
        "malId": 37171,
        "songDifficulty": 40.966607981220655,
        "vintage": "Summer 2018"
    },
    {
        "animeEng": "Moekan The Animation",
        "animeRomaji": "Moekan The Animation",
        "songName": "sincerely yours",
        "artist": "Mia Naruse",
        "type": "Ending 1",
        "correctCount": 5,
        "startTime": 28,
        "songDuration": 90.912,
        "songNumber": 70,
        "activePlayerCount": 218,
        "LinkVideo": "https://files.catbox.moe/11qzz8.webm",
        "LinkMp3": "https://files.catbox.moe/7oir8c.mp3",
        "annId": 2652,
        "aniListId": 625,
        "kitsuId": 580,
        "malId": 625,
        "songDifficulty": 9.07421362560907,
        "vintage": "Fall 2003",
        "correctPlayers": [
            "EruisKawaii",
            "Edin",
            "kaghey",
            "watashiii",
            "gaaw"
        ]
    },
    {
        "animeEng": "Spice and Wolf",
        "animeRomaji": "Ookami to Koushinryou",
        "songName": "Tabi no Tochuu",
        "artist": "Natsumi Kiyoura",
        "type": "Opening 1",
        "correctCount": 164,
        "startTime": 49,
        "songDuration": 88.056,
        "songNumber": 71,
        "activePlayerCount": 218,
        "LinkVideo": "https://files.catbox.moe/o7cwjl.webm",
        "LinkMp3": "https://files.catbox.moe/1kmdzi.mp3",
        "annId": 8537,
        "aniListId": 2966,
        "kitsuId": 2684,
        "malId": 2966,
        "songDifficulty": 41.8825777743972,
        "vintage": "Winter 2008"
    },
    {
        "animeEng": "Ch\u00e4os;Child",
        "animeRomaji": "Ch\u00e4os;Child",
        "songName": "Uncontrollable",
        "artist": "Kanako Itou",
        "type": "Opening 1",
        "correctCount": 113,
        "startTime": 38,
        "songDuration": 90.192,
        "songNumber": 72,
        "activePlayerCount": 217,
        "LinkVideo": "https://files.catbox.moe/jjb93w.webm",
        "LinkMp3": "https://files.catbox.moe/gnwm5v.mp3",
        "annId": 18556,
        "aniListId": 21126,
        "kitsuId": 10786,
        "malId": 30485,
        "songDifficulty": 30.36185637565821,
        "vintage": "Winter 2017"
    },
    {
        "animeEng": "Fate/stay night: Heaven's Feel I. presage flower",
        "animeRomaji": "Fate/stay night: Heaven's Feel I. presage flower",
        "songName": "the flower will bloom",
        "artist": "Yuri Kasahara",
        "type": "Opening 1",
        "correctCount": 78,
        "startTime": 112,
        "songDuration": 193.248,
        "songNumber": 73,
        "activePlayerCount": 220,
        "LinkVideo": "https://files.catbox.moe/eqo2vh.webm",
        "LinkMp3": "https://files.catbox.moe/s90adh.mp3",
        "annId": 16166,
        "aniListId": 20791,
        "kitsuId": 8675,
        "malId": 25537,
        "songDifficulty": 18.78292672784909,
        "vintage": "Fall 2017"
    },
    {
        "animeEng": "Kaguya-sama: Love is War - Ultra Romantic",
        "animeRomaji": "Kaguya-sama wa Kokurasetai: Ultra Romantic",
        "songName": "GIRI GIRI",
        "artist": "Masayuki Suzuki feat. Suu",
        "type": "Opening 1",
        "correctCount": 198,
        "startTime": 6,
        "songDuration": 88.56,
        "songNumber": 74,
        "activePlayerCount": 220,
        "LinkVideo": "https://files.catbox.moe/k12eg9.webm",
        "LinkMp3": "https://files.catbox.moe/nny91k.mp3",
        "annId": 24889,
        "aniListId": 125367,
        "kitsuId": 43691,
        "malId": 43608,
        "songDifficulty": 56.7633016757728,
        "vintage": "Spring 2022"
    },
    {
        "animeEng": "Ojamajo Doremi #",
        "animeRomaji": "Ojamajo Doremi #",
        "songName": "Ojamajo wa Koko ni Iru",
        "artist": "MAHO-dou",
        "type": "Opening 1",
        "correctCount": 40,
        "startTime": 29,
        "songDuration": 87.63931,
        "songNumber": 75,
        "activePlayerCount": 220,
        "LinkVideo": "https://files.catbox.moe/ecmli1.webm",
        "LinkMp3": "https://files.catbox.moe/fwe012.mp3",
        "annId": 1652,
        "aniListId": 351,
        "kitsuId": 318,
        "malId": 351,
        "songDifficulty": 22.681344110973598,
        "vintage": "Winter 2000"
    },
    {
        "animeEng": "Hell Teacher Nube: 0 a.m. Nube Dead",
        "animeRomaji": "Jigoku Sensei Nube: Gozen 0 Toki Nube Shisu",
        "songName": "Bari Bari Saikyou NO.1",
        "artist": "FEEL SO BAD",
        "type": "Ending 1",
        "correctCount": 57,
        "startTime": 21,
        "songDuration": 82.104,
        "songNumber": 76,
        "activePlayerCount": 220,
        "LinkVideo": "https://files.catbox.moe/7uugzx.webm",
        "LinkMp3": "https://files.catbox.moe/dq02mp.mp3",
        "annId": 3696,
        "aniListId": 8228,
        "kitsuId": 5253,
        "malId": 8228,
        "songDifficulty": 19.756056400767545,
        "vintage": "Winter 1997"
    },
    {
        "animeEng": "Master of Mosquiton",
        "animeRomaji": "Master Mosquiton",
        "songName": "Muteki no LOVE",
        "artist": "Takehito Koyasu & Yuka Imai",
        "type": "Ending 1",
        "correctCount": 4,
        "startTime": 44,
        "songDuration": 90.312,
        "songNumber": 77,
        "activePlayerCount": 220,
        "LinkVideo": "https://files.catbox.moe/3o4ef9.webm",
        "LinkMp3": "https://files.catbox.moe/jnp4l7.mp3",
        "annId": 174,
        "aniListId": 1805,
        "kitsuId": 1624,
        "malId": 1805,
        "songDifficulty": 8.878575014264396,
        "vintage": "Fall 1996",
        "correctPlayers": [
            "EruisKawaii",
            "Gimmicks",
            "watashiii",
            "Rukawa11"
        ]
    },
    {
        "animeEng": "Doraemon: Nobita's Space Story",
        "animeRomaji": "Doraemon: Nobita no Uchuu Kaitakushi",
        "songName": "Doraemon no Uta",
        "artist": "Kumiko Oosugi & Nobuyo Oyama",
        "type": "Insert Song",
        "correctCount": 203,
        "startTime": 38,
        "songDuration": 68.04,
        "songNumber": 78,
        "activePlayerCount": 220,
        "LinkVideo": "https://files.catbox.moe/47cfhh.webm",
        "LinkMp3": "https://files.catbox.moe/wybbta.mp3",
        "annId": 1894,
        "aniListId": 2662,
        "kitsuId": 2426,
        "malId": 2662,
        "songDifficulty": 67.35371332217409,
        "vintage": "Winter 1981"
    },
    {
        "animeEng": "Kokkoku",
        "animeRomaji": "Kokkoku",
        "songName": "Flashback",
        "artist": "MIYAVI vs KenKen",
        "type": "Opening 1",
        "correctCount": 157,
        "startTime": 15,
        "songDuration": 87.744,
        "songNumber": 79,
        "activePlayerCount": 220,
        "LinkVideo": "https://files.catbox.moe/9d0g4n.webm",
        "LinkMp3": "https://files.catbox.moe/5vob6t.mp3",
        "annId": 20205,
        "aniListId": 100332,
        "kitsuId": 13958,
        "malId": 36548,
        "songDifficulty": 38.52188070495717,
        "vintage": "Winter 2018"
    },
    {
        "animeEng": "Fist of the North Star",
        "animeRomaji": "Hokuto no Ken",
        "songName": "SILENT SURVIVOR",
        "artist": "KODOMO BAND",
        "type": "Opening 2",
        "correctCount": 35,
        "startTime": 7,
        "songDuration": 88.248,
        "songNumber": 80,
        "activePlayerCount": 220,
        "LinkVideo": "https://files.catbox.moe/ltnyqt.webm",
        "LinkMp3": "https://files.catbox.moe/rw8n5q.mp3",
        "annId": 204,
        "aniListId": 967,
        "kitsuId": 857,
        "malId": 967,
        "songDifficulty": 22.451044214095152,
        "vintage": "Fall 1984"
    },
    {
        "animeEng": "Pok\u00e9mon XY",
        "animeRomaji": "Pocket Monsters XY",
        "songName": "V (Volt)",
        "artist": "Yusuke",
        "type": "Opening 1",
        "correctCount": 155,
        "startTime": 17,
        "songDuration": 87.744,
        "songNumber": 81,
        "activePlayerCount": 221,
        "LinkVideo": "https://files.catbox.moe/wj7qg3.webm",
        "LinkMp3": "https://files.catbox.moe/sf67v2.mp3",
        "annId": 15491,
        "aniListId": 19291,
        "kitsuId": 7850,
        "malId": 19291,
        "songDifficulty": 35.24880499728408,
        "vintage": "Fall 2013"
    },
    {
        "animeEng": "Gate",
        "animeRomaji": "Gate: Jieitai Kanochi nite, Kaku Tatakaeri",
        "songName": "GATE ~Sore wa Akatsuki no You ni",
        "artist": "Kishida Kyoudan &THE Akeboshi Rockets",
        "type": "Opening 1",
        "correctCount": 167,
        "startTime": 17,
        "songDuration": 90.017975,
        "songNumber": 82,
        "activePlayerCount": 220,
        "LinkVideo": "https://files.catbox.moe/0uknlu.webm",
        "LinkMp3": "https://files.catbox.moe/ndr8fr.mp3",
        "annId": 16679,
        "aniListId": 20994,
        "kitsuId": 10085,
        "malId": 28907,
        "songDifficulty": 33.517444791987145,
        "vintage": "Summer 2015"
    },
    {
        "animeEng": "Initial D: Fourth Stage",
        "animeRomaji": "Initial D: Fourth Stage",
        "songName": "MISSION IMPOSSIBLE",
        "artist": "NICK MANSELL",
        "type": "Insert Song",
        "correctCount": 42,
        "startTime": 26,
        "songDuration": 94.152,
        "songNumber": 83,
        "activePlayerCount": 219,
        "LinkVideo": "https://files.catbox.moe/7nifho.webm",
        "LinkMp3": "https://files.catbox.moe/bagx9o.mp3",
        "annId": 3396,
        "aniListId": 18,
        "kitsuId": 9,
        "malId": 18,
        "songDifficulty": 24.892328606828194,
        "vintage": "Spring 2004"
    },
    {
        "animeEng": "Handa-kun",
        "animeRomaji": "Handa-kun",
        "songName": "HIDE-AND-SEEK",
        "artist": "Kenichi Suzumura",
        "type": "Ending 1",
        "correctCount": 33,
        "startTime": 13,
        "songDuration": 86.712,
        "songNumber": 84,
        "activePlayerCount": 219,
        "LinkVideo": "https://files.catbox.moe/al5n7u.webm",
        "LinkMp3": "https://files.catbox.moe/9hfpa0.mp3",
        "annId": 18139,
        "aniListId": 21626,
        "kitsuId": 11802,
        "malId": 32648,
        "songDifficulty": 15.765956736249644,
        "vintage": "Summer 2016"
    },
    {
        "animeEng": "Tales of Symphonia the Animation: Tethe'alla Episode",
        "animeRomaji": "Tales of Symphonia the Animation: Tethe'alla-hen",
        "songName": "Inori no Kanata",
        "artist": "Akiko Shikata",
        "type": "Ending 1",
        "correctCount": 14,
        "startTime": 116,
        "songDuration": 167.976,
        "songNumber": 85,
        "activePlayerCount": 217,
        "LinkVideo": "https://files.catbox.moe/u69920.webm",
        "LinkMp3": "https://files.catbox.moe/03fnqx.mp3",
        "annId": 11121,
        "aniListId": 5306,
        "kitsuId": 4048,
        "malId": 5306,
        "songDifficulty": 15.862919100110078,
        "vintage": "Winter 2010"
    }
]