[
    {
        "animeEng": "Stop! Hibari-kun",
        "animeRomaji": "Stop! Hibari-kun",
        "songName": "Stop! Hibari-kun!",
        "artist": "Yuki Yukino",
        "type": "Opening 1",
        "correctCount": 123,
        "startTime": 9,
        "songDuration": 90.864,
        "songNumber": 1,
        "activePlayerCount": 190,
        "LinkVideo": "https://files.catbox.moe/vjymx5.webm",
        "LinkMp3": "https://files.catbox.moe/rbo9xk.mp3",
        "annId": 1524,
        "aniListId": 3332,
        "kitsuId": 2942,
        "malId": 3332,
        "songDifficulty": 37.3565620086478,
        "vintage": "Spring 1983"
    },
    {
        "animeEng": "That Time I Got Reincarnated as a Slime",
        "animeRomaji": "Tensei Shitara Slime Datta Ken",
        "songName": "Another colony",
        "artist": "TRUE",
        "type": "Ending 1",
        "correctCount": 76,
        "startTime": 9,
        "songDuration": 89.064,
        "songNumber": 2,
        "activePlayerCount": 200,
        "LinkVideo": "https://files.catbox.moe/htsw44.webm",
        "LinkMp3": "https://files.catbox.moe/pxmt50.mp3",
        "annId": 23357,
        "aniListId": 106509,
        "kitsuId": 42022,
        "malId": 38793,
        "songDifficulty": 35.701329768826135,
        "vintage": "Summer 2019"
    },
    {
        "animeEng": "Full Metal Panic! Invisible Victory",
        "animeRomaji": "Full Metal Panic! Invisible Victory",
        "songName": "yes (English Ver.)",
        "artist": "Tamaru Yamada",
        "type": "Ending 2",
        "correctCount": 19,
        "startTime": 10,
        "songDuration": 88.56,
        "songNumber": 3,
        "activePlayerCount": 200,
        "LinkVideo": "https://files.catbox.moe/ey93bw.webm",
        "LinkMp3": "https://files.catbox.moe/ysmr5h.mp3",
        "annId": 18796,
        "aniListId": 21451,
        "kitsuId": 11460,
        "malId": 31931,
        "songDifficulty": 14.017322262945816,
        "vintage": "Spring 2018"
    },
    {
        "animeEng": "Uta no\u2606Prince-sama\u266aMaji LOVE 1000%",
        "animeRomaji": "Uta no\u2606Prince-sama\u266aMaji LOVE 1000%",
        "songName": "Knocking on the Mind",
        "artist": "Kenichi Suzumura",
        "type": "Insert Song",
        "correctCount": 19,
        "startTime": 48,
        "songDuration": 96.648,
        "songNumber": 4,
        "activePlayerCount": 202,
        "LinkVideo": "https://files.catbox.moe/s7xs7y.webm",
        "LinkMp3": "https://files.catbox.moe/6bjh91.mp3",
        "annId": 12509,
        "aniListId": 10321,
        "kitsuId": 6126,
        "malId": 10321,
        "songDifficulty": 18.92127641830234,
        "vintage": "Summer 2011"
    },
    {
        "animeEng": "Anonymous Noise",
        "animeRomaji": "Fukumenkei Noise",
        "songName": "Spiral",
        "artist": "Saori Hayami",
        "type": "Insert Song",
        "correctCount": 59,
        "startTime": 136,
        "songDuration": 171.576,
        "songNumber": 5,
        "activePlayerCount": 208,
        "LinkVideo": "https://files.catbox.moe/iuzqaz.webm",
        "LinkMp3": "https://files.catbox.moe/a66bss.mp3",
        "annId": 18232,
        "aniListId": 21773,
        "kitsuId": 12117,
        "malId": 33203,
        "songDifficulty": 35.82672792930923,
        "vintage": "Spring 2017"
    },
    {
        "animeEng": "Sengoku Night Blood",
        "animeRomaji": "Sengoku Night Blood",
        "songName": "Gekka no Koku",
        "artist": "Kaku-gun Soudaishou",
        "type": "Ending 7",
        "correctCount": 6,
        "startTime": 29,
        "songDuration": 87.096,
        "songNumber": 6,
        "activePlayerCount": 211,
        "LinkVideo": "https://files.catbox.moe/6njvpe.webm",
        "LinkMp3": "https://files.catbox.moe/1zx5mi.mp3",
        "annId": 20057,
        "aniListId": 98603,
        "kitsuId": 13784,
        "malId": 35251,
        "songDifficulty": 8.49472557938339,
        "vintage": "Fall 2017"
    },
    {
        "animeEng": "Prism Ark",
        "animeRomaji": "Prism Ark",
        "songName": "Soshite Boku wa...",
        "artist": "Yui Sakakibara",
        "type": "Opening 1",
        "correctCount": 11,
        "startTime": 55,
        "songDuration": 87.768,
        "songNumber": 7,
        "activePlayerCount": 213,
        "LinkVideo": "https://files.catbox.moe/9y66wf.webm",
        "LinkMp3": "https://files.catbox.moe/xcgucg.mp3",
        "annId": 7471,
        "aniListId": 1807,
        "kitsuId": 1626,
        "malId": 1807,
        "songDifficulty": 12.734820862994692,
        "vintage": "Fall 2007"
    },
    {
        "animeEng": "BanG Dream! 2nd Season",
        "animeRomaji": "BanG Dream! 2nd Season",
        "songName": "LOUDER",
        "artist": "Roselia",
        "type": "Insert Song",
        "correctCount": 85,
        "startTime": 75,
        "songDuration": 103.992,
        "songNumber": 8,
        "activePlayerCount": 216,
        "LinkVideo": "https://files.catbox.moe/icjzrh.webm",
        "LinkMp3": "https://files.catbox.moe/qdsg9y.mp3",
        "annId": 21289,
        "aniListId": 101633,
        "kitsuId": 41289,
        "malId": 37869,
        "songDifficulty": 43.59287092469706,
        "vintage": "Winter 2019"
    },
    {
        "animeEng": "Pururun! Shizuku-chan",
        "animeRomaji": "Pururun! Shizuku-chan",
        "songName": "Shizuku no Mori kara Konnichiha",
        "artist": "Sister MAYO with D.D.S",
        "type": "Ending 1",
        "correctCount": 175,
        "startTime": 58,
        "songDuration": 90.048,
        "songNumber": 9,
        "activePlayerCount": 216,
        "LinkVideo": "https://files.catbox.moe/kt6nfq.webm",
        "LinkMp3": "https://files.catbox.moe/umfaxd.mp3",
        "annId": 8039,
        "aniListId": 9426,
        "kitsuId": 5730,
        "malId": 9426,
        "songDifficulty": 40.541226980117344,
        "vintage": "Fall 2006"
    },
    {
        "animeEng": "Restaurant to Another World",
        "animeRomaji": "Isekai Shokudou",
        "songName": "One In A Billion",
        "artist": "Wake Up, May'n!",
        "type": "Opening 1",
        "correctCount": 92,
        "startTime": 7,
        "songDuration": 89.232,
        "songNumber": 10,
        "activePlayerCount": 219,
        "LinkVideo": "https://files.catbox.moe/g6zghg.webm",
        "LinkMp3": "https://files.catbox.moe/7fyabv.mp3",
        "annId": 19479,
        "aniListId": 97617,
        "kitsuId": 12535,
        "malId": 34012,
        "songDifficulty": 23.928910763862834,
        "vintage": "Summer 2017"
    },
    {
        "animeEng": "The Severing Crime Edge",
        "animeRomaji": "Dansai Bunri no Crime Edge",
        "songName": "Unmei no Ori",
        "artist": "Aimi",
        "type": "Opening 1",
        "correctCount": 19,
        "startTime": 37,
        "songDuration": 89.88,
        "songNumber": 11,
        "activePlayerCount": 220,
        "LinkVideo": "https://files.catbox.moe/v8jnyj.webm",
        "LinkMp3": "https://files.catbox.moe/inntm8.mp3",
        "annId": 14894,
        "aniListId": 16355,
        "kitsuId": 7411,
        "malId": 16355,
        "songDifficulty": 15.326982148294762,
        "vintage": "Spring 2013"
    },
    {
        "animeEng": "Bubblegum Crisis",
        "animeRomaji": "Bubblegum Crisis",
        "songName": "Akuma to Tenshi no Kiss",
        "artist": "Knight Sabers",
        "type": "Insert Song",
        "correctCount": 18,
        "startTime": 48,
        "songDuration": 128.04,
        "songNumber": 12,
        "activePlayerCount": 222,
        "LinkVideo": "https://files.catbox.moe/okenpr.webm",
        "LinkMp3": "https://files.catbox.moe/5r4pfg.mp3",
        "annId": 201,
        "aniListId": 1347,
        "kitsuId": 1202,
        "malId": 1347,
        "songDifficulty": 17.06936457969623,
        "vintage": "Winter 1987"
    },
    {
        "animeEng": "Dagashi Kashi",
        "animeRomaji": "Dagashi Kashi",
        "songName": "Checkmate!?",
        "artist": "MICHI",
        "type": "Opening 1",
        "correctCount": 89,
        "startTime": 11,
        "songDuration": 88.92,
        "songNumber": 13,
        "activePlayerCount": 222,
        "LinkVideo": "https://files.catbox.moe/ecmj0z.webm",
        "LinkMp3": "https://files.catbox.moe/tv7ylo.mp3",
        "annId": 17723,
        "aniListId": 21365,
        "kitsuId": 11381,
        "malId": 31636,
        "songDifficulty": 20.83906733857094,
        "vintage": "Winter 2016"
    },
    {
        "animeEng": "Futari wa Pretty Cure Max Heart",
        "animeRomaji": "Futari wa Precure Max Heart",
        "songName": "DANZEN! Futari wa Precure! (Ver.Max Heart)",
        "artist": "Mayumi Gojou",
        "type": "Opening 1",
        "correctCount": 90,
        "startTime": 11,
        "songDuration": 80.064,
        "songNumber": 14,
        "activePlayerCount": 223,
        "LinkVideo": "https://files.catbox.moe/91hcgm.webm",
        "LinkMp3": "https://files.catbox.moe/mve8q0.mp3",
        "annId": 4751,
        "aniListId": 1930,
        "kitsuId": 1740,
        "malId": 1930,
        "songDifficulty": 33.16047623647604,
        "vintage": "Spring 2005"
    },
    {
        "animeEng": "Love Hina Spring Special: I Wish Your Dream",
        "animeRomaji": "Love Hina Haru Special: Kimi Sakura Chiru Nakare!!",
        "songName": "Sakura Saku",
        "artist": "Megumi Hayashibara",
        "type": "Ending 1",
        "correctCount": 145,
        "startTime": 40,
        "songDuration": 90.12,
        "songNumber": 15,
        "activePlayerCount": 223,
        "LinkVideo": "https://files.catbox.moe/9y26ih.webm",
        "LinkMp3": "https://files.catbox.moe/gu8ymt.mp3",
        "annId": 866,
        "aniListId": 192,
        "kitsuId": 169,
        "malId": 192,
        "songDifficulty": 37.15809099632844,
        "vintage": "Spring 2001"
    },
    {
        "animeEng": "Bocchan",
        "animeRomaji": "Bocchan",
        "songName": "Yoi Uta",
        "artist": "Duke Aces",
        "type": "Ending 1",
        "correctCount": 10,
        "startTime": 83,
        "songDuration": 121.032,
        "songNumber": 16,
        "activePlayerCount": 224,
        "LinkVideo": "https://files.catbox.moe/9m5h8p.webm",
        "LinkMp3": "https://files.catbox.moe/n8vpnf.mp3",
        "annId": 17326,
        "aniListId": 4680,
        "kitsuId": 3734,
        "malId": 4680,
        "songDifficulty": 15.866314697265626,
        "vintage": "Spring 1980"
    },
    {
        "animeEng": "Laughing Under the Clouds",
        "animeRomaji": "Donten ni Warau",
        "songName": "Ruten no Hi",
        "artist": "Ryuuji Aoki",
        "type": "Opening 2",
        "correctCount": 13,
        "startTime": 6,
        "songDuration": 89.064,
        "songNumber": 17,
        "activePlayerCount": 224,
        "LinkVideo": "https://files.catbox.moe/ta5hai.webm",
        "LinkMp3": "https://files.catbox.moe/uqjkcm.mp3",
        "annId": 15780,
        "aniListId": 20817,
        "kitsuId": 7907,
        "malId": 21743,
        "songDifficulty": 13.165464389791593,
        "vintage": "Fall 2014"
    },
    {
        "animeEng": "BanG Dream! 2nd Season",
        "animeRomaji": "BanG Dream! 2nd Season",
        "songName": "Shuwarin\u2606Drea~min",
        "artist": "Pastel*Palettes",
        "type": "Insert Song",
        "correctCount": 60,
        "startTime": 14,
        "songDuration": 99.336,
        "songNumber": 18,
        "activePlayerCount": 224,
        "LinkVideo": "https://files.catbox.moe/nyy01b.webm",
        "LinkMp3": "https://files.catbox.moe/1oq3vo.mp3",
        "annId": 21289,
        "aniListId": 101633,
        "kitsuId": 41289,
        "malId": 37869,
        "songDifficulty": 42.06733441408059,
        "vintage": "Winter 2019"
    },
    {
        "animeEng": "Naruto Shippuuden: The Lost Tower",
        "animeRomaji": "Naruto Shippuuden: The Lost Tower",
        "songName": "Hikari ni wa",
        "artist": "Saori Hayami",
        "type": "Insert Song",
        "correctCount": 33,
        "startTime": 0,
        "songDuration": 49.161604,
        "songNumber": 19,
        "activePlayerCount": 225,
        "LinkVideo": "https://files.catbox.moe/aqjkds.webm",
        "LinkMp3": "https://files.catbox.moe/ic15bh.mp3",
        "annId": 11422,
        "aniListId": 8246,
        "kitsuId": 5266,
        "malId": 8246,
        "songDifficulty": 14.478707942930154,
        "vintage": "Summer 2010"
    },
    {
        "animeEng": "Mobile Suit Gundam Seed",
        "animeRomaji": "Kidou Senshi Gundam Seed",
        "songName": "Mizu no Akashi ~ReTracks",
        "artist": "Rie Tanaka",
        "type": "Insert Song",
        "correctCount": 20,
        "startTime": 73,
        "songDuration": 167.064,
        "songNumber": 20,
        "activePlayerCount": 225,
        "LinkVideo": "https://files.catbox.moe/6d7r01.webm",
        "LinkMp3": "https://files.catbox.moe/3qfph8.mp3",
        "annId": 883,
        "aniListId": 93,
        "kitsuId": 72,
        "malId": 93,
        "songDifficulty": 19.070011371293802,
        "vintage": "Fall 2002"
    },
    {
        "animeEng": "Ronin Warriors: Legend of the Inferno Armor",
        "animeRomaji": "Yoroiden Samurai Troopers: Kikoutei Densetsu",
        "songName": "Samurai Heart",
        "artist": "Hiroko Moriguchi",
        "type": "Ending 1",
        "correctCount": 4,
        "startTime": 2,
        "songDuration": 95.568,
        "songNumber": 21,
        "activePlayerCount": 226,
        "LinkVideo": "https://files.catbox.moe/ax8mx8.webm",
        "LinkMp3": "https://files.catbox.moe/gmh8tu.mp3",
        "annId": 13253,
        "aniListId": 1266,
        "kitsuId": 1141,
        "malId": 1266,
        "songDifficulty": 11.470741708532016,
        "vintage": "Fall 1989",
        "correctPlayers": [
            "YoshiOpeninger",
            "ShiroKuro",
            "watashiii",
            "Rukawa11"
        ]
    },
    {
        "animeEng": "Ponyo on the Cliff by the Sea",
        "animeRomaji": "Gake no Ue no Ponyo",
        "songName": "Gake no Ue no Ponyo",
        "artist": "Fujioka Fujimaki & Nozomi Oohashi",
        "type": "Ending 1",
        "correctCount": 168,
        "startTime": 54,
        "songDuration": 91.968,
        "songNumber": 22,
        "activePlayerCount": 224,
        "LinkVideo": "https://files.catbox.moe/klxepk.webm",
        "LinkMp3": "https://files.catbox.moe/y6ewfp.mp3",
        "annId": 7814,
        "aniListId": 2890,
        "kitsuId": 2624,
        "malId": 2890,
        "songDifficulty": 44.69780872193437,
        "vintage": "Summer 2008"
    },
    {
        "animeEng": "Hortensia Saga",
        "animeRomaji": "Hortensia Saga",
        "songName": "Yasou to Hakuchuumu",
        "artist": "Mafumafu",
        "type": "Ending 1",
        "correctCount": 11,
        "startTime": 9,
        "songDuration": 86.688,
        "songNumber": 23,
        "activePlayerCount": 222,
        "LinkVideo": "https://files.catbox.moe/m4u1ei.webm",
        "LinkMp3": "https://files.catbox.moe/mknbch.mp3",
        "annId": 22958,
        "aniListId": 114301,
        "kitsuId": 43568,
        "malId": 40961,
        "songDifficulty": 17.89640551258521,
        "vintage": "Winter 2021"
    },
    {
        "animeEng": "Romeo and the Black Brothers",
        "animeRomaji": "Romeo no Aoi Sora",
        "songName": "Anata no Hanashi o Kikasete",
        "artist": "Maria Kawamura",
        "type": "Insert Song",
        "correctCount": 1,
        "startTime": 1,
        "songDuration": 139.778822,
        "songNumber": 24,
        "activePlayerCount": 225,
        "LinkVideo": "https://files.catbox.moe/gm05mu.webm",
        "LinkMp3": "https://files.catbox.moe/zfk8lx.mp3",
        "annId": 2019,
        "aniListId": 2559,
        "kitsuId": 2324,
        "malId": 2559,
        "songDifficulty": 9.92584650954654,
        "vintage": "Winter 1995",
        "correctPlayers": [
            "Rukawa11"
        ]
    },
    {
        "animeEng": "Umineko: When They Cry",
        "animeRomaji": "Umineko no Naku Koro ni",
        "songName": "Katayoku no Tori",
        "artist": "Akiko Shikata",
        "type": "Opening 1",
        "correctCount": 118,
        "startTime": 58,
        "songDuration": 89.4,
        "songNumber": 25,
        "activePlayerCount": 225,
        "LinkVideo": "https://files.catbox.moe/w6wlyz.webm",
        "LinkMp3": "https://files.catbox.moe/2ugoad.mp3",
        "annId": 10168,
        "aniListId": 4896,
        "kitsuId": 3839,
        "malId": 4896,
        "songDifficulty": 36.15955699573863,
        "vintage": "Summer 2009"
    },
    {
        "animeEng": "Squid Girl",
        "animeRomaji": "Shinryaku! Ika Musume",
        "songName": "Shinryaku no Susume",
        "artist": "ULTRA-PRISM with Hisako Kanemoto",
        "type": "Opening 1",
        "correctCount": 110,
        "startTime": 34,
        "songDuration": 89.064,
        "songNumber": 26,
        "activePlayerCount": 226,
        "LinkVideo": "https://files.catbox.moe/t4exn3.webm",
        "LinkMp3": "https://files.catbox.moe/jj5la2.mp3",
        "annId": 11421,
        "aniListId": 8557,
        "kitsuId": 5389,
        "malId": 8557,
        "songDifficulty": 29.318871437823834,
        "vintage": "Fall 2010"
    },
    {
        "animeEng": "Vandread Turbulence",
        "animeRomaji": "Vandread Gekitou-hen",
        "songName": "JUSTICE",
        "artist": "Aki Kudou",
        "type": "Insert Song",
        "correctCount": 52,
        "startTime": 18,
        "songDuration": 85.488,
        "songNumber": 27,
        "activePlayerCount": 228,
        "LinkVideo": "https://files.catbox.moe/w0hhub.webm",
        "LinkMp3": "https://files.catbox.moe/wtzyr1.mp3",
        "annId": 2344,
        "aniListId": 1111,
        "kitsuId": 996,
        "malId": 1111,
        "songDifficulty": 17.420355352330375,
        "vintage": "Fall 2002"
    },
    {
        "animeEng": "Student Council's Discretion",
        "animeRomaji": "Seitokai no Ichizon",
        "songName": "Mousou Fetish! - Sasuga!! Chizuru ver.",
        "artist": "Hekiyou Gakuen Seitokai",
        "type": "Ending 7",
        "correctCount": 46,
        "startTime": 20,
        "songDuration": 90.528,
        "songNumber": 28,
        "activePlayerCount": 228,
        "LinkVideo": "https://files.catbox.moe/l8i8ww.webm",
        "LinkMp3": "https://files.catbox.moe/4ti775.mp3",
        "annId": 10587,
        "aniListId": 5909,
        "kitsuId": 4332,
        "malId": 5909,
        "songDifficulty": 25.678081504282655,
        "vintage": "Fall 2009"
    },
    {
        "animeEng": "Gintama: The Movie",
        "animeRomaji": "Gintama: Shinyaku Benizakura-hen",
        "songName": "Boku-tachi no Kisetsu",
        "artist": "DOES",
        "type": "Insert Song",
        "correctCount": 32,
        "startTime": 8,
        "songDuration": 143.618756,
        "songNumber": 29,
        "activePlayerCount": 229,
        "LinkVideo": "https://files.catbox.moe/y7cbvv.webm",
        "LinkMp3": "https://files.catbox.moe/id3r2e.mp3",
        "annId": 11152,
        "aniListId": 7472,
        "kitsuId": 4989,
        "malId": 7472,
        "songDifficulty": 29.41994485294118,
        "vintage": "Spring 2010"
    },
    {
        "animeEng": "Shugo Chara!! Doki",
        "animeRomaji": "Shugo Chara!! Doki",
        "songName": "Kokoro no Tamago",
        "artist": "Buono!",
        "type": "Insert Song",
        "correctCount": 70,
        "startTime": 45,
        "songDuration": 111.456,
        "songNumber": 30,
        "activePlayerCount": 230,
        "LinkVideo": "https://files.catbox.moe/gcr1xo.webm",
        "LinkMp3": "https://files.catbox.moe/aqkf1o.mp3",
        "annId": 10247,
        "aniListId": 5262,
        "kitsuId": 4019,
        "malId": 5262,
        "songDifficulty": 34.36187386843694,
        "vintage": "Fall 2008"
    },
    {
        "animeEng": "Morita-san wa Mukuchi.",
        "animeRomaji": "Morita-san wa Mukuchi.",
        "songName": "Motto Aishiaimasho",
        "artist": "Iori Nomizu",
        "type": "Opening 1",
        "correctCount": 43,
        "startTime": 0,
        "songDuration": 28.848,
        "songNumber": 31,
        "activePlayerCount": 230,
        "LinkVideo": "https://files.catbox.moe/uwdjhp.webm",
        "LinkMp3": "https://files.catbox.moe/ad8iti.mp3",
        "annId": 12948,
        "aniListId": 10671,
        "kitsuId": 6285,
        "malId": 10671,
        "songDifficulty": 18.367584834961267,
        "vintage": "Summer 2011"
    },
    {
        "animeEng": "Donten ni Warau Gaiden: Ketsubetsu, Yamainu no Chikai",
        "animeRomaji": "Donten ni Warau Gaiden: Ketsubetsu, Yamainu no Chikai",
        "songName": "YAMAINU",
        "artist": "John Fox",
        "type": "Insert Song",
        "correctCount": 7,
        "startTime": 22,
        "songDuration": 116.136,
        "songNumber": 32,
        "activePlayerCount": 228,
        "LinkVideo": "https://files.catbox.moe/tog6pw.webm",
        "LinkMp3": "https://files.catbox.moe/flt016.mp3",
        "annId": 19805,
        "aniListId": 98452,
        "kitsuId": 13232,
        "malId": 35086,
        "songDifficulty": 6.671137162036049,
        "vintage": "Fall 2017"
    },
    {
        "animeEng": "Re:Creators",
        "animeRomaji": "Re:Creators",
        "songName": "God of ink",
        "artist": "mpi",
        "type": "Insert Song",
        "correctCount": 30,
        "startTime": 2,
        "songDuration": 85.92,
        "songNumber": 33,
        "activePlayerCount": 229,
        "LinkVideo": "https://files.catbox.moe/qmxnsq.webm",
        "LinkMp3": "https://files.catbox.moe/q9nvdc.mp3",
        "annId": 18943,
        "aniListId": 97980,
        "kitsuId": 13055,
        "malId": 34561,
        "songDifficulty": 24.022227470022482,
        "vintage": "Spring 2017"
    },
    {
        "animeEng": "Mob Psycho 100 II",
        "animeRomaji": "Mob Psycho 100 II",
        "songName": "99.9",
        "artist": "MOB CHOIR feat. sajou no hana",
        "type": "Opening 1",
        "correctCount": 186,
        "startTime": 28,
        "songDuration": 89.16,
        "songNumber": 34,
        "activePlayerCount": 229,
        "LinkVideo": "https://files.catbox.moe/vs0gea.webm",
        "LinkMp3": "https://files.catbox.moe/x378lz.mp3",
        "annId": 21204,
        "aniListId": 101338,
        "kitsuId": 41071,
        "malId": 37510,
        "songDifficulty": 47.69739355589714,
        "vintage": "Winter 2019"
    },
    {
        "animeEng": "Someday's Dreamers II Sora",
        "animeRomaji": "Mahoutsukai ni Taisetsu na Koto: Natsu no Sora",
        "songName": "Fly Away",
        "artist": "THYME",
        "type": "Opening 1",
        "correctCount": 24,
        "startTime": 18,
        "songDuration": 91.056,
        "songNumber": 35,
        "activePlayerCount": 229,
        "LinkVideo": "https://files.catbox.moe/bj4tzl.webm",
        "LinkMp3": "https://files.catbox.moe/kr3wre.mp3",
        "annId": 9696,
        "aniListId": 4483,
        "kitsuId": 3636,
        "malId": 4483,
        "songDifficulty": 13.533078475366537,
        "vintage": "Summer 2008"
    },
    {
        "animeEng": "Tonkatsu DJ Agetarou",
        "animeRomaji": "Tonkatsu DJ Agetarou",
        "songName": "Check the Back Up",
        "artist": "Daisuke Fujiwara",
        "type": "Ending 1",
        "correctCount": 40,
        "startTime": 29,
        "songDuration": 67.473126,
        "songNumber": 36,
        "activePlayerCount": 228,
        "LinkVideo": "https://files.catbox.moe/0112hj.webm",
        "LinkMp3": "https://files.catbox.moe/ivaak9.mp3",
        "annId": 17798,
        "aniListId": 21297,
        "kitsuId": 11318,
        "malId": 31370,
        "songDifficulty": 17.886549539170506,
        "vintage": "Spring 2016"
    },
    {
        "animeEng": "Burning-Eyed Shana",
        "animeRomaji": "Shakugan no Shana",
        "songName": "being",
        "artist": "KOTOKO",
        "type": "Opening 2",
        "correctCount": 64,
        "startTime": 54,
        "songDuration": 90,
        "songNumber": 37,
        "activePlayerCount": 227,
        "LinkVideo": "https://files.catbox.moe/hdhrg5.webm",
        "LinkMp3": "https://files.catbox.moe/nt78bk.mp3",
        "annId": 5943,
        "aniListId": 355,
        "kitsuId": 322,
        "malId": 355,
        "songDifficulty": 20.292707855723673,
        "vintage": "Summer 2005"
    },
    {
        "animeEng": "Star Blazers: Space Battleship Yamato 2199",
        "animeRomaji": "Uchuu Senkan Yamato 2199",
        "songName": "Distance",
        "artist": "JUJU",
        "type": "Ending 3",
        "correctCount": 10,
        "startTime": 4,
        "songDuration": 87.312,
        "songNumber": 38,
        "activePlayerCount": 226,
        "LinkVideo": "https://files.catbox.moe/b9ezso.webm",
        "LinkMp3": "https://files.catbox.moe/xkzmdm.mp3",
        "annId": 13776,
        "aniListId": 12029,
        "kitsuId": 6646,
        "malId": 12029,
        "songDifficulty": 8.902778862847223,
        "vintage": "Spring 2012"
    },
    {
        "animeEng": "Raccoon Rascal",
        "animeRomaji": "Araiguma Rascal",
        "songName": "Rock River e",
        "artist": "Kumiko Oosugi",
        "type": "Opening 1",
        "correctCount": 90,
        "startTime": 16,
        "songDuration": 75.074628,
        "songNumber": 39,
        "activePlayerCount": 226,
        "LinkVideo": "https://files.catbox.moe/ysidjo.webm",
        "LinkMp3": "https://files.catbox.moe/26h44p.mp3",
        "annId": 437,
        "aniListId": 2576,
        "kitsuId": 2341,
        "malId": 2576,
        "songDifficulty": 21.633639006504662,
        "vintage": "Winter 1977"
    },
    {
        "animeEng": "A Couple of Cuckoos",
        "animeRomaji": "Kakkou no Iinazuke",
        "songName": "Shikaku Unmei",
        "artist": "Sangatsu no Phantasia",
        "type": "Ending 1",
        "correctCount": 66,
        "startTime": 58,
        "songDuration": 89.112,
        "songNumber": 40,
        "activePlayerCount": 225,
        "LinkVideo": "https://files.catbox.moe/pufl75.webm",
        "LinkMp3": "https://files.catbox.moe/kj17sw.mp3",
        "annId": 24241,
        "aniListId": 132052,
        "kitsuId": 44310,
        "malId": 48675,
        "songDifficulty": 27.77320138277582,
        "vintage": "Spring 2022"
    },
    {
        "animeEng": "Be Forever Yamato",
        "animeRomaji": "Yamato yo Towa ni",
        "songName": "Ai no Seimei",
        "artist": "Hiromi Iwasaki",
        "type": "Insert Song",
        "correctCount": 4,
        "startTime": 42,
        "songDuration": 86.069333,
        "songNumber": 41,
        "activePlayerCount": 226,
        "LinkVideo": "https://files.catbox.moe/0f5gpe.webm",
        "LinkMp3": "https://files.catbox.moe/gbbolg.mp3",
        "annId": 3654,
        "aniListId": 3069,
        "kitsuId": 2767,
        "malId": 3069,
        "songDifficulty": 5.013123519777313,
        "vintage": "Summer 1980",
        "correctPlayers": [
            "KaedeTakagaki",
            "ESPERMINHA",
            "Rukawa11",
            "minette"
        ]
    },
    {
        "animeEng": "Nisekoi",
        "animeRomaji": "Nisekoi",
        "songName": "STEP",
        "artist": "ClariS",
        "type": "Opening 2",
        "correctCount": 116,
        "startTime": 18,
        "songDuration": 88.896,
        "songNumber": 42,
        "activePlayerCount": 229,
        "LinkVideo": "https://files.catbox.moe/7ns2te.webm",
        "LinkMp3": "https://files.catbox.moe/bainco.mp3",
        "annId": 16607,
        "aniListId": 20728,
        "kitsuId": 8490,
        "malId": 24227,
        "songDifficulty": 36.50580032881822,
        "vintage": "Fall 2014"
    },
    {
        "animeEng": "We Never Learn!: BOKUBEN Season 2",
        "animeRomaji": "Boku-tachi wa Benkyou ga Dekinai!",
        "songName": "Houkago no Liberty",
        "artist": "halca",
        "type": "Ending 1",
        "correctCount": 32,
        "startTime": 10,
        "songDuration": 89.4,
        "songNumber": 43,
        "activePlayerCount": 229,
        "LinkVideo": "https://files.catbox.moe/d60fip.webm",
        "LinkMp3": "https://files.catbox.moe/jqi725.mp3",
        "annId": 22278,
        "aniListId": 110229,
        "kitsuId": 42414,
        "malId": 40004,
        "songDifficulty": 16.81529868265722,
        "vintage": "Fall 2019"
    },
    {
        "animeEng": "The Perfect Insider",
        "animeRomaji": "Subete ga F ni Naru",
        "songName": "Nana Hitsuji",
        "artist": "Scenarioart",
        "type": "Ending 1",
        "correctCount": 30,
        "startTime": 52,
        "songDuration": 88.512,
        "songNumber": 44,
        "activePlayerCount": 228,
        "LinkVideo": "https://files.catbox.moe/6t47bz.webm",
        "LinkMp3": "https://files.catbox.moe/c9yueq.mp3",
        "annId": 16594,
        "aniListId": 21190,
        "kitsuId": 10037,
        "malId": 28621,
        "songDifficulty": 22.263589679358716,
        "vintage": "Fall 2015"
    },
    {
        "animeEng": "Genius Party",
        "animeRomaji": "Genius Party",
        "songName": "Gokaider no Theme",
        "artist": "Akio Izutsu",
        "type": "Insert Song",
        "correctCount": 7,
        "startTime": 75,
        "songDuration": 131.664,
        "songNumber": 45,
        "activePlayerCount": 229,
        "LinkVideo": "https://files.catbox.moe/yfoqrt.webm",
        "LinkMp3": "https://files.catbox.moe/94erdz.mp3",
        "annId": 5844,
        "aniListId": 3508,
        "kitsuId": 3060,
        "malId": 3508,
        "songDifficulty": 6.540007402254566,
        "vintage": "Summer 2007"
    },
    {
        "animeEng": "Suzakinishi THE ANIMATION",
        "animeRomaji": "Suzakinishi THE ANIMATION",
        "songName": "Smile\u2606Revolution",
        "artist": "SuzakiNishi",
        "type": "Opening 1",
        "correctCount": 25,
        "startTime": 0,
        "songDuration": 28.56,
        "songNumber": 46,
        "activePlayerCount": 229,
        "LinkVideo": "https://files.catbox.moe/83n9oo.webm",
        "LinkMp3": "https://files.catbox.moe/b3asty.mp3",
        "annId": 17216,
        "aniListId": 21205,
        "kitsuId": 11005,
        "malId": 30826,
        "songDifficulty": 12.251272835205214,
        "vintage": "Summer 2015"
    },
    {
        "animeEng": "Kuroko's Basketball",
        "animeRomaji": "Kuroko no Basuke",
        "songName": "Can Do",
        "artist": "GRANRODEO",
        "type": "Opening 1",
        "correctCount": 168,
        "startTime": 41,
        "songDuration": 89.568,
        "songNumber": 47,
        "activePlayerCount": 230,
        "LinkVideo": "https://files.catbox.moe/69357b.webm",
        "LinkMp3": "https://files.catbox.moe/e18ebk.mp3",
        "annId": 13616,
        "aniListId": 11771,
        "kitsuId": 6595,
        "malId": 11771,
        "songDifficulty": 44.47630008661897,
        "vintage": "Spring 2012"
    },
    {
        "animeEng": "Chickip Dancers",
        "animeRomaji": "Chickip Dancers",
        "songName": "Chickip Dance",
        "artist": "Erino Yumiki",
        "type": "Opening 1",
        "correctCount": 48,
        "startTime": 0,
        "songDuration": 27,
        "songNumber": 48,
        "activePlayerCount": 231,
        "LinkVideo": "https://files.catbox.moe/n4nj0d.webm",
        "LinkMp3": "https://files.catbox.moe/pmrwa4.mp3",
        "annId": 24039,
        "aniListId": 130962,
        "kitsuId": null,
        "malId": 47623,
        "songDifficulty": 18.937853862606946,
        "vintage": "Fall 2021"
    },
    {
        "animeEng": "The Rising of the Shield Hero Season 2",
        "animeRomaji": "Tate no Yuusha no Nariagari Season 2",
        "songName": "Yuzurenai",
        "artist": "Chiai Fujikawa",
        "type": "Ending 1",
        "correctCount": 44,
        "startTime": 28,
        "songDuration": 88.896,
        "songNumber": 49,
        "activePlayerCount": 231,
        "LinkVideo": "https://files.catbox.moe/pxtw0q.webm",
        "LinkMp3": "https://files.catbox.moe/roht5s.mp3",
        "annId": 23602,
        "aniListId": 111321,
        "kitsuId": 42530,
        "malId": 40356,
        "songDifficulty": 17.014534029339604,
        "vintage": "Spring 2022"
    },
    {
        "animeEng": "Love Live! Nijigasaki High School Idol Club",
        "animeRomaji": "Love Live! School Idol Project Nijigasaki Gakuen School Idol Doukoukai",
        "songName": "Niji-iro Passions!",
        "artist": "Nijigasaki Gakuen School Idol Doukoukai",
        "type": "Opening 1",
        "correctCount": 72,
        "startTime": 17,
        "songDuration": 90.024,
        "songNumber": 50,
        "activePlayerCount": 231,
        "LinkVideo": "https://files.catbox.moe/by2nvf.webm",
        "LinkMp3": "https://files.catbox.moe/11zh98.mp3",
        "annId": 22934,
        "aniListId": 113970,
        "kitsuId": 42872,
        "malId": 40879,
        "songDifficulty": 32.48892029865956,
        "vintage": "Fall 2020"
    },
    {
        "animeEng": "Spooky Kitaro",
        "animeRomaji": "Gegege no Kitarou",
        "songName": "Karan Koron no Uta",
        "artist": "Ukadan",
        "type": "Ending 1",
        "correctCount": 217,
        "startTime": 53,
        "songDuration": 90.648,
        "songNumber": 51,
        "activePlayerCount": 233,
        "LinkVideo": "https://files.catbox.moe/5txqmf.webm",
        "LinkMp3": "https://files.catbox.moe/edu0gv.mp3",
        "annId": 2214,
        "aniListId": 7619,
        "kitsuId": 7746,
        "malId": 7619,
        "songDifficulty": 51.75228156160216,
        "vintage": "Winter 1996"
    },
    {
        "animeEng": "The Girl in Twilight",
        "animeRomaji": "Akanesasu Shoujo",
        "songName": "Soranetarium",
        "artist": "MICHI",
        "type": "Opening 1",
        "correctCount": 21,
        "startTime": 58,
        "songDuration": 87.587066,
        "songNumber": 52,
        "activePlayerCount": 235,
        "LinkVideo": "https://files.catbox.moe/u4oyiw.webm",
        "LinkMp3": "https://files.catbox.moe/vwc4a1.mp3",
        "annId": 20780,
        "aniListId": 101360,
        "kitsuId": 41943,
        "malId": 37561,
        "songDifficulty": 18.065044427600817,
        "vintage": "Fall 2018"
    },
    {
        "animeEng": "Actors: Songs Connection",
        "animeRomaji": "Actors: Songs Connection",
        "songName": "Cloudy day",
        "artist": "Gakuto Kajiwara",
        "type": "Insert Song",
        "correctCount": 12,
        "startTime": 60,
        "songDuration": 117.024,
        "songNumber": 53,
        "activePlayerCount": 235,
        "LinkVideo": "https://files.catbox.moe/xne2kt.webm",
        "LinkMp3": "https://files.catbox.moe/kizfcc.mp3",
        "annId": 21769,
        "aniListId": 105246,
        "kitsuId": 42308,
        "malId": 38670,
        "songDifficulty": 16.688287447004925,
        "vintage": "Fall 2019"
    },
    {
        "animeEng": "Princess Principal",
        "animeRomaji": "Princess Principal",
        "songName": "The Other Side of the Wall",
        "artist": "Void_Chords feat.MARU",
        "type": "Opening 1",
        "correctCount": 115,
        "startTime": 7,
        "songDuration": 88.992,
        "songNumber": 54,
        "activePlayerCount": 235,
        "LinkVideo": "https://files.catbox.moe/ol00hv.webm",
        "LinkMp3": "https://files.catbox.moe/di8nls.mp3",
        "annId": 19393,
        "aniListId": 98505,
        "kitsuId": 13261,
        "malId": 35240,
        "songDifficulty": 34.93596229814956,
        "vintage": "Summer 2017"
    },
    {
        "animeEng": "Saint Seiya: The Hades Chapter - Sanctuary",
        "animeRomaji": "Saint Seiya: Meiou Hades Juuni Kyuu-hen",
        "songName": "Eien Blue",
        "artist": "MAKE-UP",
        "type": "Insert Song",
        "correctCount": 108,
        "startTime": 0,
        "songDuration": 68.592,
        "songNumber": 55,
        "activePlayerCount": 235,
        "LinkVideo": "https://files.catbox.moe/pdf0tp.webm",
        "LinkMp3": "https://files.catbox.moe/vgahnc.mp3",
        "annId": 1797,
        "aniListId": 1257,
        "kitsuId": 1132,
        "malId": 1257,
        "songDifficulty": 36.43495592948718,
        "vintage": "Fall 2002"
    },
    {
        "animeEng": "Big Order",
        "animeRomaji": "Big Order",
        "songName": "Order Doushi no Tatakai",
        "artist": "Evan Call",
        "type": "Insert Song",
        "correctCount": 5,
        "startTime": 104,
        "songDuration": 188.856,
        "songNumber": 56,
        "activePlayerCount": 233,
        "LinkVideo": "https://files.catbox.moe/tzptc9.webm",
        "LinkMp3": "https://files.catbox.moe/c4lh5z.mp3",
        "annId": 17750,
        "aniListId": 21445,
        "kitsuId": 11455,
        "malId": 31904,
        "songDifficulty": 8.431952385646687,
        "vintage": "Spring 2016",
        "correctPlayers": [
            "ShirouKitsune",
            "Black_Flame",
            "Carlos1218",
            "MikuOlliet",
            "TKN"
        ]
    },
    {
        "animeEng": "INTERSTELLA 5555: The 5tory of the 5ecret 5tar 5ystem",
        "animeRomaji": "INTERSTELLA 5555: The 5tory of the 5ecret 5tar 5ystem",
        "songName": "Face To Face",
        "artist": "Daft Punk feat. Todd Edwards",
        "type": "Insert Song",
        "correctCount": 109,
        "startTime": 166,
        "songDuration": 233.328,
        "songNumber": 57,
        "activePlayerCount": 235,
        "LinkVideo": "https://files.catbox.moe/n9li1i.webm",
        "LinkMp3": "https://files.catbox.moe/rrlelo.mp3",
        "annId": 2391,
        "aniListId": 731,
        "kitsuId": 658,
        "malId": 731,
        "songDifficulty": 42.60860208535402,
        "vintage": "Summer 2001"
    },
    {
        "animeEng": "Lupin III: Record of Observations of the East - Another Page",
        "animeRomaji": "Lupin Sansei: Touhou Kenbunroku - Another Page",
        "songName": "Lupin III Ai no Theme",
        "artist": "Yuji Ohno & Lupintic Five with Friends Feat. DOUBLE",
        "type": "Ending 1",
        "correctCount": 1,
        "startTime": 104,
        "songDuration": 136.032,
        "songNumber": 58,
        "activePlayerCount": 234,
        "LinkVideo": "https://files.catbox.moe/ie7ir8.webm",
        "LinkMp3": "https://files.catbox.moe/c65wmg.mp3",
        "annId": 14828,
        "aniListId": 15783,
        "kitsuId": 7308,
        "malId": 15783,
        "songDifficulty": 5.067672971695188,
        "vintage": "Fall 2012",
        "correctPlayers": [
            "Swaye"
        ]
    },
    {
        "animeEng": "Panzer World Galient",
        "animeRomaji": "Kikou Kai Galient",
        "songName": "Hoshi no Ichibyou",
        "artist": "EUROX",
        "type": "Ending 1",
        "correctCount": 3,
        "startTime": 14,
        "songDuration": 58.069206,
        "songNumber": 59,
        "activePlayerCount": 233,
        "LinkVideo": "https://files.catbox.moe/p03j3d.webm",
        "LinkMp3": "https://files.catbox.moe/d31jm3.mp3",
        "annId": 874,
        "aniListId": 5153,
        "kitsuId": 3952,
        "malId": 5153,
        "songDifficulty": 8.29398690374787,
        "vintage": "Fall 1984",
        "correctPlayers": [
            "watashiii",
            "ESPERMINHA",
            "Rukawa11"
        ]
    },
    {
        "animeEng": "A Predator in a Skirt",
        "animeRomaji": "Skirt no Naka wa Kedamono Deshita",
        "songName": "secret",
        "artist": "Saki Hazuki",
        "type": "Ending 1",
        "correctCount": 15,
        "startTime": 0,
        "songDuration": 14.928,
        "songNumber": 60,
        "activePlayerCount": 233,
        "LinkVideo": "https://files.catbox.moe/r8ui12.webm",
        "LinkMp3": "https://files.catbox.moe/7w5b9n.mp3",
        "annId": 19667,
        "aniListId": 98790,
        "kitsuId": 13589,
        "malId": 35629,
        "songDifficulty": 14.838865036481277,
        "vintage": "Summer 2017"
    },
    {
        "animeEng": "Welcome to Demon School! Iruma-kun",
        "animeRomaji": "Mairimashita! Iruma-kun",
        "songName": "Kimi no Koakuma Mokushiroku",
        "artist": "Nao Touyama & Ayumu Murase",
        "type": "Insert Song",
        "correctCount": 76,
        "startTime": 11,
        "songDuration": 101.568,
        "songNumber": 61,
        "activePlayerCount": 234,
        "LinkVideo": "https://files.catbox.moe/4quwzt.webm",
        "LinkMp3": "https://files.catbox.moe/zhrp2q.mp3",
        "annId": 21927,
        "aniListId": 107693,
        "kitsuId": 42310,
        "malId": 39196,
        "songDifficulty": 32.60269019717262,
        "vintage": "Fall 2019"
    },
    {
        "animeEng": "Blade Runner: Black Lotus",
        "animeRomaji": "Blade Runner: Black Lotus",
        "songName": "Evil",
        "artist": "Daya",
        "type": "Ending 3",
        "correctCount": 22,
        "startTime": 7,
        "songDuration": 57.576,
        "songNumber": 62,
        "activePlayerCount": 235,
        "LinkVideo": "https://files.catbox.moe/etbco8.webm",
        "LinkMp3": "https://files.catbox.moe/j081pj.mp3",
        "annId": 24422,
        "aniListId": 105931,
        "kitsuId": 41998,
        "malId": 38749,
        "songDifficulty": 27.54709177541209,
        "vintage": "Fall 2021"
    },
    {
        "animeEng": "Black Bullet",
        "animeRomaji": "Black Bullet",
        "songName": "black bullet",
        "artist": "fripSide",
        "type": "Opening 1",
        "correctCount": 159,
        "startTime": 11,
        "songDuration": 89.568,
        "songNumber": 63,
        "activePlayerCount": 234,
        "LinkVideo": "https://files.catbox.moe/3ndohy.webm",
        "LinkMp3": "https://files.catbox.moe/5d95gf.mp3",
        "annId": 15769,
        "aniListId": 20457,
        "kitsuId": 8052,
        "malId": 20787,
        "songDifficulty": 35.09711179744358,
        "vintage": "Spring 2014"
    },
    {
        "animeEng": "Idol Time PriPara",
        "animeRomaji": "Idol Time PriPara",
        "songName": "Puritto Perfect",
        "artist": "Yuu Serizawa",
        "type": "Insert Song",
        "correctCount": 121,
        "startTime": 13,
        "songDuration": 89.856,
        "songNumber": 64,
        "activePlayerCount": 234,
        "LinkVideo": "https://files.catbox.moe/aqmnrk.webm",
        "LinkMp3": "https://files.catbox.moe/umodww.mp3",
        "annId": 19329,
        "aniListId": 98107,
        "kitsuId": 13293,
        "malId": 34787,
        "songDifficulty": 39.82309128233492,
        "vintage": "Spring 2017"
    },
    {
        "animeEng": "Kemono Friends",
        "animeRomaji": "Kemono Friends",
        "songName": "Youkoso Japari Park e",
        "artist": "Doubutsu Biscuits\u00d7PPP",
        "type": "Opening 1",
        "correctCount": 136,
        "startTime": 36,
        "songDuration": 90.072,
        "songNumber": 65,
        "activePlayerCount": 234,
        "LinkVideo": "https://files.catbox.moe/q48058.webm",
        "LinkMp3": "https://files.catbox.moe/9ri0wg.mp3",
        "annId": 18799,
        "aniListId": 87496,
        "kitsuId": 12707,
        "malId": 33089,
        "songDifficulty": 38.58367079561696,
        "vintage": "Winter 2017"
    },
    {
        "animeEng": "One Punch Man",
        "animeRomaji": "One Punch Man",
        "songName": "Seijaku no Apostle",
        "artist": "JAM Project",
        "type": "Opening 1",
        "correctCount": 198,
        "startTime": 16,
        "songDuration": 88.584,
        "songNumber": 66,
        "activePlayerCount": 234,
        "LinkVideo": "https://files.catbox.moe/vfo7ja.webm",
        "LinkMp3": "https://files.catbox.moe/ejfvik.mp3",
        "annId": 21282,
        "aniListId": 97668,
        "kitsuId": 12566,
        "malId": 34134,
        "songDifficulty": 54.93285841107214,
        "vintage": "Spring 2019"
    },
    {
        "animeEng": "Teasing Master Takagi-san 3",
        "animeRomaji": "Karakai Jouzu no Takagi-san 3",
        "songName": "Yume de Aetara",
        "artist": "Rie Takahashi",
        "type": "Ending 1",
        "correctCount": 42,
        "startTime": 14,
        "songDuration": 89.28,
        "songNumber": 67,
        "activePlayerCount": 232,
        "LinkVideo": "https://files.catbox.moe/b1v1id.webm",
        "LinkMp3": "https://files.catbox.moe/o90u02.mp3",
        "annId": 24696,
        "aniListId": 138424,
        "kitsuId": 45022,
        "malId": 49721,
        "songDifficulty": 31.21724737682482,
        "vintage": "Winter 2022"
    },
    {
        "animeEng": "Burst Angel",
        "animeRomaji": "Bakuretsu Tenshi",
        "songName": "Loosey",
        "artist": "THE STRiPES",
        "type": "Opening 1",
        "correctCount": 28,
        "startTime": 38,
        "songDuration": 86.568,
        "songNumber": 68,
        "activePlayerCount": 234,
        "LinkVideo": "https://files.catbox.moe/x532yz.webm",
        "LinkMp3": "https://files.catbox.moe/b7xp91.mp3",
        "annId": 3560,
        "aniListId": 109,
        "kitsuId": 88,
        "malId": 109,
        "songDifficulty": 17.95233236718195,
        "vintage": "Spring 2004"
    },
    {
        "animeEng": "Hyouge Mono",
        "animeRomaji": "Hyouge Mono",
        "songName": "Ebi Sukui",
        "artist": "\u2606Taku Takahashi of m-flo",
        "type": "Opening 3",
        "correctCount": 18,
        "startTime": 3,
        "songDuration": 87.587066,
        "songNumber": 69,
        "activePlayerCount": 234,
        "LinkVideo": "https://files.catbox.moe/pkibgd.webm",
        "LinkMp3": "https://files.catbox.moe/zou9li.mp3",
        "annId": 12245,
        "aniListId": 9996,
        "kitsuId": 5985,
        "malId": 9996,
        "songDifficulty": 10.9014111328125,
        "vintage": "Spring 2011"
    },
    {
        "animeEng": "Di Gi Charat: Winter Garden",
        "animeRomaji": "Winter Garden",
        "songName": "le petit jardin",
        "artist": "Miyuki Sawashiro",
        "type": "Insert Song",
        "correctCount": 16,
        "startTime": 91,
        "songDuration": 127.32,
        "songNumber": 70,
        "activePlayerCount": 234,
        "LinkVideo": "https://files.catbox.moe/ek6xrs.webm",
        "LinkMp3": "https://files.catbox.moe/x91o4t.mp3",
        "annId": 7030,
        "aniListId": 1718,
        "kitsuId": 1539,
        "malId": 1718,
        "songDifficulty": 12.340704314720812,
        "vintage": "Fall 2006"
    },
    {
        "animeEng": "Kotaro Lives Alone",
        "animeRomaji": "Kotarou wa Hitorigurashi",
        "songName": "Tonosaman no Uta",
        "artist": "Enri Yamada",
        "type": "Opening 2",
        "correctCount": 14,
        "startTime": 8,
        "songDuration": 56.832,
        "songNumber": 71,
        "activePlayerCount": 236,
        "LinkVideo": "https://files.catbox.moe/qzozte.webm",
        "LinkMp3": "https://files.catbox.moe/eqfm1w.mp3",
        "annId": 24767,
        "aniListId": 139589,
        "kitsuId": 45245,
        "malId": 49909,
        "songDifficulty": 14.518775058291629,
        "vintage": "Winter 2022"
    },
    {
        "animeEng": "Fruits Basket",
        "animeRomaji": "Fruits Basket",
        "songName": "Chiisana Inori",
        "artist": "Ritsuko Okazaki",
        "type": "Ending 1",
        "correctCount": 34,
        "startTime": 8,
        "songDuration": 80.04,
        "songNumber": 72,
        "activePlayerCount": 236,
        "LinkVideo": "https://files.catbox.moe/a7amax.webm",
        "LinkMp3": "https://files.catbox.moe/wqqqql.mp3",
        "annId": 348,
        "aniListId": 120,
        "kitsuId": 99,
        "malId": 120,
        "songDifficulty": 25.76072362767893,
        "vintage": "Summer 2001"
    },
    {
        "animeEng": "Aura Battler Dunbine",
        "animeRomaji": "Seisenshi Dunbine",
        "songName": "Dunbine Tobu",
        "artist": "MIO",
        "type": "Opening 1",
        "correctCount": 23,
        "startTime": 25,
        "songDuration": 87.888,
        "songNumber": 73,
        "activePlayerCount": 236,
        "LinkVideo": "https://files.catbox.moe/916unq.webm",
        "LinkMp3": "https://files.catbox.moe/jytfi6.mp3",
        "annId": 1188,
        "aniListId": 929,
        "kitsuId": 827,
        "malId": 929,
        "songDifficulty": 19.48106518475163,
        "vintage": "Winter 1983"
    },
    {
        "animeEng": "The Demon Girl Next Door",
        "animeRomaji": "Machikado Mazoku",
        "songName": "Machikado Tangent",
        "artist": "shami momo",
        "type": "Opening 1",
        "correctCount": 94,
        "startTime": 14,
        "songDuration": 90.168,
        "songNumber": 74,
        "activePlayerCount": 236,
        "LinkVideo": "https://files.catbox.moe/fh0qq0.webm",
        "LinkMp3": "https://files.catbox.moe/5kxs3p.mp3",
        "annId": 22008,
        "aniListId": 107490,
        "kitsuId": 42137,
        "malId": 39071,
        "songDifficulty": 28.788517909487382,
        "vintage": "Summer 2019"
    },
    {
        "animeEng": "Slam Dunk",
        "animeRomaji": "Slam Dunk",
        "songName": "Anata dake Mitsumeteru",
        "artist": "Maki Ohguro",
        "type": "Ending 1",
        "correctCount": 18,
        "startTime": 31,
        "songDuration": 89.064,
        "songNumber": 75,
        "activePlayerCount": 236,
        "LinkVideo": "https://files.catbox.moe/45jo8v.webm",
        "LinkMp3": "https://files.catbox.moe/15ylg8.mp3",
        "annId": 659,
        "aniListId": 170,
        "kitsuId": 148,
        "malId": 170,
        "songDifficulty": 24.813525909237207,
        "vintage": "Fall 1993"
    },
    {
        "animeEng": "Robo to Shoujo (Kari)",
        "animeRomaji": "Robo to Shoujo (Kari)",
        "songName": "Shuuchakueki",
        "artist": "Yuka Ino",
        "type": "Ending 1",
        "correctCount": 5,
        "startTime": 54,
        "songDuration": 95.808,
        "songNumber": 76,
        "activePlayerCount": 235,
        "LinkVideo": "https://files.catbox.moe/urqsex.webm",
        "LinkMp3": "https://files.catbox.moe/2nkwr1.mp3",
        "annId": 23062,
        "aniListId": 11661,
        "kitsuId": 6555,
        "malId": 11661,
        "songDifficulty": 5.441211607033545,
        "vintage": "Spring 2010",
        "correctPlayers": [
            "watashiii",
            "OnlyMonMusu",
            "SmartHardyz",
            "ESPERMINHA",
            "JuliAless64"
        ]
    },
    {
        "animeEng": "Tawawa on Monday",
        "animeRomaji": "Getsuyoubi no Tawawa",
        "songName": "Otome no Tawawa",
        "artist": "Sayaka Harada",
        "type": "Ending 1",
        "correctCount": 37,
        "startTime": 6,
        "songDuration": 60.0806,
        "songNumber": 77,
        "activePlayerCount": 235,
        "LinkVideo": "https://files.catbox.moe/095ye6.webm",
        "LinkMp3": "https://files.catbox.moe/tojnzl.mp3",
        "annId": 18786,
        "aniListId": 97716,
        "kitsuId": 12640,
        "malId": 34213,
        "songDifficulty": 17.281928058577936,
        "vintage": "Fall 2016"
    },
    {
        "animeEng": "Forest of Piano",
        "animeRomaji": "Piano no Mori",
        "songName": "\u00c9tude Op. 10, No. 1",
        "artist": "Kai Ichinose",
        "type": "Opening 1",
        "correctCount": 101,
        "startTime": 23,
        "songDuration": 119.808,
        "songNumber": 78,
        "activePlayerCount": 234,
        "LinkVideo": "https://files.catbox.moe/pv4k3o.webm",
        "LinkMp3": "https://files.catbox.moe/jcjigh.mp3",
        "annId": 20596,
        "aniListId": 100401,
        "kitsuId": 13984,
        "malId": 36652,
        "songDifficulty": 44.17854239093866,
        "vintage": "Spring 2018"
    },
    {
        "animeEng": "Blue Spring Ride",
        "animeRomaji": "Ao Haru Ride",
        "songName": "I will",
        "artist": "Chelsy",
        "type": "Insert Song",
        "correctCount": 28,
        "startTime": 89,
        "songDuration": 165.561236,
        "songNumber": 79,
        "activePlayerCount": 233,
        "LinkVideo": "https://files.catbox.moe/5ogi9n.webm",
        "LinkMp3": "https://files.catbox.moe/ugdzcw.mp3",
        "annId": 15817,
        "aniListId": 20596,
        "kitsuId": 8246,
        "malId": 21995,
        "songDifficulty": 18.945014051361724,
        "vintage": "Summer 2014"
    },
    {
        "animeEng": "Detective Conan: 16 Suspects",
        "animeRomaji": "Meitantei Conan: 16-nin no Yougisha",
        "songName": "Winter Bells",
        "artist": "Mai Kuraki",
        "type": "Ending 1",
        "correctCount": 109,
        "startTime": 37,
        "songDuration": 101.424,
        "songNumber": 80,
        "activePlayerCount": 235,
        "LinkVideo": "https://files.catbox.moe/mhb4e5.webm",
        "LinkMp3": "https://files.catbox.moe/80wbgl.mp3",
        "annId": 5141,
        "aniListId": 2512,
        "kitsuId": 2278,
        "malId": 2512,
        "songDifficulty": 28.550161279134294,
        "vintage": "Winter 2002"
    },
    {
        "animeEng": "PriPara",
        "animeRomaji": "PriPara",
        "songName": "Dream Parade",
        "artist": "Himika Akaneya",
        "type": "Insert Song",
        "correctCount": 74,
        "startTime": 48,
        "songDuration": 136.512,
        "songNumber": 81,
        "activePlayerCount": 234,
        "LinkVideo": "https://files.catbox.moe/zpc4kb.webm",
        "LinkMp3": "https://files.catbox.moe/cwza85.mp3",
        "annId": 16674,
        "aniListId": 20742,
        "kitsuId": 8555,
        "malId": 23135,
        "songDifficulty": 34.07350955703883,
        "vintage": "Spring 2015"
    },
    {
        "animeEng": "Idoly Pride",
        "animeRomaji": "Idoly Pride",
        "songName": "First Step",
        "artist": "Mai Kanno",
        "type": "Insert Song",
        "correctCount": 60,
        "startTime": 7,
        "songDuration": 37.056,
        "songNumber": 82,
        "activePlayerCount": 233,
        "LinkVideo": "https://files.catbox.moe/ij11np.webm",
        "LinkMp3": "https://files.catbox.moe/aialva.mp3",
        "annId": 22923,
        "aniListId": 113814,
        "kitsuId": 42868,
        "malId": 40842,
        "songDifficulty": 30.566615123703112,
        "vintage": "Winter 2021"
    },
    {
        "animeEng": "Haikyu!! Movie Concept no Tatakai",
        "animeRomaji": "Haikyu!! Movie Concept no Tatakai",
        "songName": "Hikari Are",
        "artist": "BURNOUT SYNDROMES",
        "type": "Ending 1",
        "correctCount": 56,
        "startTime": 116,
        "songDuration": 239.952,
        "songNumber": 83,
        "activePlayerCount": 233,
        "LinkVideo": "https://files.catbox.moe/tywqad.webm",
        "LinkMp3": "https://files.catbox.moe/gb071d.mp3",
        "annId": 19746,
        "aniListId": 98885,
        "kitsuId": 13656,
        "malId": 35111,
        "songDifficulty": 42.48225641451006,
        "vintage": "Summer 2017"
    },
    {
        "animeEng": "Girlfriend, Girlfriend",
        "animeRomaji": "Kanojo mo Kanojo",
        "songName": "Pinky Hook",
        "artist": "Momo Asakura",
        "type": "Ending 1",
        "correctCount": 74,
        "startTime": 50,
        "songDuration": 87.648,
        "songNumber": 84,
        "activePlayerCount": 232,
        "LinkVideo": "https://files.catbox.moe/iv1w00.webm",
        "LinkMp3": "https://files.catbox.moe/fjqabm.mp3",
        "annId": 23918,
        "aniListId": 126192,
        "kitsuId": 44165,
        "malId": 43969,
        "songDifficulty": 25.12008321157885,
        "vintage": "Summer 2021"
    },
    {
        "animeEng": "Chihayafuru",
        "animeRomaji": "Chihayafuru",
        "songName": "YOUTHFUL ~from Studio Yamato~",
        "artist": "99RadioService",
        "type": "Ending 2",
        "correctCount": 137,
        "startTime": 64,
        "songDuration": 131.4,
        "songNumber": 85,
        "activePlayerCount": 227,
        "LinkVideo": "https://files.catbox.moe/72lk9e.webm",
        "LinkMp3": "https://files.catbox.moe/ow2tp3.mp3",
        "annId": 12991,
        "aniListId": 10800,
        "kitsuId": 6355,
        "malId": 10800,
        "songDifficulty": 42.66468717060684,
        "vintage": "Fall 2011"
    }
]