[
    {
        "animeEng": "Space Runaway Ideon: Contact",
        "animeRomaji": "Densetsu Kyojin Ideon: Sesshoku-hen",
        "songName": "Sailing Fly",
        "artist": "Akiko Mizuhara",
        "type": "Ending 1",
        "correctCount": 10,
        "startTime": 67,
        "songDuration": 118.08,
        "songNumber": 1,
        "activePlayerCount": 94,
        "LinkVideo": "https://files.catbox.moe/ywtib6.webm",
        "LinkMp3": "https://files.catbox.moe/b0ka3e.mp3",
        "annId": 2694,
        "aniListId": 2760,
        "kitsuId": 2520,
        "malId": 2760,
        "songDifficulty": 8.483226420566746,
        "vintage": "Summer 1982"
    },
    {
        "animeEng": "Summer Time Rendering",
        "animeRomaji": "Summertime Render",
        "songName": "Hoshi ga Oyogu",
        "artist": "Macaroni Enpitsu",
        "type": "Opening 1",
        "correctCount": 34,
        "startTime": 44,
        "songDuration": 87.768,
        "songNumber": 2,
        "activePlayerCount": 101,
        "LinkVideo": "https://files.catbox.moe/6ssz8a.webm",
        "LinkMp3": "https://files.catbox.moe/kqbqvy.mp3",
        "annId": 24550,
        "aniListId": 129201,
        "kitsuId": 44032,
        "malId": 47194,
        "songDifficulty": 31.390752197981115,
        "vintage": "Spring 2022"
    },
    {
        "animeEng": "Spooky Kitaro",
        "animeRomaji": "Gegege no Kitarou",
        "songName": "Gegege no Kitarou",
        "artist": "Ikuzo Yoshi",
        "type": "Opening 1",
        "correctCount": 79,
        "startTime": 44,
        "songDuration": 88.464,
        "songNumber": 3,
        "activePlayerCount": 104,
        "LinkVideo": "https://files.catbox.moe/ictdru.webm",
        "LinkMp3": "https://files.catbox.moe/wkmfm4.mp3",
        "annId": 2213,
        "aniListId": 7307,
        "kitsuId": 4936,
        "malId": 7307,
        "songDifficulty": 57.605181028347765,
        "vintage": "Fall 1985"
    },
    {
        "animeEng": "Magical Doremi",
        "animeRomaji": "Ojamajo Doremi",
        "songName": "Ojamajo Carnival!!",
        "artist": "MAHO-dou",
        "type": "Opening 1",
        "correctCount": 62,
        "startTime": 56,
        "songDuration": 88.656,
        "songNumber": 4,
        "activePlayerCount": 105,
        "LinkVideo": "https://files.catbox.moe/c54tja.webm",
        "LinkMp3": "https://files.catbox.moe/jfveew.mp3",
        "annId": 1190,
        "aniListId": 350,
        "kitsuId": 317,
        "malId": 350,
        "songDifficulty": 42.59229538058857,
        "vintage": "Winter 1999"
    },
    {
        "animeEng": "PriPara",
        "animeRomaji": "PriPara",
        "songName": "Amazing Castle",
        "artist": "Gaarmageddon",
        "type": "Insert Song",
        "correctCount": 37,
        "startTime": 38,
        "songDuration": 136.944,
        "songNumber": 5,
        "activePlayerCount": 106,
        "LinkVideo": "https://files.catbox.moe/uiqrws.webm",
        "LinkMp3": "https://files.catbox.moe/se7frl.mp3",
        "annId": 18090,
        "aniListId": 20742,
        "kitsuId": 8555,
        "malId": 23135,
        "songDifficulty": 43.343235612623765,
        "vintage": "Spring 2016"
    },
    {
        "animeEng": "Love Live! School Idol Project",
        "animeRomaji": "Love Live! School Idol Project",
        "songName": "Donna Toki mo Zutto",
        "artist": "Riho Iida, Pile, Yurika Kubo",
        "type": "Ending 5",
        "correctCount": 65,
        "startTime": 4,
        "songDuration": 89.904,
        "songNumber": 6,
        "activePlayerCount": 107,
        "LinkVideo": "https://files.catbox.moe/b1q25u.webm",
        "LinkMp3": "https://files.catbox.moe/ynaro7.mp3",
        "annId": 15812,
        "aniListId": 19111,
        "kitsuId": 7871,
        "malId": 19111,
        "songDifficulty": 44.53566853557107,
        "vintage": "Spring 2014"
    },
    {
        "animeEng": "Box of Goblins",
        "animeRomaji": "Mouryou no Hako",
        "songName": "Lost in Blue",
        "artist": "Nightmare",
        "type": "Opening 1",
        "correctCount": 23,
        "startTime": 41,
        "songDuration": 73.056,
        "songNumber": 7,
        "activePlayerCount": 109,
        "LinkVideo": "https://files.catbox.moe/9nhfax.webm",
        "LinkMp3": "https://files.catbox.moe/a6evo1.mp3",
        "annId": 10153,
        "aniListId": 4879,
        "kitsuId": 3835,
        "malId": 4879,
        "songDifficulty": 16.19000788748667,
        "vintage": "Fall 2008"
    },
    {
        "animeEng": "Yu-Gi-Oh! Sevens",
        "animeRomaji": "Yu-Gi-Oh! Sevens",
        "songName": "Gouha Dai-7 Shougakkou Kouka (4-nin Gasshou ver.)",
        "artist": "Hiiro Ishibashi, Taku Yashiro, Natsuki Hanae, Tomori Kusunoki",
        "type": "Ending 4",
        "correctCount": 41,
        "startTime": 54,
        "songDuration": 85.896,
        "songNumber": 8,
        "activePlayerCount": 109,
        "LinkVideo": "https://files.catbox.moe/gr4ll1.webm",
        "LinkMp3": "https://files.catbox.moe/ohqks8.mp3",
        "annId": 23031,
        "aniListId": 114072,
        "kitsuId": 42899,
        "malId": 40145,
        "songDifficulty": 29.858849789915965,
        "vintage": "Spring 2020"
    },
    {
        "animeEng": "Zan Sayonara Zetsubou Sensei",
        "animeRomaji": "Zan Sayonara Zetsubou Sensei",
        "songName": "Zetsubou Sensei Ekaki Uta",
        "artist": "Chiwa Saito, Akiko Yajima",
        "type": "Insert Song",
        "correctCount": 67,
        "startTime": 3,
        "songDuration": 41.256,
        "songNumber": 9,
        "activePlayerCount": 110,
        "LinkVideo": "https://files.catbox.moe/cm9fs6.webm",
        "LinkMp3": "https://files.catbox.moe/hizhd9.mp3",
        "annId": 10805,
        "aniListId": 6377,
        "kitsuId": 4537,
        "malId": 6377,
        "songDifficulty": 36.63541412849253,
        "vintage": "Summer 2009"
    },
    {
        "animeEng": "Spooky Kitaro",
        "animeRomaji": "Gegege no Kitarou",
        "songName": "Kitarou Olympics",
        "artist": "Kazuo Kumakura",
        "type": "Ending 3",
        "correctCount": 9,
        "startTime": 26,
        "songDuration": 60.168,
        "songNumber": 10,
        "activePlayerCount": 110,
        "LinkVideo": "https://files.catbox.moe/imevp7.webm",
        "LinkMp3": "https://files.catbox.moe/lvlrf7.mp3",
        "annId": 1328,
        "aniListId": 5688,
        "kitsuId": 4246,
        "malId": 5688,
        "songDifficulty": 47.578395510335916,
        "vintage": "Winter 1968"
    },
    {
        "animeEng": "Kuroko's Basketball the Movie Last Game",
        "animeRomaji": "Kuroko no Basuke Movie Last Game",
        "songName": "Against The Wind",
        "artist": "Kensho Ono",
        "type": "Insert Song",
        "correctCount": 16,
        "startTime": 68,
        "songDuration": 160.224,
        "songNumber": 11,
        "activePlayerCount": 112,
        "LinkVideo": "https://files.catbox.moe/02vzyl.webm",
        "LinkMp3": "https://files.catbox.moe/ins1bx.mp3",
        "annId": 18721,
        "aniListId": 21377,
        "kitsuId": 11399,
        "malId": 31658,
        "songDifficulty": 14.027703959362503,
        "vintage": "Winter 2017"
    },
    {
        "animeEng": "Macross Frontier",
        "animeRomaji": "Macross Frontier",
        "songName": "Yousei",
        "artist": "May'n",
        "type": "Insert Song",
        "correctCount": 47,
        "startTime": 31,
        "songDuration": 82.488,
        "songNumber": 12,
        "activePlayerCount": 112,
        "LinkVideo": "https://files.catbox.moe/boa6lp.webm",
        "LinkMp3": "https://files.catbox.moe/snsai2.mp3",
        "annId": 8586,
        "aniListId": 3572,
        "kitsuId": 3113,
        "malId": 3572,
        "songDifficulty": 33.951487065327484,
        "vintage": "Fall 2007"
    },
    {
        "animeEng": "Super Robot Wars Original Generation: Divine Wars",
        "animeRomaji": "Super Robot Taisen OG: Divine Wars",
        "songName": "Break Out",
        "artist": "JAM Project",
        "type": "Opening 1",
        "correctCount": 7,
        "startTime": 46,
        "songDuration": 89.07602,
        "songNumber": 13,
        "activePlayerCount": 112,
        "LinkVideo": "https://files.catbox.moe/d2zrxk.webm",
        "LinkMp3": "https://files.catbox.moe/1l0i50.mp3",
        "annId": 6535,
        "aniListId": 1603,
        "kitsuId": 1443,
        "malId": 1603,
        "songDifficulty": 14.676928567043221,
        "vintage": "Fall 2006"
    },
    {
        "animeEng": "Aikatsu Stars!",
        "animeRomaji": "Aikatsu Stars!",
        "songName": "Miracle Force Magic",
        "artist": "Nanase from AIKATSU\u2606STARS!",
        "type": "Insert Song",
        "correctCount": 14,
        "startTime": 70,
        "songDuration": 106.344,
        "songNumber": 14,
        "activePlayerCount": 114,
        "LinkVideo": "https://files.catbox.moe/x2glqo.webm",
        "LinkMp3": "https://files.catbox.moe/jlj6d5.mp3",
        "annId": 18088,
        "aniListId": 21648,
        "kitsuId": 11868,
        "malId": 32717,
        "songDifficulty": 18.306787177857643,
        "vintage": "Spring 2016"
    },
    {
        "animeEng": "Megalobox",
        "animeRomaji": "Megalobox",
        "songName": "The Slum City",
        "artist": "COMA-CHI",
        "type": "Insert Song",
        "correctCount": 63,
        "startTime": 35,
        "songDuration": 67.368,
        "songNumber": 15,
        "activePlayerCount": 115,
        "LinkVideo": "https://files.catbox.moe/jpm4ii.webm",
        "LinkMp3": "https://files.catbox.moe/vxs3hd.mp3",
        "annId": 20565,
        "aniListId": 100298,
        "kitsuId": 13949,
        "malId": 36563,
        "songDifficulty": 37.77667911412032,
        "vintage": "Spring 2018"
    },
    {
        "animeEng": "Waccha PriMagi!",
        "animeRomaji": "Waccha PriMagi!",
        "songName": "Maji Waccha Parade",
        "artist": "Chinatsu Hirose & Riko Koike",
        "type": "Insert Song",
        "correctCount": 16,
        "startTime": 78,
        "songDuration": 146.28,
        "songNumber": 16,
        "activePlayerCount": 116,
        "LinkVideo": "https://files.catbox.moe/sszn81.webm",
        "LinkMp3": "https://files.catbox.moe/ci7f2m.mp3",
        "annId": 24477,
        "aniListId": 136119,
        "kitsuId": 44814,
        "malId": 49285,
        "songDifficulty": 26.038682180433415,
        "vintage": "Fall 2021"
    },
    {
        "animeEng": "Is It Wrong to Try to Pick Up Girls in a Dungeon? II",
        "animeRomaji": "DanMachi II",
        "songName": "HELLO to DREAM",
        "artist": "Yuka Iguchi",
        "type": "Opening 1",
        "correctCount": 61,
        "startTime": 38,
        "songDuration": 88.344,
        "songNumber": 17,
        "activePlayerCount": 116,
        "LinkVideo": "https://files.catbox.moe/yx4gqh.webm",
        "LinkMp3": "https://files.catbox.moe/hc8mi1.mp3",
        "annId": 23059,
        "aniListId": 112125,
        "kitsuId": 42584,
        "malId": 40453,
        "songDifficulty": 31.222994777412882,
        "vintage": "Winter 2020"
    },
    {
        "animeEng": "Macross Frontier",
        "animeRomaji": "Macross Frontier",
        "songName": "Aimo ~Tori no Hito",
        "artist": "Megumi Nakajima",
        "type": "Ending 4",
        "correctCount": 44,
        "startTime": 38,
        "songDuration": 177.096,
        "songNumber": 18,
        "activePlayerCount": 118,
        "LinkVideo": "https://files.catbox.moe/izt9ai.webm",
        "LinkMp3": "https://files.catbox.moe/7hafce.mp3",
        "annId": 8586,
        "aniListId": 3572,
        "kitsuId": 3113,
        "malId": 3572,
        "songDifficulty": 32.53929315476191,
        "vintage": "Fall 2007"
    },
    {
        "animeEng": "The Way of the Househusband",
        "animeRomaji": "Gokushufudou",
        "songName": "Kiwami Meotokaidou",
        "artist": "Uchikubi Gokumon Doukoukai",
        "type": "Ending 1",
        "correctCount": 73,
        "startTime": 6,
        "songDuration": 88.224,
        "songNumber": 19,
        "activePlayerCount": 118,
        "LinkVideo": "https://files.catbox.moe/m07hhe.webm",
        "LinkMp3": "https://files.catbox.moe/apd2ok.mp3",
        "annId": 24020,
        "aniListId": 125426,
        "kitsuId": 43718,
        "malId": 43692,
        "songDifficulty": 36.548294065517666,
        "vintage": "Spring 2021"
    },
    {
        "animeEng": "Interspecies Reviewers",
        "animeRomaji": "Ishuzoku Reviewers",
        "songName": "Ikouze\u2606Paradise",
        "artist": "Junji Majima, Yuusuke Kobayashi, Miyu Tomita",
        "type": "Opening 1",
        "correctCount": 83,
        "startTime": 53,
        "songDuration": 89.568,
        "songNumber": 20,
        "activePlayerCount": 118,
        "LinkVideo": "https://files.catbox.moe/8d12lc.webm",
        "LinkMp3": "https://files.catbox.moe/y1www2.mp3",
        "annId": 22612,
        "aniListId": 110270,
        "kitsuId": 42744,
        "malId": 40010,
        "songDifficulty": 43.59876210979548,
        "vintage": "Winter 2020"
    },
    {
        "animeEng": "Bungo Stray Dogs: Dead Apple",
        "animeRomaji": "Bungo Stray Dogs: Dead Apple",
        "songName": "Mein Prinz",
        "artist": "Yuri Shinada",
        "type": "Insert Song",
        "correctCount": 11,
        "startTime": 40,
        "songDuration": 94.752,
        "songNumber": 21,
        "activePlayerCount": 118,
        "LinkVideo": "https://files.catbox.moe/zk2hmz.webm",
        "LinkMp3": "https://files.catbox.moe/po68f8.mp3",
        "annId": 19773,
        "aniListId": 98384,
        "kitsuId": 13570,
        "malId": 34944,
        "songDifficulty": 11.080650705404112,
        "vintage": "Winter 2018"
    },
    {
        "animeEng": "Shooting Star Gakusaver",
        "animeRomaji": "Ryuuseiki Gakusaver",
        "songName": "Yozora no Hoshi ga Mite Iru",
        "artist": "Megumi Hayashibara, Yuko Mizutani, Sakiko Tamagawa, Ai Orikasa",
        "type": "Ending 1",
        "correctCount": 2,
        "startTime": 27,
        "songDuration": 89.833558,
        "songNumber": 22,
        "activePlayerCount": 118,
        "LinkVideo": "https://files.catbox.moe/c5zy3e.webm",
        "LinkMp3": "https://files.catbox.moe/8gkrdt.mp3",
        "annId": 3252,
        "aniListId": 3735,
        "kitsuId": 3220,
        "malId": 3735,
        "songDifficulty": 6.193487984793527,
        "vintage": "Summer 1993",
        "correctPlayers": [
            "FC2PPV_1560667",
            "TKN"
        ]
    },
    {
        "animeEng": "Himitsu Kessha Taka no Tsume Countdown",
        "animeRomaji": "Himitsu Kessha Taka no Tsume Countdown",
        "songName": "Tasogare Moon",
        "artist": "Sarasa Ifu",
        "type": "Opening 1",
        "correctCount": 5,
        "startTime": 37,
        "songDuration": 88.992,
        "songNumber": 23,
        "activePlayerCount": 120,
        "LinkVideo": "https://files.catbox.moe/3232ko.webm",
        "LinkMp3": "https://files.catbox.moe/paq7yf.mp3",
        "annId": 11060,
        "aniListId": 7175,
        "kitsuId": 4893,
        "malId": 7175,
        "songDifficulty": 7.422807533086373,
        "vintage": "Fall 2009",
        "correctPlayers": [
            "IzumiSakai",
            "Hagezou",
            "munyamunya",
            "Kawada6",
            "Rukawa11"
        ]
    },
    {
        "animeEng": "Parasyte: The Maxim",
        "animeRomaji": "Kiseijuu: Sei no Kakuritsu",
        "songName": "It's the Right Time",
        "artist": "Daichi Miura",
        "type": "Ending 1",
        "correctCount": 64,
        "startTime": 15,
        "songDuration": 68.928,
        "songNumber": 24,
        "activePlayerCount": 120,
        "LinkVideo": "https://files.catbox.moe/yc1csc.webm",
        "LinkMp3": "https://files.catbox.moe/o12z87.mp3",
        "annId": 15855,
        "aniListId": 20623,
        "kitsuId": 8147,
        "malId": 22535,
        "songDifficulty": 25.38406835414808,
        "vintage": "Fall 2014"
    },
    {
        "animeEng": "Comic Party Revolution",
        "animeRomaji": "Comic Party Revolution",
        "songName": "Fly",
        "artist": "Arisa Nakayama",
        "type": "Opening 1",
        "correctCount": 5,
        "startTime": 29,
        "songDuration": 97.644036,
        "songNumber": 25,
        "activePlayerCount": 120,
        "LinkVideo": "https://files.catbox.moe/7gvzct.webm",
        "LinkMp3": "https://files.catbox.moe/qmyv3h.mp3",
        "annId": 2998,
        "aniListId": 5147,
        "kitsuId": 3948,
        "malId": 5147,
        "songDifficulty": 11.587172702648475,
        "vintage": "Fall 2003",
        "correctPlayers": [
            "KafuuChinoMyLove",
            "ShiroKuro",
            "Deafness",
            "Rukawa11",
            "Momopi"
        ]
    },
    {
        "animeEng": "Macross Frontier: Sayonara no Tsubasa",
        "animeRomaji": "Macross Frontier: Sayonara no Tsubasa",
        "songName": "Nyan Nyan Final Attack Frontier Greatest \u2606 Hits!",
        "artist": "Megumi Nakajima & May'n",
        "type": "Insert Song",
        "correctCount": 69,
        "startTime": 15,
        "songDuration": 409.752,
        "songNumber": 26,
        "activePlayerCount": 120,
        "LinkVideo": "https://files.catbox.moe/z5ig8n.webm",
        "LinkMp3": "https://files.catbox.moe/z29qt8.mp3",
        "annId": 11821,
        "aniListId": 7222,
        "kitsuId": 4903,
        "malId": 7222,
        "songDifficulty": 35.498766576428125,
        "vintage": "Winter 2011"
    },
    {
        "animeEng": "Love Live! Sunshine!!",
        "animeRomaji": "Love Live! School Idol Project Sunshine!!",
        "songName": "Yume Kataru yori Yume Utaou",
        "artist": "Anju Inami, Rikako Aida, Shuka Saitou, Aika Kobayashi, Kanako Takatsuki, Ai Furihata",
        "type": "Ending 7",
        "correctCount": 76,
        "startTime": 54,
        "songDuration": 98.112,
        "songNumber": 27,
        "activePlayerCount": 121,
        "LinkVideo": "https://files.catbox.moe/dtukdk.webm",
        "LinkMp3": "https://files.catbox.moe/7ki16i.mp3",
        "annId": 17985,
        "aniListId": 21584,
        "kitsuId": 11745,
        "malId": 32526,
        "songDifficulty": 44.28186365511551,
        "vintage": "Summer 2016"
    },
    {
        "animeEng": "K-On! Season 2",
        "animeRomaji": "K-On!!",
        "songName": "U&I",
        "artist": "Ho-Kago Tea Time",
        "type": "Insert Song",
        "correctCount": 69,
        "startTime": 83,
        "songDuration": 112.58582,
        "songNumber": 28,
        "activePlayerCount": 120,
        "LinkVideo": "https://files.catbox.moe/enurec.webm",
        "LinkMp3": "https://files.catbox.moe/3bkiiw.mp3",
        "annId": 11262,
        "aniListId": 7791,
        "kitsuId": 5124,
        "malId": 7791,
        "songDifficulty": 44.67903155274489,
        "vintage": "Spring 2010"
    },
    {
        "animeEng": "Boruto: Naruto Next Generations",
        "animeRomaji": "Boruto: Naruto Next Generations",
        "songName": "VOLTAGE",
        "artist": "Anly",
        "type": "Ending 19",
        "correctCount": 5,
        "startTime": 29,
        "songDuration": 88.104,
        "songNumber": 29,
        "activePlayerCount": 122,
        "LinkVideo": "https://files.catbox.moe/yib36b.webm",
        "LinkMp3": "https://files.catbox.moe/2gww2n.mp3",
        "annId": 18934,
        "aniListId": 97938,
        "kitsuId": 13051,
        "malId": 34566,
        "songDifficulty": 15.778245623207457,
        "vintage": "Spring 2017",
        "correctPlayers": [
            "ShiroKuro",
            "Mika_tw",
            "Deafness",
            "Rukawa11",
            "UrTypicalGuy"
        ]
    },
    {
        "animeEng": "Show By Rock!! Stars!!",
        "animeRomaji": "Show By Rock!! Stars!!",
        "songName": "Yell and Response",
        "artist": "Mashumairesh!!",
        "type": "Ending 2",
        "correctCount": 7,
        "startTime": 69,
        "songDuration": 167.064,
        "songNumber": 30,
        "activePlayerCount": 122,
        "LinkVideo": "https://files.catbox.moe/xqf56u.webm",
        "LinkMp3": "https://files.catbox.moe/focoqi.mp3",
        "annId": 23132,
        "aniListId": 113476,
        "kitsuId": 43590,
        "malId": 41520,
        "songDifficulty": 20.2110582496136,
        "vintage": "Winter 2021"
    },
    {
        "animeEng": "Marmalade Boy",
        "animeRomaji": "Marmalade Boy",
        "songName": "RAIN",
        "artist": "Ryotaro Okiayu",
        "type": "Insert Song",
        "correctCount": 1,
        "startTime": 93,
        "songDuration": 262.296,
        "songNumber": 31,
        "activePlayerCount": 122,
        "LinkVideo": "https://files.catbox.moe/45f6j4.webm",
        "LinkMp3": "https://files.catbox.moe/lo8feh.mp3",
        "annId": 461,
        "aniListId": 334,
        "kitsuId": 301,
        "malId": 334,
        "songDifficulty": 10.102540364583334,
        "vintage": "Winter 1994",
        "correctPlayers": [
            "Momopi"
        ]
    },
    {
        "animeEng": "Dear Brother",
        "animeRomaji": "Onii-sama e...",
        "songName": "Kin no Utsuwa, Gin no Utsuwa",
        "artist": "Satomi Takada",
        "type": "Opening 1",
        "correctCount": 13,
        "startTime": 28,
        "songDuration": 106.344,
        "songNumber": 32,
        "activePlayerCount": 121,
        "LinkVideo": "https://files.catbox.moe/rm9j7s.webm",
        "LinkMp3": "https://files.catbox.moe/4hnz56.mp3",
        "annId": 1149,
        "aniListId": 795,
        "kitsuId": 709,
        "malId": 795,
        "songDifficulty": 15.430094882581361,
        "vintage": "Summer 1991"
    },
    {
        "animeEng": "Terraformars",
        "animeRomaji": "Terraformars",
        "songName": "AMAZING BREAK",
        "artist": "TERRASPEX",
        "type": "Opening 1",
        "correctCount": 37,
        "startTime": 17,
        "songDuration": 89.520094,
        "songNumber": 33,
        "activePlayerCount": 121,
        "LinkVideo": "https://files.catbox.moe/xbh0lz.webm",
        "LinkMp3": "https://files.catbox.moe/x8cs9n.mp3",
        "annId": 16090,
        "aniListId": 20629,
        "kitsuId": 8356,
        "malId": 22687,
        "songDifficulty": 25.146090169854553,
        "vintage": "Summer 2014"
    },
    {
        "animeEng": "Aikatsu!",
        "animeRomaji": "Aikatsu!",
        "songName": "START DASH SENSATION",
        "artist": "Ruka from AIKATSU\u2606STARS!",
        "type": "Insert Song",
        "correctCount": 70,
        "startTime": 55,
        "songDuration": 100.992,
        "songNumber": 34,
        "activePlayerCount": 121,
        "LinkVideo": "https://files.catbox.moe/0fl07z.webm",
        "LinkMp3": "https://files.catbox.moe/4canwc.mp3",
        "annId": 16824,
        "aniListId": 15061,
        "kitsuId": 7205,
        "malId": 15061,
        "songDifficulty": 38.915680583003954,
        "vintage": "Fall 2015"
    },
    {
        "animeEng": "The World's Finest Assassin Gets Reincarnated in a Different World as an Aristocrat",
        "animeRomaji": "Ansatsu Kizoku",
        "songName": "Dark seeks light",
        "artist": "Yui Ninomiya",
        "type": "Opening 1",
        "correctCount": 68,
        "startTime": 38,
        "songDuration": 89.28,
        "songNumber": 35,
        "activePlayerCount": 121,
        "LinkVideo": "https://files.catbox.moe/efib5r.webm",
        "LinkMp3": "https://files.catbox.moe/2m9xxx.mp3",
        "annId": 24046,
        "aniListId": 129898,
        "kitsuId": 44393,
        "malId": 47790,
        "songDifficulty": 35.37182012959866,
        "vintage": "Fall 2021"
    },
    {
        "animeEng": "Seitokai Yakuindomo",
        "animeRomaji": "Seitokai Yakuindomo",
        "songName": "Yamato Nadeshiko Education",
        "artist": "Triple Booking",
        "type": "Opening 1",
        "correctCount": 54,
        "startTime": 16,
        "songDuration": 75.168,
        "songNumber": 36,
        "activePlayerCount": 122,
        "LinkVideo": "https://files.catbox.moe/x8u1dc.webm",
        "LinkMp3": "https://files.catbox.moe/xv4o2u.mp3",
        "annId": 12391,
        "aniListId": 10119,
        "kitsuId": 6046,
        "malId": 10119,
        "songDifficulty": 34.78579558072396,
        "vintage": "Spring 2011"
    },
    {
        "animeEng": "Ame-iro Cocoa Series Ame-con!!",
        "animeRomaji": "Ame-con!!",
        "songName": "Rainy cocoa",
        "artist": "Hiro Shimono",
        "type": "Ending 1",
        "correctCount": 88,
        "startTime": 0,
        "songDuration": 29.4,
        "songNumber": 37,
        "activePlayerCount": 121,
        "LinkVideo": "https://files.catbox.moe/ns105q.webm",
        "LinkMp3": "https://files.catbox.moe/b7tjt0.mp3",
        "annId": 20054,
        "aniListId": 99741,
        "kitsuId": 13913,
        "malId": 35923,
        "songDifficulty": 35.9289393515329,
        "vintage": "Fall 2017"
    },
    {
        "animeEng": "Daily Lives of High School Boys",
        "animeRomaji": "Danshi Koukousei no Nichijou",
        "songName": "Ohisama",
        "artist": "Amesaki Annainin",
        "type": "Ending 2",
        "correctCount": 67,
        "startTime": 0,
        "songDuration": 82.536,
        "songNumber": 38,
        "activePlayerCount": 122,
        "LinkVideo": "https://files.catbox.moe/g7hgrs.webm",
        "LinkMp3": "https://files.catbox.moe/gmmdjw.mp3",
        "annId": 13743,
        "aniListId": 11843,
        "kitsuId": 6616,
        "malId": 11843,
        "songDifficulty": 36.671911421911425,
        "vintage": "Winter 2012"
    },
    {
        "animeEng": "Gunslinger Girl",
        "animeRomaji": "Gunslinger Girl",
        "songName": "DOPO IL SOGNO ~Yume no Ato ni~",
        "artist": "op.",
        "type": "Ending 1",
        "correctCount": 13,
        "startTime": 3,
        "songDuration": 68.784,
        "songNumber": 39,
        "activePlayerCount": 122,
        "LinkVideo": "https://files.catbox.moe/wdh67o.webm",
        "LinkMp3": "https://files.catbox.moe/7o5e6x.mp3",
        "annId": 2947,
        "aniListId": 134,
        "kitsuId": 113,
        "malId": 134,
        "songDifficulty": 19.828054979500383,
        "vintage": "Fall 2003"
    },
    {
        "animeEng": "Romeo and the Black Brothers",
        "animeRomaji": "Romeo no Aoi Sora",
        "songName": "Si Si Ciao ~Romana no Oka de~",
        "artist": "Hiroko Kasahara",
        "type": "Ending 1",
        "correctCount": 12,
        "startTime": 31,
        "songDuration": 79.104,
        "songNumber": 40,
        "activePlayerCount": 122,
        "LinkVideo": "https://files.catbox.moe/pno9i0.webm",
        "LinkMp3": "https://files.catbox.moe/669tnp.mp3",
        "annId": 2019,
        "aniListId": 2559,
        "kitsuId": 2324,
        "malId": 2559,
        "songDifficulty": 15.053797782441016,
        "vintage": "Winter 1995"
    },
    {
        "animeEng": "Teekyuu",
        "animeRomaji": "Teekyuu",
        "songName": "Koyoi Festival",
        "artist": "Kyouko Narumi",
        "type": "Opening 1",
        "correctCount": 62,
        "startTime": 0,
        "songDuration": 29.016,
        "songNumber": 41,
        "activePlayerCount": 122,
        "LinkVideo": "https://files.catbox.moe/804znu.webm",
        "LinkMp3": "https://files.catbox.moe/ryz14q.mp3",
        "annId": 14613,
        "aniListId": 15125,
        "kitsuId": 7217,
        "malId": 15125,
        "songDifficulty": 34.21721704024635,
        "vintage": "Fall 2012"
    },
    {
        "animeEng": "Tales of Symphonia the Animation: Sylvarant Episode",
        "animeRomaji": "Tales of Symphonia the Animation: Sylvarant-hen",
        "songName": "ALMATERIA",
        "artist": "Eri Kawai",
        "type": "Opening 1",
        "correctCount": 14,
        "startTime": 103,
        "songDuration": 143.544,
        "songNumber": 42,
        "activePlayerCount": 123,
        "LinkVideo": "https://files.catbox.moe/jso3uf.webm",
        "LinkMp3": "https://files.catbox.moe/gm8i3i.mp3",
        "annId": 5720,
        "aniListId": 1731,
        "kitsuId": 1551,
        "malId": 1731,
        "songDifficulty": 16.335759878592217,
        "vintage": "Spring 2007"
    },
    {
        "animeEng": "Legend of the Galactic Heroes",
        "animeRomaji": "Ginga Eiyuu Densetsu",
        "songName": "Hikari no Hashi o Koete",
        "artist": "Kei Ogura",
        "type": "Ending 1",
        "correctCount": 23,
        "startTime": 59,
        "songDuration": 88.512,
        "songNumber": 43,
        "activePlayerCount": 123,
        "LinkVideo": "https://files.catbox.moe/o6y7a0.webm",
        "LinkMp3": "https://files.catbox.moe/ldwqmo.mp3",
        "annId": 1786,
        "aniListId": 820,
        "kitsuId": 727,
        "malId": 820,
        "songDifficulty": 31.777154191941076,
        "vintage": "Fall 1988"
    },
    {
        "animeEng": "K-On! Season 2",
        "animeRomaji": "K-On!!",
        "songName": "Ame Furi",
        "artist": "Aki Toyosaki & Madoka Yonezawa",
        "type": "Insert Song",
        "correctCount": 48,
        "startTime": 13,
        "songDuration": 41.04,
        "songNumber": 44,
        "activePlayerCount": 122,
        "LinkVideo": "https://files.catbox.moe/ms6wwo.webm",
        "LinkMp3": "https://files.catbox.moe/61cfw7.mp3",
        "annId": 11262,
        "aniListId": 7791,
        "kitsuId": 5124,
        "malId": 7791,
        "songDifficulty": 30.359257196710075,
        "vintage": "Spring 2010"
    },
    {
        "animeEng": "Pok\u00e9mon the Movie: Volcanion and the Mechanical Marvel",
        "animeRomaji": "Gekijouban Pocket Monsters XY&Z: Volcanion to Karakuri no Magearna",
        "songName": "Post ni Koe o Nageirete",
        "artist": "YUKI",
        "type": "Ending 1",
        "correctCount": 15,
        "startTime": 192,
        "songDuration": 315.048,
        "songNumber": 45,
        "activePlayerCount": 121,
        "LinkVideo": "https://files.catbox.moe/6tz1w0.webm",
        "LinkMp3": "https://files.catbox.moe/i6yja2.mp3",
        "annId": 18227,
        "aniListId": 21651,
        "kitsuId": 11202,
        "malId": 31231,
        "songDifficulty": 12.096414141915503,
        "vintage": "Summer 2016"
    },
    {
        "animeEng": "Pok\u00e9mon",
        "animeRomaji": "Pocket Monsters",
        "songName": "Pocketari Monstery",
        "artist": "Kana",
        "type": "Ending 13",
        "correctCount": 48,
        "startTime": 2,
        "songDuration": 80.424,
        "songNumber": 46,
        "activePlayerCount": 121,
        "LinkVideo": "https://files.catbox.moe/0szbgg.webm",
        "LinkMp3": "https://files.catbox.moe/ylku0t.mp3",
        "annId": 270,
        "aniListId": 527,
        "kitsuId": 486,
        "malId": 527,
        "songDifficulty": 31.99970876375477,
        "vintage": "Spring 1997"
    },
    {
        "animeEng": "Seraph of the End: Vampire Reign",
        "animeRomaji": "Owari no Seraph",
        "songName": "X.U.",
        "artist": "SawanoHiroyuki[nZk]:Gemie",
        "type": "Opening 1",
        "correctCount": 71,
        "startTime": 49,
        "songDuration": 86.064,
        "songNumber": 47,
        "activePlayerCount": 121,
        "LinkVideo": "https://files.catbox.moe/p1wbgj.webm",
        "LinkMp3": "https://files.catbox.moe/6dn35v.mp3",
        "annId": 16357,
        "aniListId": 20829,
        "kitsuId": 8736,
        "malId": 26243,
        "songDifficulty": 34.26677901524033,
        "vintage": "Spring 2015"
    },
    {
        "animeEng": "Cencoroll Connect",
        "animeRomaji": "Cencoroll Connect",
        "songName": "Nanairo night",
        "artist": "supercell feat. Ann",
        "type": "Insert Song",
        "correctCount": 13,
        "startTime": 30,
        "songDuration": 105.144,
        "songNumber": 48,
        "activePlayerCount": 123,
        "LinkVideo": "https://files.catbox.moe/w7nmby.webm",
        "LinkMp3": "https://files.catbox.moe/l9a49s.mp3",
        "annId": 16260,
        "aniListId": 9488,
        "kitsuId": 5749,
        "malId": 9488,
        "songDifficulty": 17.723553892273287,
        "vintage": "Spring 2019"
    },
    {
        "animeEng": "Tactics",
        "animeRomaji": "Tactics",
        "songName": "Mienai Chikara",
        "artist": "Miki Akiyama",
        "type": "Ending 1",
        "correctCount": 5,
        "startTime": 56,
        "songDuration": 85.967502,
        "songNumber": 49,
        "activePlayerCount": 123,
        "LinkVideo": "https://files.catbox.moe/4pcny3.webm",
        "LinkMp3": "https://files.catbox.moe/bf1svx.mp3",
        "annId": 4100,
        "aniListId": 173,
        "kitsuId": 150,
        "malId": 173,
        "songDifficulty": 6.744370975254968,
        "vintage": "Fall 2004",
        "correctPlayers": [
            "channina",
            "IzumiSakai",
            "Eryth",
            "Rukawa11",
            "Cofe"
        ]
    },
    {
        "animeEng": "BECK: Mongolian Chop Squad",
        "animeRomaji": "BECK: Mongolian Chop Squad",
        "songName": "I've Got A Feeling",
        "artist": "BEAT CRUSADERS",
        "type": "Insert Song",
        "correctCount": 46,
        "startTime": 96,
        "songDuration": 151.76882,
        "songNumber": 50,
        "activePlayerCount": 123,
        "LinkVideo": "https://files.catbox.moe/byonqt.webm",
        "LinkMp3": "https://files.catbox.moe/orcgww.mp3",
        "annId": 4404,
        "aniListId": 57,
        "kitsuId": 38,
        "malId": 57,
        "songDifficulty": 34.653218499383094,
        "vintage": "Fall 2004"
    },
    {
        "animeEng": "Uta no\u2606Prince-sama\u266aMaji LOVE 1000%",
        "animeRomaji": "Uta no\u2606Prince-sama\u266aMaji LOVE 1000%",
        "songName": "Sekai no Hate made Believe Heart",
        "artist": "Junichi Suwabe",
        "type": "Insert Song",
        "correctCount": 8,
        "startTime": 28,
        "songDuration": 83.28,
        "songNumber": 51,
        "activePlayerCount": 122,
        "LinkVideo": "https://files.catbox.moe/l0a0lj.webm",
        "LinkMp3": "https://files.catbox.moe/hf8699.mp3",
        "annId": 12509,
        "aniListId": 10321,
        "kitsuId": 6126,
        "malId": 10321,
        "songDifficulty": 20.177591565860215,
        "vintage": "Summer 2011"
    },
    {
        "animeEng": "Paprika",
        "animeRomaji": "Paprika",
        "songName": "Byakkoya",
        "artist": "Susumu Hirasawa",
        "type": "Ending 1",
        "correctCount": 62,
        "startTime": 20,
        "songDuration": 283.968,
        "songNumber": 52,
        "activePlayerCount": 123,
        "LinkVideo": "https://files.catbox.moe/pn3cj8.webm",
        "LinkMp3": "https://files.catbox.moe/vxlqtq.mp3",
        "annId": 6142,
        "aniListId": 1943,
        "kitsuId": 1752,
        "malId": 1943,
        "songDifficulty": 41.12264709548741,
        "vintage": "Fall 2006"
    },
    {
        "animeEng": "Uncle From Another World",
        "animeRomaji": "Isekai Ojisan",
        "songName": "story",
        "artist": "Mayu Maeshima",
        "type": "Opening 1",
        "correctCount": 51,
        "startTime": 33,
        "songDuration": 88.272,
        "songNumber": 53,
        "activePlayerCount": 123,
        "LinkVideo": "https://files.catbox.moe/9ya3br.webm",
        "LinkMp3": "https://files.catbox.moe/1u3kkl.mp3",
        "annId": 24466,
        "aniListId": 135806,
        "kitsuId": 44773,
        "malId": 49220,
        "songDifficulty": 32.2983561058924,
        "vintage": "Summer 2022"
    },
    {
        "animeEng": "Parappa the Rapper",
        "animeRomaji": "PaRappa Rappa",
        "songName": "LOVE TOGETHER ~Parappa Rapper MIX~",
        "artist": "NONA REEVES",
        "type": "Opening 1",
        "correctCount": 13,
        "startTime": 50,
        "songDuration": 97.848,
        "songNumber": 54,
        "activePlayerCount": 123,
        "LinkVideo": "https://files.catbox.moe/bvzw24.webm",
        "LinkMp3": "https://files.catbox.moe/ehyyjv.mp3",
        "annId": 1950,
        "aniListId": 3736,
        "kitsuId": 3221,
        "malId": 3736,
        "songDifficulty": 17.314570711096938,
        "vintage": "Spring 2001"
    },
    {
        "animeEng": "Space Patrol Luluco",
        "animeRomaji": "Uchuu Patrol Luluco",
        "songName": "CRYmax Doheijitsu",
        "artist": "Fujirokku (Kari)",
        "type": "Opening 1",
        "correctCount": 46,
        "startTime": 0,
        "songDuration": 28.992,
        "songNumber": 55,
        "activePlayerCount": 123,
        "LinkVideo": "https://files.catbox.moe/zfb1v0.webm",
        "LinkMp3": "https://files.catbox.moe/w046mn.mp3",
        "annId": 18054,
        "aniListId": 21637,
        "kitsuId": 11818,
        "malId": 32681,
        "songDifficulty": 31.86109847898444,
        "vintage": "Spring 2016"
    },
    {
        "animeEng": "Steins;Gate",
        "animeRomaji": "Steins;Gate",
        "songName": "Sky Clad no Kansokusha",
        "artist": "Kanako Itou",
        "type": "Ending 2",
        "correctCount": 94,
        "startTime": 139,
        "songDuration": 173.664,
        "songNumber": 56,
        "activePlayerCount": 124,
        "LinkVideo": "https://files.catbox.moe/etwejy.webm",
        "LinkMp3": "https://files.catbox.moe/omqt8m.mp3",
        "annId": 11770,
        "aniListId": 9253,
        "kitsuId": 5646,
        "malId": 9253,
        "songDifficulty": 53.731254493785734,
        "vintage": "Spring 2011"
    },
    {
        "animeEng": "Odd Taxi",
        "animeRomaji": "Odd Taxi",
        "songName": "Sugarless Kiss",
        "artist": "Suzuko Mimori",
        "type": "Ending 1",
        "correctCount": 56,
        "startTime": 4,
        "songDuration": 59.16,
        "songNumber": 57,
        "activePlayerCount": 124,
        "LinkVideo": "https://files.catbox.moe/20b0y7.webm",
        "LinkMp3": "https://files.catbox.moe/ewimwt.mp3",
        "annId": 23921,
        "aniListId": 128547,
        "kitsuId": 43932,
        "malId": 46102,
        "songDifficulty": 32.004971114200785,
        "vintage": "Spring 2021"
    },
    {
        "animeEng": "Kamisama Kiss 2",
        "animeRomaji": "Kamisama Hajimemashita\u25ce",
        "songName": "Kamisama no Kamisama",
        "artist": "Hanae",
        "type": "Opening 1",
        "correctCount": 49,
        "startTime": 49,
        "songDuration": 88.083384,
        "songNumber": 58,
        "activePlayerCount": 124,
        "LinkVideo": "https://files.catbox.moe/1sc3fi.webm",
        "LinkMp3": "https://files.catbox.moe/0juam4.mp3",
        "annId": 16255,
        "aniListId": 20801,
        "kitsuId": 8716,
        "malId": 25681,
        "songDifficulty": 33.025879484969295,
        "vintage": "Winter 2015"
    },
    {
        "animeEng": "Your Lie in April: Moments",
        "animeRomaji": "Shigatsu wa Kimi no Uso: Moments",
        "songName": "Kirameki",
        "artist": "wacci",
        "type": "Ending 1",
        "correctCount": 60,
        "startTime": 7,
        "songDuration": 85.344,
        "songNumber": 59,
        "activePlayerCount": 124,
        "LinkVideo": "https://files.catbox.moe/gumw14.webm",
        "LinkMp3": "https://files.catbox.moe/n8jd2a.mp3",
        "annId": 21943,
        "aniListId": 21039,
        "kitsuId": 9968,
        "malId": 28069,
        "songDifficulty": 36.411372818008985,
        "vintage": "Spring 2015"
    },
    {
        "animeEng": "Time Patrol Bon",
        "animeRomaji": "Time Patrol Bon",
        "songName": "Jikan o Koete",
        "artist": "Dreaming",
        "type": "Opening 1",
        "correctCount": 3,
        "startTime": 36,
        "songDuration": 90.144,
        "songNumber": 60,
        "activePlayerCount": 125,
        "LinkVideo": "https://files.catbox.moe/pa4z29.webm",
        "LinkMp3": "https://files.catbox.moe/l345vi.mp3",
        "annId": 15050,
        "aniListId": 12529,
        "kitsuId": 6759,
        "malId": 12529,
        "songDifficulty": 6.158751511936866,
        "vintage": "Fall 1989",
        "correctPlayers": [
            "channina",
            "gaaw",
            "Rukawa11"
        ]
    },
    {
        "animeEng": "Food Wars! Shokugeki no Soma",
        "animeRomaji": "Shokugeki no Souma",
        "songName": "Spice",
        "artist": "Tokyo Karan Koron",
        "type": "Ending 1",
        "correctCount": 73,
        "startTime": 3,
        "songDuration": 89.568,
        "songNumber": 61,
        "activePlayerCount": 125,
        "LinkVideo": "https://files.catbox.moe/roo4h1.webm",
        "LinkMp3": "https://files.catbox.moe/0j2e4l.mp3",
        "annId": 16344,
        "aniListId": 20923,
        "kitsuId": 9967,
        "malId": 28171,
        "songDifficulty": 34.485393434313316,
        "vintage": "Spring 2015"
    },
    {
        "animeEng": "Dream Festival!",
        "animeRomaji": "DreFes!!!!!!",
        "songName": "STARTING TOGETHER",
        "artist": "Kaoru Masaki, Masaki Oota",
        "type": "Insert Song",
        "correctCount": 0,
        "startTime": 46,
        "songDuration": 89.952,
        "songNumber": 62,
        "activePlayerCount": 126,
        "LinkVideo": "https://files.catbox.moe/4h96pm.webm",
        "LinkMp3": "https://files.catbox.moe/pje093.mp3",
        "annId": 18665,
        "aniListId": 87530,
        "kitsuId": 12200,
        "malId": 33045,
        "songDifficulty": 11.228501228501228,
        "vintage": "Summer 2016"
    },
    {
        "animeEng": "The Reflection",
        "animeRomaji": "The Reflection",
        "songName": "SKY SHOW (Unplugged)",
        "artist": "Trevor Horn",
        "type": "Insert Song",
        "correctCount": 5,
        "startTime": 11,
        "songDuration": 46.896,
        "songNumber": 63,
        "activePlayerCount": 126,
        "LinkVideo": "https://files.catbox.moe/uqh32a.webm",
        "LinkMp3": "https://files.catbox.moe/dwdhx3.mp3",
        "annId": 19388,
        "aniListId": 21461,
        "kitsuId": 11473,
        "malId": 34449,
        "songDifficulty": 10.20410759066358,
        "vintage": "Summer 2017",
        "correctPlayers": [
            "channina",
            "IzumiSakai",
            "FC2PPV_1560667",
            "Rukawa11",
            "TKN"
        ]
    },
    {
        "animeEng": "K",
        "animeRomaji": "K",
        "songName": "Neko no Uta",
        "artist": "Mikako Komatsu",
        "type": "Insert Song",
        "correctCount": 12,
        "startTime": 30,
        "songDuration": 59.184,
        "songNumber": 64,
        "activePlayerCount": 126,
        "LinkVideo": "https://files.catbox.moe/duopu4.webm",
        "LinkMp3": "https://files.catbox.moe/wvfzyu.mp3",
        "annId": 14732,
        "aniListId": 14467,
        "kitsuId": 7125,
        "malId": 14467,
        "songDifficulty": 8.10123198188147,
        "vintage": "Fall 2012"
    },
    {
        "animeEng": "Return of the Dinosaurs",
        "animeRomaji": "Kyouryuu Tankentai Born Free",
        "songName": "Ike Born Free",
        "artist": "Masato Shimon",
        "type": "Opening 1",
        "correctCount": 0,
        "startTime": 22,
        "songDuration": 67.056,
        "songNumber": 65,
        "activePlayerCount": 126,
        "LinkVideo": "https://files.catbox.moe/c9zj6v.webm",
        "LinkMp3": "https://files.catbox.moe/c9qeyt.mp3",
        "annId": 1475,
        "aniListId": 9978,
        "kitsuId": 5976,
        "malId": 9978,
        "songDifficulty": 5.271529566988032,
        "vintage": "Fall 1976"
    },
    {
        "animeEng": "Is It Wrong to Try to Pick Up Girls in a Dungeon? III",
        "animeRomaji": "Dungeon ni Deai o Motomeru no wa Machigatteiru Darou ka III",
        "songName": "over and over",
        "artist": "Yuka Iguchi",
        "type": "Opening 1",
        "correctCount": 52,
        "startTime": 19,
        "songDuration": 90.048,
        "songNumber": 66,
        "activePlayerCount": 126,
        "LinkVideo": "https://files.catbox.moe/e5txb8.webm",
        "LinkMp3": "https://files.catbox.moe/2xa0sj.mp3",
        "annId": 22545,
        "aniListId": 112124,
        "kitsuId": 42583,
        "malId": 40454,
        "songDifficulty": 17.36603794854756,
        "vintage": "Fall 2020"
    },
    {
        "animeEng": "Neon Genesis Evangelion",
        "animeRomaji": "Shinseiki Evangelion",
        "songName": "Fly Me to the Moon (Rei #26 Version)",
        "artist": "Megumi Hayashibara",
        "type": "Ending 14",
        "correctCount": 109,
        "startTime": 0,
        "songDuration": 65.064,
        "songNumber": 67,
        "activePlayerCount": 125,
        "LinkVideo": "https://files.catbox.moe/i6f434.webm",
        "LinkMp3": "https://files.catbox.moe/4a9l5l.mp3",
        "annId": 49,
        "aniListId": 30,
        "kitsuId": 21,
        "malId": 30,
        "songDifficulty": 76.83176462844732,
        "vintage": "Fall 1995"
    },
    {
        "animeEng": "Love After World Domination",
        "animeRomaji": "Koi wa Sekai Seifuku no Ato de",
        "songName": "Koi wa Explosion",
        "artist": "Masayoshi Ooishi (feat. Hiroki Yasumoto)",
        "type": "Opening 2",
        "correctCount": 70,
        "startTime": 34,
        "songDuration": 88.68,
        "songNumber": 68,
        "activePlayerCount": 125,
        "LinkVideo": "https://files.catbox.moe/qk8kif.webm",
        "LinkMp3": "https://files.catbox.moe/yjsobs.mp3",
        "annId": 24235,
        "aniListId": 132010,
        "kitsuId": 44313,
        "malId": 48643,
        "songDifficulty": 36.12713558705925,
        "vintage": "Spring 2022"
    },
    {
        "animeEng": "Star Blazers",
        "animeRomaji": "Uchuu Senkan Yamato",
        "songName": "Uchuu Senkan Yamato",
        "artist": "Isao Sasaki",
        "type": "Opening 1",
        "correctCount": 51,
        "startTime": 45,
        "songDuration": 79.881076,
        "songNumber": 69,
        "activePlayerCount": 125,
        "LinkVideo": "https://files.catbox.moe/7dly23.webm",
        "LinkMp3": "https://files.catbox.moe/9w2mu4.mp3",
        "annId": 338,
        "aniListId": 1650,
        "kitsuId": 1483,
        "malId": 1650,
        "songDifficulty": 37.39379509762309,
        "vintage": "Fall 1974"
    },
    {
        "animeEng": "Shin Kyojin no Hoshi",
        "animeRomaji": "Shin Kyojin no Hoshi",
        "songName": "Yomigaere Hyuuma",
        "artist": "Isao Sasaki & Koorogi '73",
        "type": "Ending 1",
        "correctCount": 2,
        "startTime": 41,
        "songDuration": 75.048,
        "songNumber": 70,
        "activePlayerCount": 125,
        "LinkVideo": "https://files.catbox.moe/aog2qf.webm",
        "LinkMp3": "https://files.catbox.moe/zd2ez6.mp3",
        "annId": 1447,
        "aniListId": 15875,
        "kitsuId": 7329,
        "malId": 15875,
        "songDifficulty": 4.100368398153753,
        "vintage": "Fall 1977",
        "correctPlayers": [
            "Rukawa11",
            "Cofe"
        ]
    },
    {
        "animeEng": "PriPara",
        "animeRomaji": "PriPara",
        "songName": "Kimi 100% Jinsei",
        "artist": "Nozomi Yamamoto",
        "type": "Insert Song",
        "correctCount": 11,
        "startTime": 53,
        "songDuration": 169.272,
        "songNumber": 71,
        "activePlayerCount": 125,
        "LinkVideo": "https://files.catbox.moe/lsknxe.webm",
        "LinkMp3": "https://files.catbox.moe/xjeilp.mp3",
        "annId": 15916,
        "aniListId": 20742,
        "kitsuId": 8555,
        "malId": 23135,
        "songDifficulty": 18.245546723399094,
        "vintage": "Summer 2014"
    },
    {
        "animeEng": "Chihayafuru",
        "animeRomaji": "Chihayafuru",
        "songName": "YOUTHFUL ~from Studio Yamato~",
        "artist": "99RadioService",
        "type": "Ending 2",
        "correctCount": 80,
        "startTime": 99,
        "songDuration": 131.4,
        "songNumber": 72,
        "activePlayerCount": 125,
        "LinkVideo": "https://files.catbox.moe/72lk9e.webm",
        "LinkMp3": "https://files.catbox.moe/ow2tp3.mp3",
        "annId": 12991,
        "aniListId": 10800,
        "kitsuId": 6355,
        "malId": 10800,
        "songDifficulty": 42.71374656907594,
        "vintage": "Fall 2011"
    },
    {
        "animeEng": "Kamichama Karin",
        "animeRomaji": "Kamichama Karin",
        "songName": "DESIRE SHOW",
        "artist": "Tatsuhisa Suzuki",
        "type": "Insert Song",
        "correctCount": 3,
        "startTime": 29,
        "songDuration": 79.584,
        "songNumber": 73,
        "activePlayerCount": 124,
        "LinkVideo": "https://files.catbox.moe/j0din7.webm",
        "LinkMp3": "https://files.catbox.moe/r5kjmi.mp3",
        "annId": 7461,
        "aniListId": 1808,
        "kitsuId": 1627,
        "malId": 1808,
        "songDifficulty": 9.795844278054593,
        "vintage": "Spring 2007",
        "correctPlayers": [
            "Deafness",
            "Shanrin",
            "OnlyShiori"
        ]
    },
    {
        "animeEng": "Brave Witches",
        "animeRomaji": "World Witches Series: Dai 502 Tougou Sentou Koukuu-dan Brave Witches",
        "songName": "LITTLE WING ~Spirit of LINDBERG~",
        "artist": "Ai Kakuma, Mai Kadowaki, Ayuru Ohashi",
        "type": "Ending 1",
        "correctCount": 28,
        "startTime": 57,
        "songDuration": 89.352,
        "songNumber": 74,
        "activePlayerCount": 124,
        "LinkVideo": "https://files.catbox.moe/otin2l.webm",
        "LinkMp3": "https://files.catbox.moe/csjbbx.mp3",
        "annId": 23240,
        "aniListId": 98209,
        "kitsuId": 13101,
        "malId": 34644,
        "songDifficulty": 17.398569390413975,
        "vintage": "Summer 2017"
    },
    {
        "animeEng": "Squid Girl OVA",
        "animeRomaji": "Shinryaku!! Ika Musume",
        "songName": "Puzzle",
        "artist": "Kanae Itou",
        "type": "Ending 1",
        "correctCount": 5,
        "startTime": 42,
        "songDuration": 88.992,
        "songNumber": 75,
        "activePlayerCount": 124,
        "LinkVideo": "https://files.catbox.moe/bmdqvh.webm",
        "LinkMp3": "https://files.catbox.moe/1om1xo.mp3",
        "annId": 15860,
        "aniListId": 13267,
        "kitsuId": 6929,
        "malId": 13267,
        "songDifficulty": 12.618661356541802,
        "vintage": "Summer 2012",
        "correctPlayers": [
            "Fumin99",
            "Xia",
            "Deafness",
            "SakuraFujima",
            "HoshinoAi"
        ]
    },
    {
        "animeEng": "Uma Musume: Pretty Derby - 1st Anniversary Special Animation",
        "animeRomaji": "Uma Musume: Pretty Derby - 1st Anniversary Special Animation",
        "songName": "Ambitious World",
        "artist": "Hina Tachibana & Hinaki Yano",
        "type": "Ending 1",
        "correctCount": 16,
        "startTime": 49,
        "songDuration": 88.152,
        "songNumber": 76,
        "activePlayerCount": 123,
        "LinkVideo": "https://files.catbox.moe/dqioic.webm",
        "LinkMp3": "https://files.catbox.moe/qii8jn.mp3",
        "annId": 25438,
        "aniListId": 145608,
        "kitsuId": null,
        "malId": 51225,
        "songDifficulty": 14.061088596326837,
        "vintage": "Winter 2022"
    },
    {
        "animeEng": "Urusei Yatsura",
        "animeRomaji": "Urusei Yatsura",
        "songName": "Tonogata Gomen Asobase",
        "artist": "Shoko Minami",
        "type": "Opening 6",
        "correctCount": 7,
        "startTime": 58,
        "songDuration": 88.92,
        "songNumber": 77,
        "activePlayerCount": 123,
        "LinkVideo": "https://files.catbox.moe/85duc9.webm",
        "LinkMp3": "https://files.catbox.moe/klh7jw.mp3",
        "annId": 90,
        "aniListId": 1293,
        "kitsuId": 1166,
        "malId": 1293,
        "songDifficulty": 21.76201016524959,
        "vintage": "Fall 1981"
    },
    {
        "animeEng": "High School Star Musical",
        "animeRomaji": "Starmyu",
        "songName": "Ayanagi Showtime",
        "artist": "team Hiiragi",
        "type": "Insert Song",
        "correctCount": 58,
        "startTime": 38,
        "songDuration": 105.696,
        "songNumber": 78,
        "activePlayerCount": 123,
        "LinkVideo": "https://files.catbox.moe/6p0hwn.webm",
        "LinkMp3": "https://files.catbox.moe/ps921o.mp3",
        "annId": 16892,
        "aniListId": 21118,
        "kitsuId": 10783,
        "malId": 30375,
        "songDifficulty": 36.69091510373009,
        "vintage": "Fall 2015"
    },
    {
        "animeEng": "Poupelle of Chimney Town",
        "animeRomaji": "Eiga Entotsu Machi no Poupelle",
        "songName": "Mezame",
        "artist": "kona milk",
        "type": "Insert Song",
        "correctCount": 4,
        "startTime": 70,
        "songDuration": 102.336,
        "songNumber": 79,
        "activePlayerCount": 122,
        "LinkVideo": "https://files.catbox.moe/naqxto.webm",
        "LinkMp3": "https://files.catbox.moe/mbsihu.mp3",
        "annId": 22930,
        "aniListId": 98776,
        "kitsuId": null,
        "malId": 35609,
        "songDifficulty": 4.477705816375166,
        "vintage": "Fall 2020",
        "correctPlayers": [
            "amertin",
            "gaaw",
            "tomokarin",
            "Rukawa11"
        ]
    },
    {
        "animeEng": "Transformers: The Headmasters",
        "animeRomaji": "Transformers: The Headmasters",
        "songName": "The Headmasters",
        "artist": "Hironobu Kageyama",
        "type": "Opening 1",
        "correctCount": 6,
        "startTime": 45,
        "songDuration": 78.12,
        "songNumber": 80,
        "activePlayerCount": 125,
        "LinkVideo": "https://files.catbox.moe/d94sdg.webm",
        "LinkMp3": "https://files.catbox.moe/tqepzt.mp3",
        "annId": 2465,
        "aniListId": 925,
        "kitsuId": 823,
        "malId": 925,
        "songDifficulty": 16.558315217391304,
        "vintage": "Summer 1987"
    },
    {
        "animeEng": "Aikatsu!",
        "animeRomaji": "Aikatsu!",
        "songName": "Growing for a dream",
        "artist": "Waka from STAR\u2606ANIS",
        "type": "Insert Song",
        "correctCount": 48,
        "startTime": 37,
        "songDuration": 102.048,
        "songNumber": 81,
        "activePlayerCount": 126,
        "LinkVideo": "https://files.catbox.moe/mpnqmx.webm",
        "LinkMp3": "https://files.catbox.moe/ggjl3u.mp3",
        "annId": 14566,
        "aniListId": 15061,
        "kitsuId": 7205,
        "malId": 15061,
        "songDifficulty": 30.099408556177448,
        "vintage": "Fall 2012"
    },
    {
        "animeEng": "Yumeiro P\u00e2tissi\u00e8re",
        "animeRomaji": "Yumeiro P\u00e2tissi\u00e8re",
        "songName": "Yume ni Yell! Patissiere",
        "artist": "Mayumi Gojou",
        "type": "Opening 1",
        "correctCount": 24,
        "startTime": 51,
        "songDuration": 88.872,
        "songNumber": 82,
        "activePlayerCount": 125,
        "LinkVideo": "https://files.catbox.moe/1kz4ob.webm",
        "LinkMp3": "https://files.catbox.moe/5a35ap.mp3",
        "annId": 10949,
        "aniListId": 6586,
        "kitsuId": 4625,
        "malId": 6586,
        "songDifficulty": 21.703681478984564,
        "vintage": "Fall 2009"
    },
    {
        "animeEng": "Blood Blockade Battlefront",
        "animeRomaji": "Kekkai Sensen",
        "songName": "Hello, world!",
        "artist": "BUMP OF CHICKEN",
        "type": "Opening 1",
        "correctCount": 70,
        "startTime": 18,
        "songDuration": 90.096,
        "songNumber": 83,
        "activePlayerCount": 125,
        "LinkVideo": "https://files.catbox.moe/2b30ol.webm",
        "LinkMp3": "https://files.catbox.moe/2x3viz.mp3",
        "annId": 16340,
        "aniListId": 20727,
        "kitsuId": 8646,
        "malId": 24439,
        "songDifficulty": 39.294262737135966,
        "vintage": "Spring 2015"
    },
    {
        "animeEng": "Haikyu!!",
        "animeRomaji": "Haikyu!!",
        "songName": "Tenchi Gaeshi",
        "artist": "NICO Touches the Walls",
        "type": "Ending 1",
        "correctCount": 42,
        "startTime": 44,
        "songDuration": 89.568,
        "songNumber": 84,
        "activePlayerCount": 126,
        "LinkVideo": "https://files.catbox.moe/bb27f3.webm",
        "LinkMp3": "https://files.catbox.moe/4unama.mp3",
        "annId": 15683,
        "aniListId": 20464,
        "kitsuId": 8133,
        "malId": 20583,
        "songDifficulty": 24.58402396537162,
        "vintage": "Spring 2014"
    },
    {
        "animeEng": "Umibe no \u00c9tranger",
        "animeRomaji": "Umibe no \u00c9tranger",
        "songName": "Zokkon",
        "artist": "MONO NO AWARE",
        "type": "Ending 1",
        "correctCount": 17,
        "startTime": 196,
        "songDuration": 238.968,
        "songNumber": 85,
        "activePlayerCount": 122,
        "LinkVideo": "https://files.catbox.moe/avf4my.webm",
        "LinkMp3": "https://files.catbox.moe/ofhke5.mp3",
        "annId": 23373,
        "aniListId": 112788,
        "kitsuId": 42659,
        "malId": 40615,
        "songDifficulty": 14.418789449954915,
        "vintage": "Summer 2020"
    }
]