[
    {
        "animeEng": "Lucky Star",
        "animeRomaji": "Lucky Star OVA",
        "songName": "Ai o Torimodose!!",
        "artist": "Uchoten",
        "type": "Ending 1",
        "correctCount": 90,
        "startTime": 22,
        "songDuration": 104.64,
        "songNumber": 1,
        "activePlayerCount": 168,
        "LinkVideo": "https://files.catbox.moe/xg07ds.webm",
        "LinkMp3": "https://files.catbox.moe/8temda.mp3",
        "annId": 9842,
        "aniListId": 4472,
        "kitsuId": 3628,
        "malId": 4472,
        "songDifficulty": 41.65503370160146,
        "vintage": "Summer 2008"
    },
    {
        "animeEng": "Macross Frontier",
        "animeRomaji": "Macross Frontier",
        "songName": "Yousei",
        "artist": "May'n",
        "type": "Insert Song",
        "correctCount": 74,
        "startTime": 15,
        "songDuration": 82.488,
        "songNumber": 2,
        "activePlayerCount": 180,
        "LinkVideo": "https://files.catbox.moe/boa6lp.webm",
        "LinkMp3": "https://files.catbox.moe/snsai2.mp3",
        "annId": 8586,
        "aniListId": 3572,
        "kitsuId": 3113,
        "malId": 3572,
        "songDifficulty": 33.618183810339204,
        "vintage": "Fall 2007"
    },
    {
        "animeEng": "Naruto Shippuuden",
        "animeRomaji": "Naruto Shippuuden",
        "songName": "Sign",
        "artist": "FLOW",
        "type": "Opening 6",
        "correctCount": 121,
        "startTime": 56,
        "songDuration": 88.68,
        "songNumber": 3,
        "activePlayerCount": 183,
        "LinkVideo": "https://files.catbox.moe/1zz8kw.webm",
        "LinkMp3": "https://files.catbox.moe/kb4rtj.mp3",
        "annId": 7293,
        "aniListId": 1735,
        "kitsuId": 1555,
        "malId": 1735,
        "songDifficulty": 47.21810311093719,
        "vintage": "Winter 2007"
    },
    {
        "animeEng": ".hack//The Movie",
        "animeRomaji": ".hack//Sekai no Mukou ni",
        "songName": "Tsunagaru Sekai",
        "artist": "Tomoyo Mitani (LieN)",
        "type": "Insert Song",
        "correctCount": 8,
        "startTime": 50,
        "songDuration": 230.13482,
        "songNumber": 4,
        "activePlayerCount": 183,
        "LinkVideo": "https://files.catbox.moe/to0ny2.webm",
        "LinkMp3": "https://files.catbox.moe/a3n17e.mp3",
        "annId": 13373,
        "aniListId": 11375,
        "kitsuId": 6502,
        "malId": 11375,
        "songDifficulty": 5.657925926216149,
        "vintage": "Winter 2012"
    },
    {
        "animeEng": "Junod",
        "animeRomaji": "Junod",
        "songName": "Inochi Gi to Narite",
        "artist": "Masumitsu Miyamoto",
        "type": "Ending 1",
        "correctCount": 6,
        "startTime": 94,
        "songDuration": 146.064,
        "songNumber": 5,
        "activePlayerCount": 184,
        "LinkVideo": "https://files.catbox.moe/61sia0.webm",
        "LinkMp3": "https://files.catbox.moe/huumv1.mp3",
        "annId": 12095,
        "aniListId": 9525,
        "kitsuId": 5774,
        "malId": 9525,
        "songDifficulty": 4.731198069706957,
        "vintage": "Winter 2010"
    },
    {
        "animeEng": "D.C.: Da Capo",
        "animeRomaji": "D.C.: Da Capo",
        "songName": "Utamaru Ekaki Uta",
        "artist": "Haruko Momoi",
        "type": "Ending 2",
        "correctCount": 11,
        "startTime": 43,
        "songDuration": 88.968,
        "songNumber": 6,
        "activePlayerCount": 186,
        "LinkVideo": "https://files.catbox.moe/84ue97.webm",
        "LinkMp3": "https://files.catbox.moe/hqmfs3.mp3",
        "annId": 2670,
        "aniListId": 62,
        "kitsuId": 43,
        "malId": 62,
        "songDifficulty": 15.643967349972344,
        "vintage": "Summer 2003"
    },
    {
        "animeEng": "Mirmo Zibang!",
        "animeRomaji": "Wagamama Fairy Mirumo de Pon!",
        "songName": "Sarara",
        "artist": "Becky",
        "type": "Ending 2",
        "correctCount": 0,
        "startTime": 55,
        "songDuration": 89.441728,
        "songNumber": 7,
        "activePlayerCount": 188,
        "LinkVideo": "https://files.catbox.moe/afkvyt.webm",
        "LinkMp3": "https://files.catbox.moe/x3jarv.mp3",
        "annId": 935,
        "aniListId": 1744,
        "kitsuId": 1564,
        "malId": 1744,
        "songDifficulty": 16.077361395054517,
        "vintage": "Spring 2002"
    },
    {
        "animeEng": "The Thousand Musketeers",
        "animeRomaji": "Senjuushi",
        "songName": "Nothing Impossible",
        "artist": "Daisuke Namikawa",
        "type": "Insert Song",
        "correctCount": 2,
        "startTime": 29,
        "songDuration": 82.512,
        "songNumber": 8,
        "activePlayerCount": 187,
        "LinkVideo": "https://files.catbox.moe/phic9n.webm",
        "LinkMp3": "https://files.catbox.moe/p703a8.mp3",
        "annId": 20803,
        "aniListId": 101380,
        "kitsuId": 41119,
        "malId": 37571,
        "songDifficulty": 7.304741672132684,
        "vintage": "Summer 2018",
        "correctPlayers": [
            "YYYYYYYYYYYYYYYY",
            "Hejsan"
        ]
    },
    {
        "animeEng": "Senki Zesshou Symphogear GX",
        "animeRomaji": "Senki Zesshou Symphogear GX",
        "songName": "Genkai Toppa G-beat(IGNITED arrangement)",
        "artist": "Aoi Yuuki",
        "type": "Insert Song",
        "correctCount": 53,
        "startTime": 24,
        "songDuration": 62.064,
        "songNumber": 9,
        "activePlayerCount": 187,
        "LinkVideo": "https://files.catbox.moe/38un2y.webm",
        "LinkMp3": "https://files.catbox.moe/c02rno.mp3",
        "annId": 16312,
        "aniListId": 20560,
        "kitsuId": 8136,
        "malId": 21573,
        "songDifficulty": 32.106850210042985,
        "vintage": "Summer 2015"
    },
    {
        "animeEng": "Ninjala",
        "animeRomaji": "Ninjala",
        "songName": "Ninja Re Bang Bang Steve Aoki Remix",
        "artist": "Kyary Pamyu Pamyu",
        "type": "Ending 1",
        "correctCount": 75,
        "startTime": 16,
        "songDuration": 58.248,
        "songNumber": 10,
        "activePlayerCount": 188,
        "LinkVideo": "https://files.catbox.moe/8jfmk2.webm",
        "LinkMp3": "https://files.catbox.moe/00jgcf.mp3",
        "annId": 23485,
        "aniListId": 123778,
        "kitsuId": 45765,
        "malId": 42658,
        "songDifficulty": 24.315788172468356,
        "vintage": "Spring 2020"
    },
    {
        "animeEng": "Digimon Adventure: Born of Koromon",
        "animeRomaji": "Digimon Adventure: Born of Koromon",
        "songName": "Butter-Fly",
        "artist": "Kouji Wada",
        "type": "Ending 1",
        "correctCount": 131,
        "startTime": 27,
        "songDuration": 61.569554,
        "songNumber": 11,
        "activePlayerCount": 187,
        "LinkVideo": "https://files.catbox.moe/hnpd5k.webm",
        "LinkMp3": "https://files.catbox.moe/frsoce.mp3",
        "annId": 2523,
        "aniListId": 2961,
        "kitsuId": 7826,
        "malId": 2961,
        "songDifficulty": 44.20665845435685,
        "vintage": "Winter 1999"
    },
    {
        "animeEng": "Hypnosis Mic: Division Rap Battle - Rhyme Anima",
        "animeRomaji": "Hypnosis Mic: Division Rap Battle - Rhyme Anima",
        "songName": "D.R.B Rhyme Anima -EX- The Dirty Dawg vs Secret Aliens",
        "artist": "The Dirty Dawg \u30fbSecret Aliens",
        "type": "Insert Song",
        "correctCount": 139,
        "startTime": 59,
        "songDuration": 156.672,
        "songNumber": 12,
        "activePlayerCount": 188,
        "LinkVideo": "https://files.catbox.moe/j8ep2p.webm",
        "LinkMp3": "https://files.catbox.moe/8m55ph.mp3",
        "annId": 22902,
        "aniListId": 113652,
        "kitsuId": 42826,
        "malId": 40803,
        "songDifficulty": 48.67393391927083,
        "vintage": "Fall 2020"
    },
    {
        "animeEng": "Extreme Hearts",
        "animeRomaji": "Extreme Hearts",
        "songName": "Rise up Dream",
        "artist": "RISE",
        "type": "Insert Song",
        "correctCount": 12,
        "startTime": 31,
        "songDuration": 141.24,
        "songNumber": 13,
        "activePlayerCount": 191,
        "LinkVideo": "https://files.catbox.moe/6iz975.webm",
        "LinkMp3": "https://files.catbox.moe/ckx3kb.mp3",
        "annId": 25311,
        "aniListId": 145001,
        "kitsuId": null,
        "malId": 50999,
        "songDifficulty": 31.818181818181817,
        "vintage": "Summer 2022"
    },
    {
        "animeEng": "Omamori Himari",
        "animeRomaji": "Omamori Himari",
        "songName": "BEAM my BEAM",
        "artist": "Iori Nomizu",
        "type": "Ending 3",
        "correctCount": 57,
        "startTime": 4,
        "songDuration": 89.52,
        "songNumber": 14,
        "activePlayerCount": 191,
        "LinkVideo": "https://files.catbox.moe/oqfcvt.webm",
        "LinkMp3": "https://files.catbox.moe/wo3zce.mp3",
        "annId": 10767,
        "aniListId": 6324,
        "kitsuId": 4519,
        "malId": 6324,
        "songDifficulty": 25.045810281551272,
        "vintage": "Winter 2010"
    },
    {
        "animeEng": "Onihei",
        "animeRomaji": "Onihei",
        "songName": "Onihei ~Edo o Hashiru~",
        "artist": "Kouhei Tanaka",
        "type": "Opening 1",
        "correctCount": 23,
        "startTime": 19,
        "songDuration": 59.532038,
        "songNumber": 15,
        "activePlayerCount": 191,
        "LinkVideo": "https://files.catbox.moe/fa1n60.webm",
        "LinkMp3": "https://files.catbox.moe/d3ho2g.mp3",
        "annId": 18801,
        "aniListId": 97590,
        "kitsuId": 12538,
        "malId": 33983,
        "songDifficulty": 12.549810336723873,
        "vintage": "Winter 2017"
    },
    {
        "animeEng": "Bobobo-bo Bo-bobo",
        "animeRomaji": "Bobobo-bo Bo-bobo",
        "songName": "Baka Survivor",
        "artist": "Ulfuls",
        "type": "Opening 2",
        "correctCount": 83,
        "startTime": 44,
        "songDuration": 90.144,
        "songNumber": 16,
        "activePlayerCount": 191,
        "LinkVideo": "https://files.catbox.moe/6fs1uw.webm",
        "LinkMp3": "https://files.catbox.moe/p17d40.mp3",
        "annId": 3085,
        "aniListId": 1050,
        "kitsuId": 940,
        "malId": 1050,
        "songDifficulty": 36.736829010224604,
        "vintage": "Fall 2003"
    },
    {
        "animeEng": "Build-Divide: #000000 (Code Black)",
        "animeRomaji": "Build-Divide: #000000 (Code Black)",
        "songName": "BANG!!!",
        "artist": "EGOIST",
        "type": "Opening 2",
        "correctCount": 70,
        "startTime": 10,
        "songDuration": 89.184,
        "songNumber": 17,
        "activePlayerCount": 191,
        "LinkVideo": "https://files.catbox.moe/3y0ma2.webm",
        "LinkMp3": "https://files.catbox.moe/43vla3.mp3",
        "annId": 24316,
        "aniListId": 132525,
        "kitsuId": 44425,
        "malId": 48776,
        "songDifficulty": 25.718636698988195,
        "vintage": "Fall 2021"
    },
    {
        "animeEng": "Animentary Ketsudan",
        "animeRomaji": "Animentary Ketsudan",
        "songName": "Ketsudan",
        "artist": "Miki Kazuyuki, Columbia Dansei Gasshou-dan",
        "type": "Opening 1",
        "correctCount": 4,
        "startTime": 5,
        "songDuration": 73.992,
        "songNumber": 18,
        "activePlayerCount": 190,
        "LinkVideo": "https://files.catbox.moe/8lgyek.webm",
        "LinkMp3": "https://files.catbox.moe/x7vgnb.mp3",
        "annId": 1110,
        "aniListId": 8436,
        "kitsuId": 5333,
        "malId": 8436,
        "songDifficulty": 6.237043184189042,
        "vintage": "Spring 1971",
        "correctPlayers": [
            "Hooman",
            "gaaw",
            "IronCraby",
            "Rukawa11"
        ]
    },
    {
        "animeEng": "Naruto",
        "animeRomaji": "Naruto",
        "songName": "Natsuhiboshi",
        "artist": "Daisuke Namikawa",
        "type": "Insert Song",
        "correctCount": 49,
        "startTime": 11,
        "songDuration": 53.04,
        "songNumber": 19,
        "activePlayerCount": 191,
        "LinkVideo": "https://files.catbox.moe/7gmk6j.webm",
        "LinkMp3": "https://files.catbox.moe/0i6qnc.mp3",
        "annId": 1825,
        "aniListId": 20,
        "kitsuId": 11,
        "malId": 20,
        "songDifficulty": 19.765643474726573,
        "vintage": "Fall 2002"
    },
    {
        "animeEng": "G-9",
        "animeRomaji": "G-9",
        "songName": "Missing",
        "artist": "DUSTZ",
        "type": "Ending 1",
        "correctCount": 5,
        "startTime": 96,
        "songDuration": 125.664,
        "songNumber": 20,
        "activePlayerCount": 191,
        "LinkVideo": "https://files.catbox.moe/8y86ng.webm",
        "LinkMp3": "https://files.catbox.moe/dm9b4l.mp3",
        "annId": 7153,
        "aniListId": 5785,
        "kitsuId": 4277,
        "malId": 5785,
        "songDifficulty": 5.733578163171824,
        "vintage": "Summer 2006",
        "correctPlayers": [
            "EruisKawaii",
            "HoshinoAi",
            "Re_Logistik73",
            "watashiii",
            "Rukawa11"
        ]
    },
    {
        "animeEng": "One Piece Episode of Sorajima",
        "animeRomaji": "One Piece Episode of Sorajima",
        "songName": "Hope",
        "artist": "Namie Amuro",
        "type": "Ending 1",
        "correctCount": 137,
        "startTime": 84,
        "songDuration": 117.731854,
        "songNumber": 21,
        "activePlayerCount": 192,
        "LinkVideo": "https://files.catbox.moe/7n5a0z.webm",
        "LinkMp3": "https://files.catbox.moe/iwgcm7.mp3",
        "annId": 20960,
        "aniListId": 101918,
        "kitsuId": 41303,
        "malId": 37902,
        "songDifficulty": 40.59681745750708,
        "vintage": "Summer 2018"
    },
    {
        "animeEng": "Wakakusa no Charlotte",
        "animeRomaji": "Wakakusa no Charlotte",
        "songName": "Wakakusa no Charlotte",
        "artist": "Kumiko Kaori",
        "type": "Opening 1",
        "correctCount": 14,
        "startTime": 2,
        "songDuration": 73.08,
        "songNumber": 22,
        "activePlayerCount": 193,
        "LinkVideo": "https://files.catbox.moe/y4ooda.webm",
        "LinkMp3": "https://files.catbox.moe/7tz7uk.mp3",
        "annId": 2107,
        "aniListId": 3196,
        "kitsuId": 2851,
        "malId": 3196,
        "songDifficulty": 19.65836686002994,
        "vintage": "Fall 1977"
    },
    {
        "animeEng": "Akira",
        "animeRomaji": "Akira",
        "songName": "Kaneda",
        "artist": "Geinoh Yamashiro-gumi",
        "type": "Ending 1",
        "correctCount": 138,
        "startTime": 87,
        "songDuration": 219.085214,
        "songNumber": 23,
        "activePlayerCount": 193,
        "LinkVideo": "https://files.catbox.moe/pwvp40.webm",
        "LinkMp3": "https://files.catbox.moe/ps4so0.mp3",
        "annId": 375,
        "aniListId": 47,
        "kitsuId": 29,
        "malId": 47,
        "songDifficulty": 34.66976358400801,
        "vintage": "Summer 1988"
    },
    {
        "animeEng": "Last Exile: Fam, The Silver Wing",
        "animeRomaji": "Last Exile: Ginyoku no Fam",
        "songName": "Buddy",
        "artist": "Maaya Sakamoto",
        "type": "Opening 1",
        "correctCount": 31,
        "startTime": 52,
        "songDuration": 88.608,
        "songNumber": 24,
        "activePlayerCount": 194,
        "LinkVideo": "https://files.catbox.moe/e0ag23.webm",
        "LinkMp3": "https://files.catbox.moe/aeeukj.mp3",
        "annId": 12501,
        "aniListId": 10336,
        "kitsuId": 6134,
        "malId": 10336,
        "songDifficulty": 15.900762459773036,
        "vintage": "Fall 2011"
    },
    {
        "animeEng": "Saint Seiya: The Hades Chapter - Inferno",
        "animeRomaji": "Saint Seiya: The Hades Chapter - Inferno",
        "songName": "Megami no Senshi ~PegasusForever~",
        "artist": "Marina del ray",
        "type": "Opening 1",
        "correctCount": 29,
        "startTime": 30,
        "songDuration": 87.195236,
        "songNumber": 25,
        "activePlayerCount": 195,
        "LinkVideo": "https://files.catbox.moe/pe9d4u.webm",
        "LinkMp3": "https://files.catbox.moe/fqg0bl.mp3",
        "annId": 5964,
        "aniListId": 1253,
        "kitsuId": 1128,
        "malId": 1253,
        "songDifficulty": 19.94159126791353,
        "vintage": "Fall 2005"
    },
    {
        "animeEng": "Initial D",
        "animeRomaji": "Initial D",
        "songName": "HEARTBEAT",
        "artist": "NATHALIE",
        "type": "Insert Song",
        "correctCount": 139,
        "startTime": 129,
        "songDuration": 236.352,
        "songNumber": 26,
        "activePlayerCount": 195,
        "LinkVideo": "https://files.catbox.moe/3g9rdm.webm",
        "LinkMp3": "https://files.catbox.moe/rie2eo.mp3",
        "annId": 395,
        "aniListId": 185,
        "kitsuId": 162,
        "malId": 185,
        "songDifficulty": 56.493731643054595,
        "vintage": "Spring 1998"
    },
    {
        "animeEng": "Spirit of Wonder",
        "animeRomaji": "Spirit of Wonder",
        "songName": "Yume no Tobira",
        "artist": "Noriko Hidaka",
        "type": "Ending 1",
        "correctCount": 3,
        "startTime": 26,
        "songDuration": 154.128,
        "songNumber": 27,
        "activePlayerCount": 195,
        "LinkVideo": "https://files.catbox.moe/1pgil5.webm",
        "LinkMp3": "https://files.catbox.moe/p9exr4.mp3",
        "annId": 223,
        "aniListId": 2419,
        "kitsuId": 2195,
        "malId": 2419,
        "songDifficulty": 7.4770284998370276,
        "vintage": "Spring 1992",
        "correctPlayers": [
            "shadismith",
            "YYYYYYYYYYYYYYYY",
            "watashiii"
        ]
    },
    {
        "animeEng": "Song of the Ladybug",
        "animeRomaji": "Tentou Mushi no Uta",
        "songName": "Bokura Kyoudai Tentou Mushi",
        "artist": "Mitsuko Horie, Koorogi '73, Young Fresh",
        "type": "Opening 1",
        "correctCount": 54,
        "startTime": 36,
        "songDuration": 83.694888,
        "songNumber": 28,
        "activePlayerCount": 196,
        "LinkVideo": "https://files.catbox.moe/ezyzgt.webm",
        "LinkMp3": "https://files.catbox.moe/75vvct.mp3",
        "annId": 1411,
        "aniListId": 6397,
        "kitsuId": 4546,
        "malId": 6397,
        "songDifficulty": 14.559773899108139,
        "vintage": "Fall 1974"
    },
    {
        "animeEng": "Utawarerumono: Mask of Truth",
        "animeRomaji": "Utawarerumono: Futari no Hakuoro",
        "songName": "Nuedori",
        "artist": "Suara",
        "type": "Ending 1",
        "correctCount": 8,
        "startTime": 0,
        "songDuration": 155.712,
        "songNumber": 29,
        "activePlayerCount": 196,
        "LinkVideo": "https://files.catbox.moe/h1x5yr.webm",
        "LinkMp3": "https://files.catbox.moe/4hluaa.mp3",
        "annId": 24991,
        "aniListId": 112640,
        "kitsuId": 42641,
        "malId": 40590,
        "songDifficulty": 32.308211457026346,
        "vintage": "Summer 2022"
    },
    {
        "animeEng": "Tomodachi Game",
        "animeRomaji": "Tomodachi Game",
        "songName": "Double Shuffle",
        "artist": "Nana Mizuki",
        "type": "Opening 1",
        "correctCount": 100,
        "startTime": 52,
        "songDuration": 89.184,
        "songNumber": 30,
        "activePlayerCount": 195,
        "LinkVideo": "https://files.catbox.moe/kn8db8.webm",
        "LinkMp3": "https://files.catbox.moe/85ru3w.mp3",
        "annId": 24923,
        "aniListId": 141014,
        "kitsuId": 45401,
        "malId": 50273,
        "songDifficulty": 36.888959311096215,
        "vintage": "Spring 2022"
    },
    {
        "animeEng": "Kiss \u00d7 Sis",
        "animeRomaji": "Kiss \u00d7 Sis",
        "songName": "Futari no\u2665Honey Boy",
        "artist": "Ayana Taketatsu & Yuiko Tatsumi",
        "type": "Opening 1",
        "correctCount": 99,
        "startTime": 57,
        "songDuration": 89.544,
        "songNumber": 31,
        "activePlayerCount": 196,
        "LinkVideo": "https://files.catbox.moe/sn0l60.webm",
        "LinkMp3": "https://files.catbox.moe/vh33sj.mp3",
        "annId": 10194,
        "aniListId": 5042,
        "kitsuId": 3901,
        "malId": 5042,
        "songDifficulty": 29.097550552142753,
        "vintage": "Fall 2008"
    },
    {
        "animeEng": "Azumanga Daioh",
        "animeRomaji": "Azumanga Daioh",
        "songName": "Soramimi Cake",
        "artist": "Oranges & Lemons",
        "type": "Opening 1",
        "correctCount": 113,
        "startTime": 28,
        "songDuration": 88.944,
        "songNumber": 32,
        "activePlayerCount": 196,
        "LinkVideo": "https://files.catbox.moe/uhdwfr.webm",
        "LinkMp3": "https://files.catbox.moe/kfu0be.mp3",
        "annId": 799,
        "aniListId": 66,
        "kitsuId": 47,
        "malId": 66,
        "songDifficulty": 38.84602988017594,
        "vintage": "Spring 2002"
    },
    {
        "animeEng": "Carole & Tuesday",
        "animeRomaji": "Carole & Tuesday",
        "songName": "Dance Tonight",
        "artist": "J R Price",
        "type": "Insert Song",
        "correctCount": 84,
        "startTime": 17,
        "songDuration": 96.048,
        "songNumber": 33,
        "activePlayerCount": 196,
        "LinkVideo": "https://files.catbox.moe/i8f3cu.webm",
        "LinkMp3": "https://files.catbox.moe/ye1bve.mp3",
        "annId": 21557,
        "aniListId": 101281,
        "kitsuId": 41025,
        "malId": 37435,
        "songDifficulty": 35.88855079628046,
        "vintage": "Spring 2019"
    },
    {
        "animeEng": "Godzilla Singular Point",
        "animeRomaji": "Godzilla: S.P",
        "songName": "ALAPU UPALA",
        "artist": "Annette Philip",
        "type": "Insert Song",
        "correctCount": 22,
        "startTime": 21,
        "songDuration": 80.064,
        "songNumber": 34,
        "activePlayerCount": 195,
        "LinkVideo": "https://files.catbox.moe/wehf83.webm",
        "LinkMp3": "https://files.catbox.moe/snfqkj.mp3",
        "annId": 23829,
        "aniListId": 124786,
        "kitsuId": 43667,
        "malId": 43229,
        "songDifficulty": 23.488517992424242,
        "vintage": "Spring 2021"
    },
    {
        "animeEng": "Love, Chunibyo & Other Delusions! REN",
        "animeRomaji": "Chuunibyou demo Koi ga Shitai! Ren",
        "songName": "VOICE",
        "artist": "ZAQ",
        "type": "Opening 1",
        "correctCount": 89,
        "startTime": 8,
        "songDuration": 90.168,
        "songNumber": 35,
        "activePlayerCount": 198,
        "LinkVideo": "https://files.catbox.moe/8nofui.webm",
        "LinkMp3": "https://files.catbox.moe/zghh2f.mp3",
        "annId": 23594,
        "aniListId": 20889,
        "kitsuId": 9132,
        "malId": 27601,
        "songDifficulty": 33.11635003671072,
        "vintage": "Summer 2014"
    },
    {
        "animeEng": "The IDOLM@STER Cinderella Girls",
        "animeRomaji": "The IDOLM@STER Cinderella Girls",
        "songName": "Koi Kaze",
        "artist": "Saori Hayami",
        "type": "Insert Song",
        "correctCount": 3,
        "startTime": 3,
        "songDuration": 115.056,
        "songNumber": 36,
        "activePlayerCount": 197,
        "LinkVideo": "https://files.catbox.moe/utntxh.webm",
        "LinkMp3": "https://files.catbox.moe/hs7f53.mp3",
        "annId": 16946,
        "aniListId": 21094,
        "kitsuId": 10760,
        "malId": 30344,
        "songDifficulty": 15.784151917950236,
        "vintage": "Summer 2015",
        "correctPlayers": [
            "Alleros",
            "xeloo",
            "KaedeTakagaki"
        ]
    },
    {
        "animeEng": "Gingitsune: Messenger Fox of the Gods",
        "animeRomaji": "Gingitsune",
        "songName": "tiny lamp",
        "artist": "fh\u00e1na",
        "type": "Opening 1",
        "correctCount": 22,
        "startTime": 17,
        "songDuration": 89.568,
        "songNumber": 37,
        "activePlayerCount": 199,
        "LinkVideo": "https://files.catbox.moe/clxvd4.webm",
        "LinkMp3": "https://files.catbox.moe/v0e6st.mp3",
        "annId": 15283,
        "aniListId": 18411,
        "kitsuId": 7703,
        "malId": 18411,
        "songDifficulty": 15.46835719948948,
        "vintage": "Fall 2013"
    },
    {
        "animeEng": "Fairy Tail",
        "animeRomaji": "Fairy Tail",
        "songName": "Fiesta",
        "artist": "+Plus",
        "type": "Opening 6",
        "correctCount": 127,
        "startTime": 47,
        "songDuration": 89.064,
        "songNumber": 38,
        "activePlayerCount": 198,
        "LinkVideo": "https://files.catbox.moe/jxwv3s.webm",
        "LinkMp3": "https://files.catbox.moe/zuelz0.mp3",
        "annId": 10942,
        "aniListId": 6702,
        "kitsuId": 4676,
        "malId": 6702,
        "songDifficulty": 42.8074627069559,
        "vintage": "Fall 2009"
    },
    {
        "animeEng": "Beastars",
        "animeRomaji": "Beastars",
        "songName": "Yasashii Suisei",
        "artist": "YOASOBI",
        "type": "Ending 1",
        "correctCount": 126,
        "startTime": 12,
        "songDuration": 86.976,
        "songNumber": 39,
        "activePlayerCount": 198,
        "LinkVideo": "https://files.catbox.moe/c1eusr.webm",
        "LinkMp3": "https://files.catbox.moe/v17ka9.mp3",
        "annId": 23749,
        "aniListId": 114194,
        "kitsuId": 42904,
        "malId": 40935,
        "songDifficulty": 45.07807415575964,
        "vintage": "Winter 2021"
    },
    {
        "animeEng": "BanG Dream! Girls Band Party! Pico",
        "animeRomaji": "BanG Dream! Garupa\u2606Pico",
        "songName": "Egao no Orchestra!",
        "artist": "Hello, Happy World!",
        "type": "Insert Song",
        "correctCount": 67,
        "startTime": 0,
        "songDuration": 22.008,
        "songNumber": 40,
        "activePlayerCount": 198,
        "LinkVideo": "https://files.catbox.moe/onybvx.webm",
        "LinkMp3": "https://files.catbox.moe/sn95pk.mp3",
        "annId": 21290,
        "aniListId": 101632,
        "kitsuId": 41292,
        "malId": 37873,
        "songDifficulty": 40.27140392199825,
        "vintage": "Summer 2018"
    },
    {
        "animeEng": "Waccha PriMagi!",
        "animeRomaji": "Waccha PriMagi!",
        "songName": "Kiseki no Furu",
        "artist": "Chinatsu Hirose & Minori Fujidera",
        "type": "Insert Song",
        "correctCount": 3,
        "startTime": 72,
        "songDuration": 150.312,
        "songNumber": 41,
        "activePlayerCount": 196,
        "LinkVideo": "https://files.catbox.moe/yg1q75.webm",
        "LinkMp3": "https://files.catbox.moe/ieh4q1.mp3",
        "annId": 24477,
        "aniListId": 136119,
        "kitsuId": 44814,
        "malId": 49285,
        "songDifficulty": 20.915570710834704,
        "vintage": "Fall 2021",
        "correctPlayers": [
            "Swaye",
            "Hejsan",
            "MusicDown"
        ]
    },
    {
        "animeEng": "Urara Meirocho",
        "animeRomaji": "Urara Meirocho",
        "songName": "go to Romance>>>>>",
        "artist": "Luce Twinkle Wink\u2606",
        "type": "Ending 1",
        "correctCount": 29,
        "startTime": 2,
        "songDuration": 88.992,
        "songNumber": 42,
        "activePlayerCount": 196,
        "LinkVideo": "https://files.catbox.moe/x88i5s.webm",
        "LinkMp3": "https://files.catbox.moe/1c7u9v.mp3",
        "annId": 18880,
        "aniListId": 21696,
        "kitsuId": 11934,
        "malId": 32924,
        "songDifficulty": 17.70269536903039,
        "vintage": "Winter 2017"
    },
    {
        "animeEng": "Senki Zesshou Symphogear AXZ",
        "animeRomaji": "Senki Zesshou Symphogear AXZ",
        "songName": "Fuugetsu no Shissou",
        "artist": "Nana Mizuki & Yoshino Nanjou",
        "type": "Insert Song",
        "correctCount": 53,
        "startTime": 49,
        "songDuration": 122.736,
        "songNumber": 43,
        "activePlayerCount": 195,
        "LinkVideo": "https://files.catbox.moe/ja970u.webm",
        "LinkMp3": "https://files.catbox.moe/7xca3i.mp3",
        "annId": 19724,
        "aniListId": 21672,
        "kitsuId": 11883,
        "malId": 32836,
        "songDifficulty": 29.32764304872597,
        "vintage": "Summer 2017"
    },
    {
        "animeEng": "Refrain Blue",
        "animeRomaji": "Refrain Blue",
        "songName": "Mimi o Sumaseba",
        "artist": "Hikari Okamoto",
        "type": "Ending 1",
        "correctCount": 4,
        "startTime": 44,
        "songDuration": 157.848,
        "songNumber": 44,
        "activePlayerCount": 193,
        "LinkVideo": "https://files.catbox.moe/3etp7m.webm",
        "LinkMp3": "https://files.catbox.moe/t0u3e3.mp3",
        "annId": 1129,
        "aniListId": 676,
        "kitsuId": 618,
        "malId": 676,
        "songDifficulty": 8.78035124055632,
        "vintage": "Spring 2000",
        "correctPlayers": [
            "EruisKawaii",
            "KaedeTakagaki",
            "gaaw",
            "watashiii"
        ]
    },
    {
        "animeEng": "Himouto! Umaru-chan",
        "animeRomaji": "Himouto! Umaru-chan",
        "songName": "Kakushinteki\u2606Metamorphose!",
        "artist": "Aimi Tanaka",
        "type": "Opening 1",
        "correctCount": 138,
        "startTime": 33,
        "songDuration": 88.032,
        "songNumber": 45,
        "activePlayerCount": 195,
        "LinkVideo": "https://files.catbox.moe/k8gn13.webm",
        "LinkMp3": "https://files.catbox.moe/cqvs1w.mp3",
        "annId": 16845,
        "aniListId": 20987,
        "kitsuId": 10067,
        "malId": 28825,
        "songDifficulty": 50.04437255613335,
        "vintage": "Summer 2015"
    },
    {
        "animeEng": "Virtualsan: Looking",
        "animeRomaji": "Virtual-san wa Miteiru",
        "songName": "Maru de Gorilla",
        "artist": "Virtual Gorilla",
        "type": "Insert Song",
        "correctCount": 25,
        "startTime": 4,
        "songDuration": 38.059754,
        "songNumber": 46,
        "activePlayerCount": 197,
        "LinkVideo": "https://files.catbox.moe/1imcei.webm",
        "LinkMp3": "https://files.catbox.moe/mfpoqe.mp3",
        "annId": 22413,
        "aniListId": 106433,
        "kitsuId": 42042,
        "malId": 38851,
        "songDifficulty": 24.000666643972405,
        "vintage": "Winter 2019"
    },
    {
        "animeEng": "Beyblade Burst",
        "animeRomaji": "Beyblade Burst",
        "songName": "Burst Finish!",
        "artist": "Tatsuyuki Kobayashi",
        "type": "Opening 1",
        "correctCount": 45,
        "startTime": 57,
        "songDuration": 88.56,
        "songNumber": 47,
        "activePlayerCount": 195,
        "LinkVideo": "https://files.catbox.moe/x1tbhn.webm",
        "LinkMp3": "https://files.catbox.moe/r6ypa8.mp3",
        "annId": 17992,
        "aniListId": 21236,
        "kitsuId": 11113,
        "malId": 31049,
        "songDifficulty": 22.042744804463556,
        "vintage": "Spring 2016"
    },
    {
        "animeEng": "Ensemble Stars!",
        "animeRomaji": "EnStars",
        "songName": "Temptation Magic",
        "artist": "Switch",
        "type": "Insert Song",
        "correctCount": 12,
        "startTime": 169,
        "songDuration": 230.04,
        "songNumber": 48,
        "activePlayerCount": 194,
        "LinkVideo": "https://files.catbox.moe/1dibqv.webm",
        "LinkMp3": "https://files.catbox.moe/30u6mw.mp3",
        "annId": 22259,
        "aniListId": 21512,
        "kitsuId": 11595,
        "malId": 32212,
        "songDifficulty": 30.006901041666666,
        "vintage": "Summer 2019"
    },
    {
        "animeEng": "Uta no\u2606Prince-sama\u266aMaji Love ST\u2606RISH Tours: Tabi no Hajimari",
        "animeRomaji": "Uta no\u2606Prince-sama\u266aMaji Love ST\u2606RISH Tours: Tabi no Hajimari",
        "songName": "Journey",
        "artist": "Mamoru Miyano",
        "type": "Ending 1",
        "correctCount": 7,
        "startTime": 36,
        "songDuration": 90.384,
        "songNumber": 49,
        "activePlayerCount": 193,
        "LinkVideo": "https://files.catbox.moe/8v5rvm.webm",
        "LinkMp3": "https://files.catbox.moe/ebdw8i.mp3",
        "annId": 24998,
        "aniListId": 153146,
        "kitsuId": null,
        "malId": 52573,
        "songDifficulty": 16.178330609587587,
        "vintage": "Summer 2022"
    },
    {
        "animeEng": "The Disastrous Life of Saiki K.",
        "animeRomaji": "Saiki Kusuo no Psi-nan",
        "songName": "\u03a8-lent Prisoner",
        "artist": "Saiki-kku Lover feat. Hiroshi Kamiya, Daisuke Ono, Nobunaga Shimazaki",
        "type": "Opening 1",
        "correctCount": 91,
        "startTime": 57,
        "songDuration": 89.208,
        "songNumber": 50,
        "activePlayerCount": 192,
        "LinkVideo": "https://files.catbox.moe/5y8raz.webm",
        "LinkMp3": "https://files.catbox.moe/q7ouuj.mp3",
        "annId": 20177,
        "aniListId": 98034,
        "kitsuId": 13477,
        "malId": 34612,
        "songDifficulty": 40.710989996945635,
        "vintage": "Winter 2018"
    },
    {
        "animeEng": "BanG Dream! 3rd Season",
        "animeRomaji": "BanG Dream! 3rd Season",
        "songName": "FIRE BIRD",
        "artist": "Roselia",
        "type": "Ending 2",
        "correctCount": 87,
        "startTime": 1,
        "songDuration": 89.784,
        "songNumber": 51,
        "activePlayerCount": 192,
        "LinkVideo": "https://files.catbox.moe/lfgs99.webm",
        "LinkMp3": "https://files.catbox.moe/4twjch.mp3",
        "annId": 22909,
        "aniListId": 101634,
        "kitsuId": 41290,
        "malId": 37870,
        "songDifficulty": 40.68845367254583,
        "vintage": "Winter 2020"
    },
    {
        "animeEng": "Code Geass: Lelouch of the Rebellion R2",
        "animeRomaji": "Code Geass: Hangyaku no Lelouch R2",
        "songName": "Nunnally",
        "artist": "Hitomi",
        "type": "Insert Song",
        "correctCount": 111,
        "startTime": 9,
        "songDuration": 38.568,
        "songNumber": 52,
        "activePlayerCount": 192,
        "LinkVideo": "https://files.catbox.moe/qenzba.webm",
        "LinkMp3": "https://files.catbox.moe/cn5ayb.mp3",
        "annId": 9173,
        "aniListId": 2904,
        "kitsuId": 2634,
        "malId": 2904,
        "songDifficulty": 24.380616449004975,
        "vintage": "Spring 2008"
    },
    {
        "animeEng": "Endro~!",
        "animeRomaji": "Endro~!",
        "songName": "Wonder Caravan!",
        "artist": "Inori Minase",
        "type": "Ending 1",
        "correctCount": 23,
        "startTime": 12,
        "songDuration": 88.824,
        "songNumber": 53,
        "activePlayerCount": 192,
        "LinkVideo": "https://files.catbox.moe/8o4sck.webm",
        "LinkMp3": "https://files.catbox.moe/8aio1c.mp3",
        "annId": 21228,
        "aniListId": 103301,
        "kitsuId": 41957,
        "malId": 38062,
        "songDifficulty": 21.786626467351432,
        "vintage": "Winter 2019"
    },
    {
        "animeEng": "Mukidashi no Mitsuko",
        "animeRomaji": "Mukidashi no Mitsuko",
        "songName": "Mukidashi no Mitsuko",
        "artist": "Takashi Taniguchi",
        "type": "Insert Song",
        "correctCount": 1,
        "startTime": 16,
        "songDuration": 54.742,
        "songNumber": 54,
        "activePlayerCount": 191,
        "LinkVideo": "https://files.catbox.moe/yeckhz.webm",
        "annId": 26308,
        "aniListId": 103357,
        "kitsuId": 12454,
        "malId": 33694,
        "songDifficulty": 29.565217391304348,
        "vintage": "Fall 2006",
        "correctPlayers": [
            "Yanana"
        ]
    },
    {
        "animeEng": "JoJo's Bizarre Adventure",
        "animeRomaji": "JoJo no Kimyou na Bouken",
        "songName": "ROUNDABOUT",
        "artist": "YES",
        "type": "Ending 1",
        "correctCount": 171,
        "startTime": 8,
        "songDuration": 91.128,
        "songNumber": 55,
        "activePlayerCount": 191,
        "LinkVideo": "https://files.catbox.moe/xzgswj.webm",
        "LinkMp3": "https://files.catbox.moe/os28yw.mp3",
        "annId": 14445,
        "aniListId": 14719,
        "kitsuId": 7158,
        "malId": 14719,
        "songDifficulty": 67.25717567774544,
        "vintage": "Fall 2012"
    },
    {
        "animeEng": "Doraemon: Nobita's Space Story",
        "animeRomaji": "Doraemon: Nobita no Uchuu Kaitakushi",
        "songName": "Doraemon no Uta",
        "artist": "Kumiko Oosugi & Nobuyo Oyama",
        "type": "Insert Song",
        "correctCount": 160,
        "startTime": 17,
        "songDuration": 68.04,
        "songNumber": 56,
        "activePlayerCount": 192,
        "LinkVideo": "https://files.catbox.moe/47cfhh.webm",
        "LinkMp3": "https://files.catbox.moe/wybbta.mp3",
        "annId": 1894,
        "aniListId": 2662,
        "kitsuId": 2426,
        "malId": 2662,
        "songDifficulty": 67.73846334586466,
        "vintage": "Winter 1981"
    },
    {
        "animeEng": "Eiga Precure Miracle Leap: Minna to Fushigi na 1-nichi",
        "animeRomaji": "Eiga Precure Miracle Leap: Minna to Fushigi na 1-nichi",
        "songName": "Circle Love ~Sakura~",
        "artist": "Rie Kitagawa",
        "type": "Insert Song",
        "correctCount": 7,
        "startTime": 72,
        "songDuration": 109.992,
        "songNumber": 57,
        "activePlayerCount": 193,
        "LinkVideo": "https://files.catbox.moe/u9h9zg.webm",
        "LinkMp3": "https://files.catbox.moe/k9hf2k.mp3",
        "annId": 23265,
        "aniListId": 112612,
        "kitsuId": 43057,
        "malId": 40587,
        "songDifficulty": 10.080186436260144,
        "vintage": "Fall 2020"
    },
    {
        "animeEng": "AOKANA: Four Rhythm Across the Blue",
        "animeRomaji": "Ao no Kanata no Four Rhythm",
        "songName": "Wings of Courage -Sora o Koete-",
        "artist": "Mami Kawada",
        "type": "Insert Song",
        "correctCount": 53,
        "startTime": 0,
        "songDuration": 250.608,
        "songNumber": 58,
        "activePlayerCount": 193,
        "LinkVideo": "https://files.catbox.moe/rsi9jy.webm",
        "LinkMp3": "https://files.catbox.moe/x0bj5t.mp3",
        "annId": 16555,
        "aniListId": 21319,
        "kitsuId": 10021,
        "malId": 28391,
        "songDifficulty": 27.986309523809524,
        "vintage": "Winter 2016"
    },
    {
        "animeEng": "Frame Arms Girl Movie: Kyakkya Ufufu na Wonderland",
        "animeRomaji": "Frame Arms Girl Movie: Kyakkya Ufufu na Wonderland",
        "songName": "Manjouicchi LOVE ENERGY",
        "artist": "FA Girls",
        "type": "Insert Song",
        "correctCount": 3,
        "startTime": 39,
        "songDuration": 123.888,
        "songNumber": 59,
        "activePlayerCount": 193,
        "LinkVideo": "https://files.catbox.moe/xz111b.webm",
        "LinkMp3": "https://files.catbox.moe/07ri42.mp3",
        "annId": 21511,
        "aniListId": 105907,
        "kitsuId": 42150,
        "malId": 37600,
        "songDifficulty": 3.808092557466947,
        "vintage": "Spring 2019",
        "correctPlayers": [
            "EruisKawaii",
            "Lord_Binary",
            "HoshinoAi"
        ]
    },
    {
        "animeEng": "Space Battleship Yamato: Resurrection",
        "animeRomaji": "Uchuu Senkan Yamato: Fukkatsu-hen",
        "songName": "Uchuu Senkan Yamato 2009",
        "artist": "THE ALFEE with Symphonic Orchestra",
        "type": "Insert Song",
        "correctCount": 8,
        "startTime": 32,
        "songDuration": 68.232,
        "songNumber": 60,
        "activePlayerCount": 193,
        "LinkVideo": "https://files.catbox.moe/pg12yu.webm",
        "LinkMp3": "https://files.catbox.moe/jbzl4y.mp3",
        "annId": 3923,
        "aniListId": 7144,
        "kitsuId": 4878,
        "malId": 7144,
        "songDifficulty": 10.54905069622279,
        "vintage": "Fall 2009"
    },
    {
        "animeEng": "Ichigo 100%",
        "animeRomaji": "Ichigo 100%",
        "songName": "Kimi-iro 100%",
        "artist": "Nana Mizuki, Megumi Toyoguchi, Sanae Kobayashi, Mamiko Noto",
        "type": "Opening 1",
        "correctCount": 15,
        "startTime": 7,
        "songDuration": 101.112,
        "songNumber": 61,
        "activePlayerCount": 193,
        "LinkVideo": "https://files.catbox.moe/7fvnlj.webm",
        "LinkMp3": "https://files.catbox.moe/2h2ori.mp3",
        "annId": 5080,
        "aniListId": 642,
        "kitsuId": 223,
        "malId": 642,
        "songDifficulty": 17.025289881447588,
        "vintage": "Summer 2004"
    },
    {
        "animeEng": "Detective Conan",
        "animeRomaji": "Meitantei Conan",
        "songName": "Sekai wa Mawaru to Iu Keredo",
        "artist": "GARNET CROW",
        "type": "Ending 28",
        "correctCount": 62,
        "startTime": 35,
        "songDuration": 80.904,
        "songNumber": 62,
        "activePlayerCount": 193,
        "LinkVideo": "https://files.catbox.moe/4jbyhj.webm",
        "LinkMp3": "https://files.catbox.moe/c17yup.mp3",
        "annId": 454,
        "aniListId": 235,
        "kitsuId": 210,
        "malId": 235,
        "songDifficulty": 24.886033226284585,
        "vintage": "Winter 1996"
    },
    {
        "animeEng": "Magical Girl Tickle",
        "animeRomaji": "Majokko Tickle",
        "songName": "Majokko Tickle",
        "artist": "Mitsuko Horie",
        "type": "Opening 1",
        "correctCount": 14,
        "startTime": 30,
        "songDuration": 64.248,
        "songNumber": 63,
        "activePlayerCount": 192,
        "LinkVideo": "https://files.catbox.moe/a22vqu.webm",
        "LinkMp3": "https://files.catbox.moe/iunjo6.mp3",
        "annId": 1474,
        "aniListId": 3881,
        "kitsuId": 3321,
        "malId": 3881,
        "songDifficulty": 15.494541555028855,
        "vintage": "Winter 1978"
    },
    {
        "animeEng": "Horimiya",
        "animeRomaji": "Horimiya",
        "songName": "Iro Kousui",
        "artist": "Yoh Kamiyama",
        "type": "Opening 1",
        "correctCount": 136,
        "startTime": 50,
        "songDuration": 90.072,
        "songNumber": 64,
        "activePlayerCount": 191,
        "LinkVideo": "https://files.catbox.moe/kt1nex.webm",
        "LinkMp3": "https://files.catbox.moe/enzf9c.mp3",
        "annId": 23781,
        "aniListId": 124080,
        "kitsuId": 43545,
        "malId": 42897,
        "songDifficulty": 44.118024368860816,
        "vintage": "Winter 2021"
    },
    {
        "animeEng": "K-On!",
        "animeRomaji": "K-On!",
        "songName": "Don't say \"lazy\"",
        "artist": "Sakurakou K-On-bu",
        "type": "Ending 1",
        "correctCount": 146,
        "startTime": 9,
        "songDuration": 89.256,
        "songNumber": 65,
        "activePlayerCount": 192,
        "LinkVideo": "https://files.catbox.moe/7bbw58.webm",
        "LinkMp3": "https://files.catbox.moe/n9d2ha.mp3",
        "annId": 10562,
        "aniListId": 5680,
        "kitsuId": 4240,
        "malId": 5680,
        "songDifficulty": 48.10633553699838,
        "vintage": "Spring 2009"
    },
    {
        "animeEng": "Ore-tacha Youkai Ningen G",
        "animeRomaji": "Ore-tacha Youkai Ningen G",
        "songName": "Ore-tacha Youkai Ningen! ~Ningen Mezashi Tenani ga Warui~",
        "artist": "DOTAMA",
        "type": "Ending 2",
        "correctCount": 30,
        "startTime": 0,
        "songDuration": 20.76,
        "songNumber": 66,
        "activePlayerCount": 194,
        "LinkVideo": "https://files.catbox.moe/c01jvl.webm",
        "LinkMp3": "https://files.catbox.moe/towgn8.mp3",
        "annId": 20785,
        "aniListId": 101411,
        "kitsuId": 41090,
        "malId": 37559,
        "songDifficulty": 16.76318359375,
        "vintage": "Spring 2018"
    },
    {
        "animeEng": "Amnesia",
        "animeRomaji": "Amnesia",
        "songName": "Zoetrope",
        "artist": "Nagi Yanagi",
        "type": "Opening 1",
        "correctCount": 66,
        "startTime": 9,
        "songDuration": 88.992,
        "songNumber": 67,
        "activePlayerCount": 193,
        "LinkVideo": "https://files.catbox.moe/m0vc8t.webm",
        "LinkMp3": "https://files.catbox.moe/2vjjy1.mp3",
        "annId": 14811,
        "aniListId": 15085,
        "kitsuId": 7209,
        "malId": 15085,
        "songDifficulty": 25.55401985594705,
        "vintage": "Winter 2013"
    },
    {
        "animeEng": "Pingu in the City",
        "animeRomaji": "Pingu in the City",
        "songName": "Ride The Rainbow",
        "artist": "Ken Arai",
        "type": "Ending 1",
        "correctCount": 105,
        "startTime": 0,
        "songDuration": 31.99945,
        "songNumber": 68,
        "activePlayerCount": 193,
        "LinkVideo": "https://files.catbox.moe/lr2e19.webm",
        "LinkMp3": "https://files.catbox.moe/0mtppi.mp3",
        "annId": 21191,
        "aniListId": 99994,
        "kitsuId": 13783,
        "malId": 36259,
        "songDifficulty": 40.84195896533044,
        "vintage": "Fall 2017"
    },
    {
        "animeEng": "Mirai Koushi Harima SACLA",
        "animeRomaji": "Mirai Koushi Harima SACLA",
        "songName": "pico scope -SACLA-",
        "artist": "fripSide",
        "type": "Opening 1",
        "correctCount": 37,
        "startTime": 23,
        "songDuration": 64.26012,
        "songNumber": 69,
        "activePlayerCount": 193,
        "LinkVideo": "https://files.catbox.moe/wj7vue.webm",
        "LinkMp3": "https://files.catbox.moe/b3xeui.mp3",
        "annId": 24824,
        "aniListId": 137895,
        "kitsuId": 8435,
        "malId": 21471,
        "songDifficulty": 17.827245308310992,
        "vintage": "Fall 2013"
    },
    {
        "animeEng": "Xabungle Graffiti",
        "animeRomaji": "Xabungle Graffiti",
        "songName": "GET IT!",
        "artist": "MIO",
        "type": "Ending 1",
        "correctCount": 8,
        "startTime": 122,
        "songDuration": 160.008,
        "songNumber": 70,
        "activePlayerCount": 193,
        "LinkVideo": "https://files.catbox.moe/jk1enz.webm",
        "LinkMp3": "https://files.catbox.moe/rtyf9t.mp3",
        "annId": 3886,
        "aniListId": 5303,
        "kitsuId": 4045,
        "malId": 5303,
        "songDifficulty": 10.201633237222435,
        "vintage": "Summer 1983"
    },
    {
        "animeEng": "Precure Miracle Universe",
        "animeRomaji": "Precure Miracle Universe",
        "songName": "WINKuru! Precure Miracle Universe\u2606",
        "artist": "Rie Kitagawa",
        "type": "Ending 1",
        "correctCount": 5,
        "startTime": 67,
        "songDuration": 118.272,
        "songNumber": 71,
        "activePlayerCount": 194,
        "LinkVideo": "https://files.catbox.moe/qg3jhq.webm",
        "LinkMp3": "https://files.catbox.moe/ehube0.mp3",
        "annId": 21747,
        "aniListId": 106858,
        "kitsuId": 42387,
        "malId": 38672,
        "songDifficulty": 17.64874387254902,
        "vintage": "Winter 2019",
        "correctPlayers": [
            "shadismith",
            "Noru",
            "deepnut",
            "PhiDiBee",
            "kitcody1990"
        ]
    },
    {
        "animeEng": "Captain Tsubasa: Europe Daikessen",
        "animeRomaji": "Captain Tsubasa: Europe Daikessen",
        "songName": "Moete Hero",
        "artist": "Takayuki Takemoto",
        "type": "Insert Song",
        "correctCount": 151,
        "startTime": 15,
        "songDuration": 53.064,
        "songNumber": 72,
        "activePlayerCount": 194,
        "LinkVideo": "https://files.catbox.moe/n8hork.webm",
        "LinkMp3": "https://files.catbox.moe/18ieda.mp3",
        "annId": 6341,
        "aniListId": 2118,
        "kitsuId": 1915,
        "malId": 2118,
        "songDifficulty": 42.520947030497595,
        "vintage": "Summer 1985"
    },
    {
        "animeEng": "Battle Athletes Victory",
        "animeRomaji": "Battle Athletess Daiundoukai",
        "songName": "Tsubasa",
        "artist": "Yukari Asakura",
        "type": "Opening 1",
        "correctCount": 12,
        "startTime": 50,
        "songDuration": 90.312,
        "songNumber": 73,
        "activePlayerCount": 194,
        "LinkVideo": "https://files.catbox.moe/8juuha.webm",
        "LinkMp3": "https://files.catbox.moe/4ljwoy.mp3",
        "annId": 460,
        "aniListId": 1186,
        "kitsuId": 1066,
        "malId": 1186,
        "songDifficulty": 10.121025840891912,
        "vintage": "Fall 1997"
    },
    {
        "animeEng": "Steins;Gate 0",
        "animeRomaji": "Steins;Gate 0",
        "songName": "Sky Clad no Kansokusha",
        "artist": "Kanako Itou",
        "type": "Insert Song",
        "correctCount": 154,
        "startTime": 84,
        "songDuration": 181.872,
        "songNumber": 74,
        "activePlayerCount": 193,
        "LinkVideo": "https://files.catbox.moe/2pv55v.webm",
        "LinkMp3": "https://files.catbox.moe/1o02jb.mp3",
        "annId": 20446,
        "aniListId": 21127,
        "kitsuId": 10788,
        "malId": 30484,
        "songDifficulty": 59.23393090288239,
        "vintage": "Spring 2018"
    },
    {
        "animeEng": "Cheating Craft",
        "animeRomaji": "Cheating Craft",
        "songName": "Welcome Future",
        "artist": "Aina Kusuda",
        "type": "Ending 1",
        "correctCount": 8,
        "startTime": 23,
        "songDuration": 59.928,
        "songNumber": 75,
        "activePlayerCount": 193,
        "LinkVideo": "https://files.catbox.moe/vaipo7.webm",
        "LinkMp3": "https://files.catbox.moe/8zeyzd.mp3",
        "annId": 18727,
        "aniListId": 97609,
        "kitsuId": 12542,
        "malId": 33771,
        "songDifficulty": 11.508447509591363,
        "vintage": "Fall 2016"
    },
    {
        "animeEng": "Gangsta.",
        "animeRomaji": "Gangsta.",
        "songName": "with You",
        "artist": "Kumiko Yanagida",
        "type": "Insert Song",
        "correctCount": 25,
        "startTime": 83,
        "songDuration": 247.32,
        "songNumber": 76,
        "activePlayerCount": 193,
        "LinkVideo": "https://files.catbox.moe/998c2d.webm",
        "LinkMp3": "https://files.catbox.moe/v411j3.mp3",
        "annId": 16623,
        "aniListId": 20773,
        "kitsuId": 8576,
        "malId": 25183,
        "songDifficulty": 13.284555214958415,
        "vintage": "Summer 2015"
    },
    {
        "animeEng": "Aria the Avvenire",
        "animeRomaji": "Aria the Avvenire",
        "songName": "Euforia",
        "artist": "Yui Makino",
        "type": "Opening 2",
        "correctCount": 54,
        "startTime": 60,
        "songDuration": 93.024,
        "songNumber": 77,
        "activePlayerCount": 193,
        "LinkVideo": "https://files.catbox.moe/yyeuvq.webm",
        "LinkMp3": "https://files.catbox.moe/u72cf5.mp3",
        "annId": 16769,
        "aniListId": 21043,
        "kitsuId": 10360,
        "malId": 29893,
        "songDifficulty": 25.191327352122837,
        "vintage": "Summer 2015"
    },
    {
        "animeEng": "Attack on Titan: The Roar of Awakening",
        "animeRomaji": "Shingeki no Kyojin Season 2: Kakusei no Houkou",
        "songName": "Barricades",
        "artist": "yosh, Gemie, mpi",
        "type": "Insert Song",
        "correctCount": 104,
        "startTime": 4,
        "songDuration": 54.961625,
        "songNumber": 78,
        "activePlayerCount": 192,
        "LinkVideo": "https://files.catbox.moe/cupqo7.webm",
        "LinkMp3": "https://files.catbox.moe/gialqc.mp3",
        "annId": 20508,
        "aniListId": 100465,
        "kitsuId": 41487,
        "malId": 36702,
        "songDifficulty": 38.36810744382022,
        "vintage": "Winter 2018"
    },
    {
        "animeEng": "Josee, the Tiger and the Fish",
        "animeRomaji": "Josee to Tora to Sakana-tachi",
        "songName": "Ao no Waltz",
        "artist": "Eve",
        "type": "Ending 1",
        "correctCount": 72,
        "startTime": 85,
        "songDuration": 271.92,
        "songNumber": 79,
        "activePlayerCount": 193,
        "LinkVideo": "https://files.catbox.moe/q0c5lo.webm",
        "LinkMp3": "https://files.catbox.moe/ikw2op.mp3",
        "annId": 22907,
        "aniListId": 113596,
        "kitsuId": 42825,
        "malId": 40787,
        "songDifficulty": 31.370798438207334,
        "vintage": "Fall 2020"
    },
    {
        "animeEng": "Flying Witch",
        "animeRomaji": "Flying Witch",
        "songName": "Shanranran",
        "artist": "miwa feat.96neko",
        "type": "Opening 1",
        "correctCount": 82,
        "startTime": 52,
        "songDuration": 90.048,
        "songNumber": 80,
        "activePlayerCount": 193,
        "LinkVideo": "https://files.catbox.moe/93ab3k.webm",
        "LinkMp3": "https://files.catbox.moe/ugtlml.mp3",
        "annId": 17448,
        "aniListId": 21284,
        "kitsuId": 11317,
        "malId": 31376,
        "songDifficulty": 28.951674033377397,
        "vintage": "Spring 2016"
    },
    {
        "animeEng": "KanColle",
        "animeRomaji": "KanColle",
        "songName": "Fubuki",
        "artist": "Shiena Nishizawa",
        "type": "Ending 1",
        "correctCount": 61,
        "startTime": 20,
        "songDuration": 87.552,
        "songNumber": 81,
        "activePlayerCount": 193,
        "LinkVideo": "https://files.catbox.moe/h5kp3h.webm",
        "LinkMp3": "https://files.catbox.moe/nydbwx.mp3",
        "annId": 15814,
        "aniListId": 20553,
        "kitsuId": 8039,
        "malId": 21511,
        "songDifficulty": 35.86859830097087,
        "vintage": "Fall 2014"
    },
    {
        "animeEng": "Satsujin Kippu wa Heart-iro",
        "animeRomaji": "Satsujin Kippu wa Heart-iro",
        "songName": "MAGICIAN ~in the midnight~",
        "artist": "Takako Ohta",
        "type": "Ending 1",
        "correctCount": 5,
        "startTime": 0,
        "songDuration": 111.408,
        "songNumber": 82,
        "activePlayerCount": 195,
        "LinkVideo": "https://files.catbox.moe/rtu6wp.webm",
        "LinkMp3": "https://files.catbox.moe/wlv8w0.mp3",
        "annId": 7186,
        "aniListId": 16247,
        "kitsuId": 7393,
        "malId": 16247,
        "songDifficulty": 6.938663408538864,
        "vintage": "Winter 1990",
        "correctPlayers": [
            "likejaxirl",
            "NicoIe",
            "ESPERMINHA",
            "JuliAless64",
            "watashiii"
        ]
    },
    {
        "animeEng": "Astro Boy",
        "animeRomaji": "Tetsuwan Atom",
        "songName": "Tetsuwan Atom",
        "artist": "Kamitakada Shounen Gasshou-dan",
        "type": "Opening 1",
        "correctCount": 131,
        "startTime": 1,
        "songDuration": 73.089356,
        "songNumber": 83,
        "activePlayerCount": 197,
        "LinkVideo": "https://files.catbox.moe/9qvinm.webm",
        "LinkMp3": "https://files.catbox.moe/cjvk0z.mp3",
        "annId": 422,
        "aniListId": 2747,
        "kitsuId": 2507,
        "malId": 2747,
        "songDifficulty": 43.19943108716629,
        "vintage": "Winter 1963"
    },
    {
        "animeEng": "Haikyu!! Second Season",
        "animeRomaji": "Haikyu!! Second Season",
        "songName": "FLY HIGH!!",
        "artist": "BURNOUT SYNDROMES",
        "type": "Opening 2",
        "correctCount": 120,
        "startTime": 55,
        "songDuration": 89.568,
        "songNumber": 84,
        "activePlayerCount": 197,
        "LinkVideo": "https://files.catbox.moe/xx42fp.webm",
        "LinkMp3": "https://files.catbox.moe/a8ai6u.mp3",
        "annId": 16660,
        "aniListId": 20992,
        "kitsuId": 10076,
        "malId": 28891,
        "songDifficulty": 38.57156575251941,
        "vintage": "Fall 2015"
    },
    {
        "animeEng": "Hyper Speed GranDoll",
        "animeRomaji": "Chou Kousoku Gran Doll",
        "songName": "Gran Hoshi no Kazoe Uta",
        "artist": "Junko Iwao",
        "type": "Opening 1",
        "correctCount": 9,
        "startTime": 22,
        "songDuration": 53.064,
        "songNumber": 85,
        "activePlayerCount": 195,
        "LinkVideo": "https://files.catbox.moe/9w42y2.webm",
        "LinkMp3": "https://files.catbox.moe/w2kapd.mp3",
        "annId": 955,
        "aniListId": 1992,
        "kitsuId": 1793,
        "malId": 1992,
        "songDifficulty": 16.516012816302545,
        "vintage": "Summer 1997"
    }
]