[
    {
        "animeEng": "Long Riders!",
        "animeRomaji": "Long Riders!",
        "songName": "\u2661km/h",
        "artist": "Ray",
        "type": "Opening 1",
        "correctCount": 7,
        "startTime": 10,
        "songDuration": 89.088,
        "songNumber": 1,
        "activePlayerCount": 119,
        "LinkVideo": "https://files.catbox.moe/qxxbo1.webm",
        "LinkMp3": "https://files.catbox.moe/ast192.mp3",
        "annId": 16986,
        "aniListId": 21171,
        "kitsuId": 10878,
        "malId": 30652,
        "songDifficulty": 18.583609988452658,
        "vintage": "Fall 2016"
    },
    {
        "animeEng": "Yosuga no Sora: In Solitude Where We Are Least Alone",
        "animeRomaji": "Yosuga no Sora",
        "songName": "Hiyoku no Hane",
        "artist": "eufonius",
        "type": "Opening 1",
        "correctCount": 43,
        "startTime": 10,
        "songDuration": 90.072,
        "songNumber": 2,
        "activePlayerCount": 130,
        "LinkVideo": "https://files.catbox.moe/auhhnh.webm",
        "LinkMp3": "https://files.catbox.moe/weku46.mp3",
        "annId": 11603,
        "aniListId": 8861,
        "kitsuId": 5513,
        "malId": 8861,
        "songDifficulty": 20.593751669070127,
        "vintage": "Fall 2010"
    },
    {
        "animeEng": "Obake Zukan",
        "animeRomaji": "Obake Zukan",
        "songName": "Obake Zukan no Uta ~Itsudemo Dokodemo~",
        "artist": "Nana Mizuki",
        "type": "Opening 1",
        "correctCount": 38,
        "startTime": 0,
        "songDuration": 28.992,
        "songNumber": 3,
        "activePlayerCount": 131,
        "LinkVideo": "https://files.catbox.moe/vvflne.webm",
        "LinkMp3": "https://files.catbox.moe/uknm9y.mp3",
        "annId": 23490,
        "aniListId": 116259,
        "kitsuId": 43249,
        "malId": 41383,
        "songDifficulty": 23.630131964809383,
        "vintage": "Summer 2020"
    },
    {
        "animeEng": "FLCL",
        "animeRomaji": "Furi Kuri",
        "songName": "ONE LIFE",
        "artist": "the pillows",
        "type": "Insert Song",
        "correctCount": 46,
        "startTime": 18,
        "songDuration": 128.304,
        "songNumber": 4,
        "activePlayerCount": 133,
        "LinkVideo": "https://files.catbox.moe/ur4751.webm",
        "LinkMp3": "https://files.catbox.moe/20v9s1.mp3",
        "annId": 277,
        "aniListId": 227,
        "kitsuId": 202,
        "malId": 227,
        "songDifficulty": 29.568368981361637,
        "vintage": "Spring 2000"
    },
    {
        "animeEng": "Golden Kamuy",
        "animeRomaji": "Golden Kamuy",
        "songName": "NEVER SAY GOODBYE",
        "artist": "ALI feat. Mummy-D",
        "type": "Opening 1",
        "correctCount": 46,
        "startTime": 35,
        "songDuration": 88.896,
        "songNumber": 5,
        "activePlayerCount": 134,
        "LinkVideo": "https://files.catbox.moe/8w0sv8.webm",
        "LinkMp3": "https://files.catbox.moe/somd56.mp3",
        "annId": 25032,
        "aniListId": 142343,
        "kitsuId": 45556,
        "malId": 50528,
        "songDifficulty": 30.216875639246055,
        "vintage": "Fall 2022"
    },
    {
        "animeEng": "Whispered Words",
        "animeRomaji": "Sasameki Koto",
        "songName": "Kanashii Hodo Aoku",
        "artist": "Natsumi Kiyoura",
        "type": "Opening 1",
        "correctCount": 4,
        "startTime": 30,
        "songDuration": 89.352,
        "songNumber": 6,
        "activePlayerCount": 138,
        "LinkVideo": "https://files.catbox.moe/mdj8im.webm",
        "LinkMp3": "https://files.catbox.moe/x8pryf.mp3",
        "annId": 10701,
        "aniListId": 6203,
        "kitsuId": 4473,
        "malId": 6203,
        "songDifficulty": 12.473487860474979,
        "vintage": "Fall 2009",
        "correctPlayers": [
            "Milar",
            "ShiroKuro",
            "HDNC",
            "Gyaos"
        ]
    },
    {
        "animeEng": "Island",
        "animeRomaji": "Island",
        "songName": "Quiet sea",
        "artist": "Yukari Tamura & Tatsuhisa Suzuki",
        "type": "Insert Song",
        "correctCount": 21,
        "startTime": 30,
        "songDuration": 106.344,
        "songNumber": 7,
        "activePlayerCount": 139,
        "LinkVideo": "https://files.catbox.moe/hjjgqi.webm",
        "LinkMp3": "https://files.catbox.moe/emdj7a.mp3",
        "annId": 18175,
        "aniListId": 21712,
        "kitsuId": 11965,
        "malId": 33012,
        "songDifficulty": 22.26446131993007,
        "vintage": "Summer 2018"
    },
    {
        "animeEng": "InuYasha: The Final Act",
        "animeRomaji": "Inuyasha: Kanketsu-hen",
        "songName": "Tooi Michi no Saki de",
        "artist": "Ai Takekawa",
        "type": "Ending 3",
        "correctCount": 6,
        "startTime": 11,
        "songDuration": 92.424,
        "songNumber": 8,
        "activePlayerCount": 140,
        "LinkVideo": "https://files.catbox.moe/x6h29b.webm",
        "LinkMp3": "https://files.catbox.moe/l6je3i.mp3",
        "annId": 10970,
        "aniListId": 6811,
        "kitsuId": 4726,
        "malId": 6811,
        "songDifficulty": 10.486115936078829,
        "vintage": "Fall 2009"
    },
    {
        "animeEng": "Koikimo",
        "animeRomaji": "Koi to Yobu ni wa Kimochi Warui",
        "songName": "Linaria",
        "artist": "MaRuRi to Ryuga",
        "type": "Ending 1",
        "correctCount": 16,
        "startTime": 54,
        "songDuration": 88.824,
        "songNumber": 9,
        "activePlayerCount": 143,
        "LinkVideo": "https://files.catbox.moe/flwi1i.webm",
        "LinkMp3": "https://files.catbox.moe/asaowr.mp3",
        "annId": 24011,
        "aniListId": 114840,
        "kitsuId": 43831,
        "malId": 41103,
        "songDifficulty": 19.19661547517123,
        "vintage": "Spring 2021"
    },
    {
        "animeEng": "Eat-Man",
        "animeRomaji": "Eat-Man",
        "songName": "I Ask",
        "artist": "EBBY",
        "type": "Insert Song",
        "correctCount": 1,
        "startTime": 123,
        "songDuration": 180.36,
        "songNumber": 10,
        "activePlayerCount": 142,
        "LinkVideo": "https://files.catbox.moe/3pw2f2.webm",
        "LinkMp3": "https://files.catbox.moe/1dl7un.mp3",
        "annId": 143,
        "aniListId": 1704,
        "kitsuId": 1530,
        "malId": 1704,
        "songDifficulty": 2.1064563373486807,
        "vintage": "Winter 1997",
        "correctPlayers": [
            "OnlyMonMusu"
        ]
    },
    {
        "animeEng": "Maze: The Mega-Burst Space",
        "animeRomaji": "Maze\u2606Bakunetsu Jikuu",
        "songName": "Kokuu no Meikyuu",
        "artist": "Seikima-II",
        "type": "Opening 1",
        "correctCount": 4,
        "startTime": 57,
        "songDuration": 118.512,
        "songNumber": 11,
        "activePlayerCount": 141,
        "LinkVideo": "https://files.catbox.moe/lwxkrw.webm",
        "LinkMp3": "https://files.catbox.moe/fi5ubw.mp3",
        "annId": 44,
        "aniListId": 1161,
        "kitsuId": 1042,
        "malId": 1161,
        "songDifficulty": 13.067278241040587,
        "vintage": "Spring 1997",
        "correctPlayers": [
            "Rukawa11",
            "NicoIe",
            "Carlos1218",
            "TKN"
        ]
    },
    {
        "animeEng": "Black Butler",
        "animeRomaji": "Kuroshitsuji",
        "songName": "Die Hasen!",
        "artist": "Caoli Cano",
        "type": "Insert Song",
        "correctCount": 33,
        "startTime": 0,
        "songDuration": 24.868144,
        "songNumber": 12,
        "activePlayerCount": 143,
        "LinkVideo": "https://files.catbox.moe/6icq9m.webm",
        "LinkMp3": "https://files.catbox.moe/a4k994.mp3",
        "annId": 10160,
        "aniListId": 4898,
        "kitsuId": 3840,
        "malId": 4898,
        "songDifficulty": 15.68046068735115,
        "vintage": "Fall 2008"
    },
    {
        "animeEng": "Maken-Ki! Battling Venus",
        "animeRomaji": "Maken-Ki!",
        "songName": "Baby! Baby!",
        "artist": "Sayuri Yahagi & Noriko Shitaya",
        "type": "Ending 2",
        "correctCount": 49,
        "startTime": 32,
        "songDuration": 86.16,
        "songNumber": 13,
        "activePlayerCount": 143,
        "LinkVideo": "https://files.catbox.moe/tvr5a0.webm",
        "LinkMp3": "https://files.catbox.moe/1uo12z.mp3",
        "annId": 12925,
        "aniListId": 9936,
        "kitsuId": 5949,
        "malId": 9936,
        "songDifficulty": 24.031299490950225,
        "vintage": "Fall 2011"
    },
    {
        "animeEng": "Cutey Honey",
        "animeRomaji": "Cutey Honey",
        "songName": "Cutey Honey",
        "artist": "Yoko Maekawa",
        "type": "Opening 1",
        "correctCount": 87,
        "startTime": 53,
        "songDuration": 88.8,
        "songNumber": 14,
        "activePlayerCount": 144,
        "LinkVideo": "https://files.catbox.moe/o3qdvi.webm",
        "LinkMp3": "https://files.catbox.moe/hy5o4d.mp3",
        "annId": 564,
        "aniListId": 1661,
        "kitsuId": 1492,
        "malId": 1661,
        "songDifficulty": 27.873613600717007,
        "vintage": "Fall 1973"
    },
    {
        "animeEng": "FLCL Progressive",
        "animeRomaji": "FLCL Progressive",
        "songName": "Thank you, my twilight (Fool on cool version)",
        "artist": "the pillows",
        "type": "Insert Song",
        "correctCount": 22,
        "startTime": 102,
        "songDuration": 176.245134,
        "songNumber": 15,
        "activePlayerCount": 144,
        "LinkVideo": "https://files.catbox.moe/7h02o9.webm",
        "LinkMp3": "https://files.catbox.moe/43hmuz.mp3",
        "annId": 20791,
        "aniListId": 21746,
        "kitsuId": 11961,
        "malId": 33010,
        "songDifficulty": 23.618630971170035,
        "vintage": "Summer 2018"
    },
    {
        "animeEng": "Deca-Dence",
        "animeRomaji": "Deca-Dence",
        "songName": "Theater of Life",
        "artist": "Konomi Suzuki",
        "type": "Opening 1",
        "correctCount": 53,
        "startTime": 36,
        "songDuration": 89.328,
        "songNumber": 16,
        "activePlayerCount": 148,
        "LinkVideo": "https://files.catbox.moe/xbsicd.webm",
        "LinkMp3": "https://files.catbox.moe/keyxxo.mp3",
        "annId": 22721,
        "aniListId": 110353,
        "kitsuId": 42433,
        "malId": 40056,
        "songDifficulty": 20.53219131480209,
        "vintage": "Summer 2020"
    },
    {
        "animeEng": "Planetes",
        "animeRomaji": "Planetes",
        "songName": "Wonderful Life",
        "artist": "Mikio Sakai",
        "type": "Ending 1",
        "correctCount": 15,
        "startTime": 29,
        "songDuration": 91.531488,
        "songNumber": 17,
        "activePlayerCount": 148,
        "LinkVideo": "https://files.catbox.moe/qza46o.webm",
        "LinkMp3": "https://files.catbox.moe/c1adty.mp3",
        "annId": 2654,
        "aniListId": 329,
        "kitsuId": 296,
        "malId": 329,
        "songDifficulty": 19.89826141329347,
        "vintage": "Fall 2003"
    },
    {
        "animeEng": "Urusei Yatsura OVA",
        "animeRomaji": "Urusei Yatsura OVA",
        "songName": "Lum no Love Song",
        "artist": "Yuuko Matsutani",
        "type": "Opening 4",
        "correctCount": 45,
        "startTime": 52,
        "songDuration": 89.304,
        "songNumber": 18,
        "activePlayerCount": 149,
        "LinkVideo": "https://files.catbox.moe/r4h36h.webm",
        "LinkMp3": "https://files.catbox.moe/etb0nf.mp3",
        "annId": 653,
        "aniListId": 1919,
        "kitsuId": 1729,
        "malId": 1919,
        "songDifficulty": 28.846153846153847,
        "vintage": "Summer 1985"
    },
    {
        "animeEng": "The Rolling Girls",
        "animeRomaji": "Rolling\u2606Girls",
        "songName": "Eiyuu ni Akogarete",
        "artist": "THE ROLLING GIRLS",
        "type": "Insert Song",
        "correctCount": 17,
        "startTime": 164,
        "songDuration": 224.1392,
        "songNumber": 19,
        "activePlayerCount": 151,
        "LinkVideo": "https://files.catbox.moe/vffkcy.webm",
        "LinkMp3": "https://files.catbox.moe/51v18j.mp3",
        "annId": 16251,
        "aniListId": 20815,
        "kitsuId": 8667,
        "malId": 25867,
        "songDifficulty": 18.64195661418353,
        "vintage": "Winter 2015"
    },
    {
        "animeEng": "The Brave Police J-Decker",
        "animeRomaji": "Yuusha Keisatsu J-Decker",
        "songName": "Egao wa Kimi no Wasuremono",
        "artist": "Yuka Satou",
        "type": "Ending 1",
        "correctCount": 5,
        "startTime": 28,
        "songDuration": 58.704,
        "songNumber": 20,
        "activePlayerCount": 151,
        "LinkVideo": "https://files.catbox.moe/4dzngg.webm",
        "LinkMp3": "https://files.catbox.moe/9lzhcl.mp3",
        "annId": 1958,
        "aniListId": 5075,
        "kitsuId": 3916,
        "malId": 5075,
        "songDifficulty": 13.923336662764658,
        "vintage": "Winter 1994",
        "correctPlayers": [
            "maxed",
            "kaghey",
            "gaaw",
            "OptimusPrime",
            "hk9ian"
        ]
    },
    {
        "animeEng": "Alien Nine",
        "animeRomaji": "Alien Nine",
        "songName": "Flower Psychedelic (Zettai Version)",
        "artist": "Alien Taisaku Musume",
        "type": "Insert Song",
        "correctCount": 14,
        "startTime": 13,
        "songDuration": 91.032,
        "songNumber": 21,
        "activePlayerCount": 150,
        "LinkVideo": "https://files.catbox.moe/w36j8z.webm",
        "LinkMp3": "https://files.catbox.moe/xuz2ph.mp3",
        "annId": 784,
        "aniListId": 1177,
        "kitsuId": 1057,
        "malId": 1177,
        "songDifficulty": 23.635690369897958,
        "vintage": "Spring 2001"
    },
    {
        "animeEng": "Nobunaga teacher's young bride",
        "animeRomaji": "Nobunaga Sensei no Osanazuma",
        "songName": "Returner Butterfly",
        "artist": "Rika Tachibana",
        "type": "Ending 1",
        "correctCount": 16,
        "startTime": 1,
        "songDuration": 29.592,
        "songNumber": 22,
        "activePlayerCount": 150,
        "LinkVideo": "https://files.catbox.moe/dukkar.webm",
        "LinkMp3": "https://files.catbox.moe/qxwypz.mp3",
        "annId": 21679,
        "aniListId": 106239,
        "kitsuId": 42093,
        "malId": 38814,
        "songDifficulty": 16.88955147674906,
        "vintage": "Spring 2019"
    },
    {
        "animeEng": "Yes! Precure 5",
        "animeRomaji": "Yes! Precure 5",
        "songName": "Ganbalance de Dance ~Yumemiru Kiseki~",
        "artist": "Kanako Miyamoto with Precure 5",
        "type": "Ending 2",
        "correctCount": 20,
        "startTime": 1,
        "songDuration": 89.352,
        "songNumber": 23,
        "activePlayerCount": 151,
        "LinkVideo": "https://files.catbox.moe/tx6pep.webm",
        "LinkMp3": "https://files.catbox.moe/74z7rk.mp3",
        "annId": 7465,
        "aniListId": 1932,
        "kitsuId": 1742,
        "malId": 1932,
        "songDifficulty": 23.004506460805747,
        "vintage": "Winter 2007"
    },
    {
        "animeEng": "Heroines Run the Show",
        "animeRomaji": "Heroine Tarumono! Kiraware Heroine to Naisho no Oshigoto",
        "songName": "Yume Fanfare",
        "artist": "LIP\u00d7LIP",
        "type": "Insert Song",
        "correctCount": 36,
        "startTime": 62,
        "songDuration": 156.408,
        "songNumber": 24,
        "activePlayerCount": 152,
        "LinkVideo": "https://files.catbox.moe/7pvakw.webm",
        "LinkMp3": "https://files.catbox.moe/4nq0po.mp3",
        "annId": 24673,
        "aniListId": 138459,
        "kitsuId": null,
        "malId": 49692,
        "songDifficulty": 34.574788226082006,
        "vintage": "Spring 2022"
    },
    {
        "animeEng": "WIXOSS Diva(A)Live",
        "animeRomaji": "WIXOSS Diva(A)Live",
        "songName": "D-(A)LIVE!!",
        "artist": "Mugen Shoujo",
        "type": "Ending 6",
        "correctCount": 10,
        "startTime": 42,
        "songDuration": 89.064,
        "songNumber": 25,
        "activePlayerCount": 153,
        "LinkVideo": "https://files.catbox.moe/ftcytu.webm",
        "LinkMp3": "https://files.catbox.moe/vxnj31.mp3",
        "annId": 23792,
        "aniListId": 116944,
        "kitsuId": 43824,
        "malId": 41521,
        "songDifficulty": 18.464427467325738,
        "vintage": "Winter 2021"
    },
    {
        "animeEng": "Broken Blade",
        "animeRomaji": "Broken Blade",
        "songName": "Fate",
        "artist": "KOKIA",
        "type": "Opening 1",
        "correctCount": 13,
        "startTime": 4,
        "songDuration": 101.712,
        "songNumber": 26,
        "activePlayerCount": 155,
        "LinkVideo": "https://files.catbox.moe/peyh7w.webm",
        "LinkMp3": "https://files.catbox.moe/hetwcw.mp3",
        "annId": 10952,
        "aniListId": 6772,
        "kitsuId": 4708,
        "malId": 6772,
        "songDifficulty": 17.519206398765796,
        "vintage": "Spring 2010"
    },
    {
        "animeEng": "Teasing Master Takagi-san 3",
        "animeRomaji": "Karakai Jouzu no Takagi-san 3",
        "songName": "Kazamidori o Mitsukete",
        "artist": "Yuiko Ohara",
        "type": "Insert Song",
        "correctCount": 6,
        "startTime": 114,
        "songDuration": 257.136,
        "songNumber": 27,
        "activePlayerCount": 157,
        "LinkVideo": "https://files.catbox.moe/i36naz.webm",
        "LinkMp3": "https://files.catbox.moe/kyd97m.mp3",
        "annId": 24696,
        "aniListId": 138424,
        "kitsuId": 45022,
        "malId": 49721,
        "songDifficulty": 13.634032654494382,
        "vintage": "Winter 2022"
    },
    {
        "animeEng": "Boku no Imouto wa \"Osaka Okan\"",
        "animeRomaji": "Boku no Imouto wa \"Osaka Okan\"",
        "songName": "LA LA LA OINARI SONG",
        "artist": "Kana Asumi",
        "type": "Ending 12",
        "correctCount": 56,
        "startTime": 0,
        "songDuration": 25.56,
        "songNumber": 28,
        "activePlayerCount": 159,
        "LinkVideo": "https://files.catbox.moe/btgzz5.webm",
        "LinkMp3": "https://files.catbox.moe/z1cqfq.mp3",
        "annId": 14906,
        "aniListId": 16405,
        "kitsuId": 7423,
        "malId": 16405,
        "songDifficulty": 26.856763925729442,
        "vintage": "Fall 2012"
    },
    {
        "animeEng": "Starry\u2606Sky",
        "animeRomaji": "Starry\u2606Sky",
        "songName": "Starry\u2606Days ~inst ver.~",
        "artist": "eba",
        "type": "Ending 1",
        "correctCount": 2,
        "startTime": 45,
        "songDuration": 89.424,
        "songNumber": 29,
        "activePlayerCount": 160,
        "LinkVideo": "https://files.catbox.moe/l3x8b7.webm",
        "LinkMp3": "https://files.catbox.moe/zxm8w4.mp3",
        "annId": 11891,
        "aniListId": 7705,
        "kitsuId": 5087,
        "malId": 7705,
        "songDifficulty": 8.233012899802095,
        "vintage": "Fall 2010",
        "correctPlayers": [
            "syuka",
            "asleep"
        ]
    },
    {
        "animeEng": "Fate/stay night: Heaven's Feel III. Spring Song",
        "animeRomaji": "Fate/stay night: Heaven's Feel III. Spring Song",
        "songName": "Haru wa Yuku",
        "artist": "Aimer",
        "type": "Ending 1",
        "correctCount": 32,
        "startTime": 0,
        "songDuration": null,
        "songNumber": 30,
        "activePlayerCount": 161,
        "LinkVideo": "https://files.catbox.moe/e51r9z.webm",
        "LinkMp3": "https://files.catbox.moe/05ibjn.mp3",
        "annId": 22382,
        "aniListId": 21719,
        "kitsuId": 12008,
        "malId": 33050,
        "songDifficulty": 27.080736717164395,
        "vintage": "Summer 2020"
    },
    {
        "animeEng": "Go! Princess Precure",
        "animeRomaji": "Go! Princess Precure",
        "songName": "Precure Princess Engage!",
        "artist": "Yuka Uchiyae",
        "type": "Insert Song",
        "correctCount": 19,
        "startTime": 60,
        "songDuration": 125.832,
        "songNumber": 31,
        "activePlayerCount": 162,
        "LinkVideo": "https://files.catbox.moe/eoc1q9.webm",
        "LinkMp3": "https://files.catbox.moe/mel36q.mp3",
        "annId": 16590,
        "aniListId": 21001,
        "kitsuId": 10034,
        "malId": 28669,
        "songDifficulty": 24.080914301846033,
        "vintage": "Winter 2015"
    },
    {
        "animeEng": "Is the Order a Rabbit?",
        "animeRomaji": "Gochuumon wa Usagi Desu ka?",
        "songName": "Daydream caf\u00e9",
        "artist": "Petit Rabbit's",
        "type": "Opening 1",
        "correctCount": 80,
        "startTime": 8,
        "songDuration": 90.096,
        "songNumber": 32,
        "activePlayerCount": 162,
        "LinkVideo": "https://files.catbox.moe/x0pm2g.webm",
        "LinkMp3": "https://files.catbox.moe/u6gpap.mp3",
        "annId": 15718,
        "aniListId": 20517,
        "kitsuId": 8095,
        "malId": 21273,
        "songDifficulty": 37.12662267260321,
        "vintage": "Spring 2014"
    },
    {
        "animeEng": "Tenchi in Tokyo",
        "animeRomaji": "Shin Tenchi Muyou!",
        "songName": "Kataomoi",
        "artist": "Mayumi Iizuka",
        "type": "Ending 2",
        "correctCount": 0,
        "startTime": 34,
        "songDuration": 84.576,
        "songNumber": 33,
        "activePlayerCount": 164,
        "LinkVideo": "https://files.catbox.moe/gpmzdr.webm",
        "LinkMp3": "https://files.catbox.moe/y3wk2t.mp3",
        "annId": 918,
        "aniListId": 538,
        "kitsuId": 497,
        "malId": 538,
        "songDifficulty": 4.484403739164481,
        "vintage": "Spring 1997"
    },
    {
        "animeEng": "Ai-Mai-Mi",
        "animeRomaji": "Ai Mai Mi",
        "songName": "Girigiri Saikyou Ai Mai Mii!",
        "artist": "Aya Uchida, Maaya Uchida, Yuka Ootsubo",
        "type": "Ending 1",
        "correctCount": 18,
        "startTime": 0,
        "songDuration": 28.776,
        "songNumber": 34,
        "activePlayerCount": 163,
        "LinkVideo": "https://files.catbox.moe/cwzpb7.webm",
        "LinkMp3": "https://files.catbox.moe/c0dfn3.mp3",
        "annId": 14864,
        "aniListId": 16169,
        "kitsuId": 7382,
        "malId": 16169,
        "songDifficulty": 21.66503426759411,
        "vintage": "Winter 2013"
    },
    {
        "animeEng": "That Time I Got Reincarnated as a Slime",
        "animeRomaji": "Tensei Shitara Slime Datta Ken",
        "songName": "STORYSEEKER",
        "artist": "STEREO DIVE FOUNDATION",
        "type": "Ending 1",
        "correctCount": 67,
        "startTime": 35,
        "songDuration": 89.112,
        "songNumber": 35,
        "activePlayerCount": 163,
        "LinkVideo": "https://files.catbox.moe/a160gv.webm",
        "LinkMp3": "https://files.catbox.moe/hy35sl.mp3",
        "annId": 23358,
        "aniListId": 108511,
        "kitsuId": 42196,
        "malId": 39551,
        "songDifficulty": 23.656426089406462,
        "vintage": "Winter 2021"
    },
    {
        "animeEng": "KimiKiss Pure Rouge",
        "animeRomaji": "KimiKiss Pure Rouge",
        "songName": "Aozora loop",
        "artist": "marble",
        "type": "Opening 1",
        "correctCount": 14,
        "startTime": 16,
        "songDuration": 89.112,
        "songNumber": 36,
        "activePlayerCount": 164,
        "LinkVideo": "https://files.catbox.moe/ppderv.webm",
        "LinkMp3": "https://files.catbox.moe/kzs882.mp3",
        "annId": 8210,
        "aniListId": 2927,
        "kitsuId": 2651,
        "malId": 2927,
        "songDifficulty": 17.201168660861217,
        "vintage": "Fall 2007"
    },
    {
        "animeEng": "Re:Stage! Dream Days",
        "animeRomaji": "Re:Stage! Dream Days",
        "songName": "OvertuRe:",
        "artist": "KiRaRe",
        "type": "Insert Song",
        "correctCount": 8,
        "startTime": 118,
        "songDuration": 286.218754,
        "songNumber": 37,
        "activePlayerCount": 164,
        "LinkVideo": "https://files.catbox.moe/lei9qs.webm",
        "LinkMp3": "https://files.catbox.moe/s119wc.mp3",
        "annId": 21866,
        "aniListId": 103048,
        "kitsuId": 42280,
        "malId": 38009,
        "songDifficulty": 15.065406030462693,
        "vintage": "Summer 2019"
    },
    {
        "animeEng": "Cells at Work! Kaze Shoukougun",
        "animeRomaji": "Cells at Work! Kaze Shoukougun",
        "songName": "CheerS",
        "artist": "ClariS",
        "type": "Ending 1",
        "correctCount": 103,
        "startTime": 53,
        "songDuration": 88.32,
        "songNumber": 38,
        "activePlayerCount": 164,
        "LinkVideo": "https://files.catbox.moe/aaku3k.webm",
        "LinkMp3": "https://files.catbox.moe/vnnuc2.mp3",
        "annId": 21586,
        "aniListId": 105662,
        "kitsuId": 42007,
        "malId": 38733,
        "songDifficulty": 38.72797796364192,
        "vintage": "Fall 2018"
    },
    {
        "animeEng": "Monster Strike: Mermaid Rhapsody",
        "animeRomaji": "Monster Strike: Mermaid Rhapsody",
        "songName": "Snow Falls In Lavender Fields",
        "artist": "WHITE ASH",
        "type": "Insert Song",
        "correctCount": 10,
        "startTime": 28,
        "songDuration": 147.288,
        "songNumber": 39,
        "activePlayerCount": 166,
        "LinkVideo": "https://files.catbox.moe/t2q9rq.webm",
        "LinkMp3": "https://files.catbox.moe/ze05ep.mp3",
        "annId": 23066,
        "aniListId": 98094,
        "kitsuId": 12505,
        "malId": 33546,
        "songDifficulty": 5.500723907141725,
        "vintage": "Summer 2016"
    },
    {
        "animeEng": "Kingdom",
        "animeRomaji": "Kingdom",
        "songName": "Pride",
        "artist": "Nothing's Carved In Stone",
        "type": "Opening 1",
        "correctCount": 21,
        "startTime": 1,
        "songDuration": 88.44,
        "songNumber": 40,
        "activePlayerCount": 166,
        "LinkVideo": "https://files.catbox.moe/f32e7u.webm",
        "LinkMp3": "https://files.catbox.moe/5laee7.mp3",
        "annId": 13783,
        "aniListId": 12031,
        "kitsuId": 6648,
        "malId": 12031,
        "songDifficulty": 19.054583050765356,
        "vintage": "Spring 2012"
    },
    {
        "animeEng": "Ani Ni Tsukeru Kusuri wa Nai! 2",
        "animeRomaji": "Ani Ni Tsukeru Kusuri wa Nai! 2",
        "songName": "Let Him Go!!",
        "artist": "Yuuka Neko",
        "type": "Opening 1",
        "correctCount": 84,
        "startTime": 0,
        "songDuration": 25.872,
        "songNumber": 41,
        "activePlayerCount": 165,
        "LinkVideo": "https://files.catbox.moe/gr2pwc.webm",
        "LinkMp3": "https://files.catbox.moe/5l37qm.mp3",
        "annId": 22267,
        "aniListId": 101844,
        "kitsuId": 41331,
        "malId": 37924,
        "songDifficulty": 25.493401694554738,
        "vintage": "Summer 2018"
    },
    {
        "animeEng": "Cardfight!! Vanguard Gaiden if",
        "animeRomaji": "Cardfight!! Vanguard Gaiden if",
        "songName": "What-if Wonderland!!",
        "artist": "Argonavis",
        "type": "Opening 1",
        "correctCount": 13,
        "startTime": 32,
        "songDuration": 87.864,
        "songNumber": 42,
        "activePlayerCount": 166,
        "LinkVideo": "https://files.catbox.moe/atjj7p.webm",
        "LinkMp3": "https://files.catbox.moe/g1zvlg.mp3",
        "annId": 23028,
        "aniListId": 115656,
        "kitsuId": 43061,
        "malId": 41283,
        "songDifficulty": 18.17139091601003,
        "vintage": "Spring 2020"
    },
    {
        "animeEng": "Dragon Ball Z: Dead Zone",
        "animeRomaji": "Dragon Ball Z: Ora no Gohan o Kaese!!",
        "songName": "Tenkaichi Gohan",
        "artist": "Masako Nozawa",
        "type": "Insert Song",
        "correctCount": 23,
        "startTime": 67,
        "songDuration": 113.568,
        "songNumber": 43,
        "activePlayerCount": 166,
        "LinkVideo": "https://files.catbox.moe/yai2b5.webm",
        "LinkMp3": "https://files.catbox.moe/7i75z9.mp3",
        "annId": 139,
        "aniListId": 894,
        "kitsuId": 794,
        "malId": 894,
        "songDifficulty": 10.777205414453299,
        "vintage": "Summer 1989"
    },
    {
        "animeEng": "Shaman King",
        "animeRomaji": "Shaman King",
        "songName": "Northern Lights",
        "artist": "Megumi Hayashibara",
        "type": "Opening 2",
        "correctCount": 97,
        "startTime": 34,
        "songDuration": 89.064,
        "songNumber": 44,
        "activePlayerCount": 166,
        "LinkVideo": "https://files.catbox.moe/fz2zbi.webm",
        "LinkMp3": "https://files.catbox.moe/ithsmr.mp3",
        "annId": 1174,
        "aniListId": 154,
        "kitsuId": 132,
        "malId": 154,
        "songDifficulty": 35.0958105359147,
        "vintage": "Summer 2001"
    },
    {
        "animeEng": "Kageki Shoujo!!",
        "animeRomaji": "Kageki Shoujo!!",
        "songName": "Bara to Watashi",
        "artist": "Risae Matsuda\u00d7Satsumi Matsuda",
        "type": "Ending 5",
        "correctCount": 35,
        "startTime": 14,
        "songDuration": 89.304,
        "songNumber": 45,
        "activePlayerCount": 167,
        "LinkVideo": "https://files.catbox.moe/xgd5py.webm",
        "LinkMp3": "https://files.catbox.moe/w2922q.mp3",
        "annId": 24087,
        "aniListId": 125446,
        "kitsuId": 44206,
        "malId": 43691,
        "songDifficulty": 29.75035094160332,
        "vintage": "Summer 2021"
    },
    {
        "animeEng": "Captain",
        "animeRomaji": "Captain",
        "songName": "Kimi wa Nanika ga Dekiru",
        "artist": "99Harmony",
        "type": "Opening 1",
        "correctCount": 9,
        "startTime": 1,
        "songDuration": 94.68,
        "songNumber": 46,
        "activePlayerCount": 166,
        "LinkVideo": "https://files.catbox.moe/5t8dk1.webm",
        "LinkMp3": "https://files.catbox.moe/qask1h.mp3",
        "annId": 1236,
        "aniListId": 9905,
        "kitsuId": 5933,
        "malId": 9905,
        "songDifficulty": 16.22276031755471,
        "vintage": "Winter 1983"
    },
    {
        "animeEng": "Nyaruko: Crawling with Love!",
        "animeRomaji": "Haiyore! Nyaruko-san",
        "songName": "Watashi Magical",
        "artist": "Ushiro kara Haiyori-tai W",
        "type": "Insert Song",
        "correctCount": 9,
        "startTime": 25,
        "songDuration": 63.744,
        "songNumber": 47,
        "activePlayerCount": 165,
        "LinkVideo": "https://files.catbox.moe/fim0pp.webm",
        "LinkMp3": "https://files.catbox.moe/wh7n0w.mp3",
        "annId": 13719,
        "aniListId": 11785,
        "kitsuId": 6599,
        "malId": 11785,
        "songDifficulty": 10.082234841051806,
        "vintage": "Spring 2012"
    },
    {
        "animeEng": "AKB0048",
        "animeRomaji": "AKB0048 First Stage",
        "songName": "Manatsu no Sounds good!",
        "artist": "AKB48",
        "type": "Insert Song",
        "correctCount": 65,
        "startTime": 1,
        "songDuration": 55.968,
        "songNumber": 48,
        "activePlayerCount": 159,
        "LinkVideo": "https://files.catbox.moe/yllj2i.webm",
        "LinkMp3": "https://files.catbox.moe/rws1po.mp3",
        "annId": 13805,
        "aniListId": 12149,
        "kitsuId": 6678,
        "malId": 12149,
        "songDifficulty": 42.40611793449551,
        "vintage": "Spring 2012"
    },
    {
        "animeEng": "Dragon Knight",
        "animeRomaji": "Dragon Knight",
        "songName": "SHOOTING LOVER",
        "artist": "Yuuko Mizutani",
        "type": "Ending 1",
        "correctCount": 0,
        "startTime": 161,
        "songDuration": 197.976,
        "songNumber": 49,
        "activePlayerCount": 158,
        "LinkVideo": "https://files.catbox.moe/0shbiv.webm",
        "LinkMp3": "https://files.catbox.moe/sb2x62.mp3",
        "annId": 586,
        "aniListId": 2479,
        "kitsuId": null,
        "malId": 2479,
        "songDifficulty": 4.392267761456024,
        "vintage": "Fall 1991"
    },
    {
        "animeEng": "Saint Seiya Omega",
        "animeRomaji": "Saint Seiya Omega",
        "songName": "Senkou Strings",
        "artist": "Cyntia",
        "type": "Opening 4",
        "correctCount": 12,
        "startTime": 44,
        "songDuration": 98.64,
        "songNumber": 50,
        "activePlayerCount": 158,
        "LinkVideo": "https://files.catbox.moe/9zwf0b.webm",
        "LinkMp3": "https://files.catbox.moe/9n1qw0.mp3",
        "annId": 14016,
        "aniListId": 12929,
        "kitsuId": 6850,
        "malId": 12929,
        "songDifficulty": 17.674386771256643,
        "vintage": "Winter 2012"
    },
    {
        "animeEng": "Puella Magi Madoka Magica the Movie Part 2: Eternal",
        "animeRomaji": "Gekijouban Mahou Shoujo Madoka\u2605Magica Kouhen: Eien no Monogatari",
        "songName": "Connect -Orchestra ver.-",
        "artist": "ClariS",
        "type": "Insert Song",
        "correctCount": 44,
        "startTime": 44,
        "songDuration": 91.128,
        "songNumber": 51,
        "activePlayerCount": 156,
        "LinkVideo": "https://files.catbox.moe/je2kvo.webm",
        "LinkMp3": "https://files.catbox.moe/d9dx7t.mp3",
        "annId": 14364,
        "aniListId": 11979,
        "kitsuId": 6637,
        "malId": 11979,
        "songDifficulty": 28.94740200922266,
        "vintage": "Fall 2012"
    },
    {
        "animeEng": "Galaxy Express 999",
        "animeRomaji": "Ginga Tetsudou 999",
        "songName": "TAKING OFF",
        "artist": "Godiego",
        "type": "Insert Song",
        "correctCount": 59,
        "startTime": 38,
        "songDuration": 138.984,
        "songNumber": 52,
        "activePlayerCount": 156,
        "LinkVideo": "https://files.catbox.moe/q0n0du.webm",
        "LinkMp3": "https://files.catbox.moe/cut3df.mp3",
        "annId": 1362,
        "aniListId": 1301,
        "kitsuId": 1173,
        "malId": 1301,
        "songDifficulty": 23.75274370267909,
        "vintage": "Summer 1979"
    },
    {
        "animeEng": "Duel Masters Versus Revolution",
        "animeRomaji": "Duel Masters VSR",
        "songName": "JIBUN",
        "artist": "An Caf\u00e9",
        "type": "Ending 3",
        "correctCount": 3,
        "startTime": 26,
        "songDuration": 87.864,
        "songNumber": 53,
        "activePlayerCount": 157,
        "LinkVideo": "https://files.catbox.moe/vvqsk2.webm",
        "LinkMp3": "https://files.catbox.moe/otw87e.mp3",
        "annId": 16732,
        "aniListId": 21024,
        "kitsuId": 10455,
        "malId": 29687,
        "songDifficulty": 8.846299230370423,
        "vintage": "Spring 2015",
        "correctPlayers": [
            "Rukawa11",
            "Kuterin",
            "Stunar"
        ]
    },
    {
        "animeEng": "Ghost in the Shell: Arise Alternative Architecture",
        "animeRomaji": "Koukaku Kidoutai Arise: Alternative Architecture",
        "songName": "Jibun ga Inai",
        "artist": "salyu \u00d7 salyu",
        "type": "Ending 2",
        "correctCount": 9,
        "startTime": 53,
        "songDuration": 84.696,
        "songNumber": 54,
        "activePlayerCount": 158,
        "LinkVideo": "https://files.catbox.moe/c4zyno.webm",
        "LinkMp3": "https://files.catbox.moe/p1mk4s.mp3",
        "annId": 16786,
        "aniListId": 21056,
        "kitsuId": 10229,
        "malId": 29325,
        "songDifficulty": 15.413164924172793,
        "vintage": "Spring 2015"
    },
    {
        "animeEng": "Panty & Stocking with Garterbelt",
        "animeRomaji": "Panty & Stocking with Garterbelt",
        "songName": "CHOCOLAT",
        "artist": "TeddyLoid feat. Mariya Ise & Arisa Ogasawara",
        "type": "Insert Song",
        "correctCount": 55,
        "startTime": 70,
        "songDuration": 135.552,
        "songNumber": 55,
        "activePlayerCount": 158,
        "LinkVideo": "https://files.catbox.moe/n9di1o.webm",
        "LinkMp3": "https://files.catbox.moe/1eolcc.mp3",
        "annId": 11605,
        "aniListId": 8795,
        "kitsuId": 5497,
        "malId": 8795,
        "songDifficulty": 25.717804811407078,
        "vintage": "Fall 2010"
    },
    {
        "animeEng": "Sadamitsu the Destroyer",
        "animeRomaji": "Hakaima Sadamitsu",
        "songName": "Hakaima Sadamitsu no Theme",
        "artist": "Taku Iwasaki",
        "type": "Opening 1",
        "correctCount": 19,
        "startTime": 1,
        "songDuration": 89.180508,
        "songNumber": 56,
        "activePlayerCount": 158,
        "LinkVideo": "https://files.catbox.moe/aiigfk.webm",
        "LinkMp3": "https://files.catbox.moe/aw014x.mp3",
        "annId": 977,
        "aniListId": 1465,
        "kitsuId": 1312,
        "malId": 1465,
        "songDifficulty": 15.311833927687994,
        "vintage": "Winter 2001"
    },
    {
        "animeEng": "Zombie Land Saga",
        "animeRomaji": "Zombie Land Saga",
        "songName": "Yomigaere",
        "artist": "FranChouChou",
        "type": "Insert Song",
        "correctCount": 44,
        "startTime": 21,
        "songDuration": 111.336,
        "songNumber": 57,
        "activePlayerCount": 158,
        "LinkVideo": "https://files.catbox.moe/hkvobs.webm",
        "LinkMp3": "https://files.catbox.moe/ljmzdm.mp3",
        "annId": 21363,
        "aniListId": 103871,
        "kitsuId": 41459,
        "malId": 37976,
        "songDifficulty": 23.65177170502092,
        "vintage": "Fall 2018"
    },
    {
        "animeEng": "Black\u2605Rock Shooter",
        "animeRomaji": "Black\u2605Rock Shooter",
        "songName": "Black\u2605Rock Shooter",
        "artist": "supercell feat. Hatsune Miku",
        "type": "Opening 1",
        "correctCount": 124,
        "startTime": 17,
        "songDuration": 88.896,
        "songNumber": 58,
        "activePlayerCount": 158,
        "LinkVideo": "https://files.catbox.moe/m8jvtj.webm",
        "LinkMp3": "https://files.catbox.moe/306802.mp3",
        "annId": 13310,
        "aniListId": 11285,
        "kitsuId": 6489,
        "malId": 11285,
        "songDifficulty": 44.94608502735643,
        "vintage": "Winter 2012"
    },
    {
        "animeEng": "One Punch Man",
        "animeRomaji": "One Punch Man",
        "songName": "Hoshi yori Saki ni Mitsukete Ageru",
        "artist": "Hiroko Moriguchi",
        "type": "Ending 1",
        "correctCount": 95,
        "startTime": 37,
        "songDuration": 87.552,
        "songNumber": 59,
        "activePlayerCount": 158,
        "LinkVideo": "https://files.catbox.moe/36ew18.webm",
        "LinkMp3": "https://files.catbox.moe/3sv0wd.mp3",
        "annId": 17989,
        "aniListId": 21386,
        "kitsuId": 11402,
        "malId": 31704,
        "songDifficulty": 36.75807702481724,
        "vintage": "Fall 2015"
    },
    {
        "animeEng": "Tsubasa RESERVoir CHRoNiCLE",
        "animeRomaji": "Tsubasa RESERVoir CHRoNiCLE",
        "songName": "voices silently sing",
        "artist": "Eri Itou",
        "type": "Insert Song",
        "correctCount": 18,
        "startTime": 12,
        "songDuration": 66.048,
        "songNumber": 60,
        "activePlayerCount": 158,
        "LinkVideo": "https://files.catbox.moe/y6h321.webm",
        "LinkMp3": "https://files.catbox.moe/duc17n.mp3",
        "annId": 4591,
        "aniListId": 177,
        "kitsuId": 154,
        "malId": 177,
        "songDifficulty": 18.739423400020677,
        "vintage": "Spring 2005"
    },
    {
        "animeEng": "The Demon Girl Next Door Season 2",
        "animeRomaji": "Machikado Mazoku 2-choume",
        "songName": "Tokimeki Rendezvous",
        "artist": "shami momo",
        "type": "Opening 1",
        "correctCount": 49,
        "startTime": 31,
        "songDuration": 89.448,
        "songNumber": 61,
        "activePlayerCount": 159,
        "LinkVideo": "https://files.catbox.moe/izacii.webm",
        "LinkMp3": "https://files.catbox.moe/mebigz.mp3",
        "annId": 24476,
        "aniListId": 123330,
        "kitsuId": 43547,
        "malId": 42745,
        "songDifficulty": 27.853784862655882,
        "vintage": "Spring 2022"
    },
    {
        "animeEng": "The Night Beyond the Tricornered Window",
        "animeRomaji": "Sankaku Mado no Sotogawa wa Yoru",
        "songName": "Breakers",
        "artist": "Wataru Hatano",
        "type": "Ending 1",
        "correctCount": 6,
        "startTime": 11,
        "songDuration": 87.696,
        "songNumber": 62,
        "activePlayerCount": 159,
        "LinkVideo": "https://files.catbox.moe/1vrpru.webm",
        "LinkMp3": "https://files.catbox.moe/s889vd.mp3",
        "annId": 23838,
        "aniListId": 126897,
        "kitsuId": 44312,
        "malId": 44387,
        "songDifficulty": 15.382452957986937,
        "vintage": "Fall 2021"
    },
    {
        "animeEng": "Assassination Classroom",
        "animeRomaji": "Ansatsu Kyoushitsu",
        "songName": "Jiriki Hongan Revolution",
        "artist": "3-nen E-gumi Utatan",
        "type": "Opening 3",
        "correctCount": 87,
        "startTime": 13,
        "songDuration": 89.52,
        "songNumber": 63,
        "activePlayerCount": 159,
        "LinkVideo": "https://files.catbox.moe/5oac4p.webm",
        "LinkMp3": "https://files.catbox.moe/9yxci0.mp3",
        "annId": 16142,
        "aniListId": 20755,
        "kitsuId": 8640,
        "malId": 24833,
        "songDifficulty": 39.378995965238985,
        "vintage": "Winter 2015"
    },
    {
        "animeEng": "Hell Girl: Three Vessels",
        "animeRomaji": "Jigoku Shoujo Mitsuganae",
        "songName": "tsukihana",
        "artist": "Nana Kitade",
        "type": "Opening 1",
        "correctCount": 14,
        "startTime": 43,
        "songDuration": 89.064,
        "songNumber": 64,
        "activePlayerCount": 159,
        "LinkVideo": "https://files.catbox.moe/1dked9.webm",
        "LinkMp3": "https://files.catbox.moe/qkh3y4.mp3",
        "annId": 9678,
        "aniListId": 3713,
        "kitsuId": 3210,
        "malId": 3713,
        "songDifficulty": 15.759975776789636,
        "vintage": "Fall 2008"
    },
    {
        "animeEng": "Sketchbook: Full Color's",
        "animeRomaji": "Sketchbook: Full Color's",
        "songName": "Tanpopo Suisha",
        "artist": "Kana Hanazawa, Asuka Nakase, Yui Makino",
        "type": "Ending 2",
        "correctCount": 3,
        "startTime": 63,
        "songDuration": 135.048,
        "songNumber": 65,
        "activePlayerCount": 160,
        "LinkVideo": "https://files.catbox.moe/3rwzsf.webm",
        "LinkMp3": "https://files.catbox.moe/6046h0.mp3",
        "annId": 8031,
        "aniListId": 2942,
        "kitsuId": 2663,
        "malId": 2942,
        "songDifficulty": 9.168759862102085,
        "vintage": "Fall 2007",
        "correctPlayers": [
            "likejaxirl",
            "koroshiya",
            "Blindness"
        ]
    },
    {
        "animeEng": "K\u00e4mpfer",
        "animeRomaji": "K\u00e4mpfer",
        "songName": "experiment",
        "artist": "Kaori Nazuka",
        "type": "Insert Song",
        "correctCount": 57,
        "startTime": 0,
        "songDuration": 23.064,
        "songNumber": 66,
        "activePlayerCount": 161,
        "LinkVideo": "https://files.catbox.moe/osrs84.webm",
        "LinkMp3": "https://files.catbox.moe/3u0zd8.mp3",
        "annId": 10861,
        "aniListId": 6205,
        "kitsuId": 4474,
        "malId": 6205,
        "songDifficulty": 25.925451125388065,
        "vintage": "Fall 2009"
    },
    {
        "animeEng": "Jewel Bem Hunter Lime",
        "animeRomaji": "Houma Hunter Lime",
        "songName": "Heart no Proportion",
        "artist": "Mika Kanai",
        "type": "Opening 1",
        "correctCount": 3,
        "startTime": 63,
        "songDuration": 96.625278,
        "songNumber": 67,
        "activePlayerCount": 164,
        "LinkVideo": "https://files.catbox.moe/23kc9h.webm",
        "LinkMp3": "https://files.catbox.moe/z38mwu.mp3",
        "annId": 251,
        "aniListId": 1284,
        "kitsuId": 1158,
        "malId": 1284,
        "songDifficulty": 9.515112804708371,
        "vintage": "Fall 1996",
        "correctPlayers": [
            "Rukawa11",
            "OnlyMonMusu",
            "Blindness"
        ]
    },
    {
        "animeEng": "One Punch Man",
        "animeRomaji": "One Punch Man",
        "songName": "Tatsumaki to Fubuki no One Punch Ondo",
        "artist": "Aoi Yuuki & Saori Hayami",
        "type": "Ending 4",
        "correctCount": 61,
        "startTime": 39,
        "songDuration": 92.736,
        "songNumber": 68,
        "activePlayerCount": 164,
        "LinkVideo": "https://files.catbox.moe/j6yvdp.webm",
        "LinkMp3": "https://files.catbox.moe/wmcbvk.mp3",
        "annId": 17988,
        "aniListId": 21416,
        "kitsuId": 11430,
        "malId": 31772,
        "songDifficulty": 27.910422989377846,
        "vintage": "Fall 2015"
    },
    {
        "animeEng": "Himitsu no Akko-chan",
        "animeRomaji": "Himitsu no Akko-chan",
        "songName": "Himitsu no Akko-chan",
        "artist": "Satoko Shimonari",
        "type": "Opening 1",
        "correctCount": 75,
        "startTime": 26,
        "songDuration": 83.904,
        "songNumber": 69,
        "activePlayerCount": 163,
        "LinkVideo": "https://files.catbox.moe/oknht4.webm",
        "LinkMp3": "https://files.catbox.moe/ofkee4.mp3",
        "annId": 2005,
        "aniListId": 3839,
        "kitsuId": 3291,
        "malId": 3839,
        "songDifficulty": 29.620867688238956,
        "vintage": "Spring 1998"
    },
    {
        "animeEng": "Hakata Tonkotsu Ramens",
        "animeRomaji": "Hakata Tonkotsu Ramens",
        "songName": "DIRTY BULLET",
        "artist": "TRI4TH",
        "type": "Ending 1",
        "correctCount": 32,
        "startTime": 56,
        "songDuration": 89.52,
        "songNumber": 70,
        "activePlayerCount": 164,
        "LinkVideo": "https://files.catbox.moe/3otrrj.webm",
        "LinkMp3": "https://files.catbox.moe/cm7bv1.mp3",
        "annId": 20014,
        "aniListId": 99483,
        "kitsuId": 14024,
        "malId": 35889,
        "songDifficulty": 20.227942054958184,
        "vintage": "Winter 2018"
    },
    {
        "animeEng": "Is This a Zombie? of the Dead",
        "animeRomaji": "Kore wa Zombie Desu ka? of the Dead",
        "songName": "Kyuuketsuki Venus",
        "artist": "Aya Gouda & Yoko Hikasa",
        "type": "Insert Song",
        "correctCount": 24,
        "startTime": 2,
        "songDuration": 60.456,
        "songNumber": 71,
        "activePlayerCount": 164,
        "LinkVideo": "https://files.catbox.moe/ai8f8y.webm",
        "LinkMp3": "https://files.catbox.moe/np2tu2.mp3",
        "annId": 13782,
        "aniListId": 10790,
        "kitsuId": 6347,
        "malId": 10790,
        "songDifficulty": 17.08500554239553,
        "vintage": "Spring 2012"
    },
    {
        "animeEng": "Pok\u00e9mon the Series: XYZ",
        "animeRomaji": "Pok\u00e9mon XY&Z",
        "songName": "Getter Banban",
        "artist": "Tomohisa Sako",
        "type": "Insert Song",
        "correctCount": 34,
        "startTime": 110,
        "songDuration": 171.24,
        "songNumber": 72,
        "activePlayerCount": 165,
        "LinkVideo": "https://files.catbox.moe/qgr8o4.webm",
        "LinkMp3": "https://files.catbox.moe/ywswsk.mp3",
        "annId": 17650,
        "aniListId": 21356,
        "kitsuId": 11367,
        "malId": 31592,
        "songDifficulty": 28.537132118813684,
        "vintage": "Fall 2015"
    },
    {
        "animeEng": "Hello World",
        "animeRomaji": "Hello World",
        "songName": "Lost Game (Movie ver.)",
        "artist": "Nulbarich",
        "type": "Insert Song",
        "correctCount": 23,
        "startTime": 98,
        "songDuration": 142.512,
        "songNumber": 73,
        "activePlayerCount": 165,
        "LinkVideo": "https://files.catbox.moe/szsaf6.webm",
        "LinkMp3": "https://files.catbox.moe/dkbgj7.mp3",
        "annId": 22139,
        "aniListId": 106240,
        "kitsuId": 42030,
        "malId": 38816,
        "songDifficulty": 19.383465999854778,
        "vintage": "Summer 2019"
    },
    {
        "animeEng": "Re:Zero: Starting Life in Another World",
        "animeRomaji": "Re:Zero kara Hajimeru Isekai Seikatsu",
        "songName": "Realize",
        "artist": "Konomi Suzuki",
        "type": "Opening 1",
        "correctCount": 112,
        "startTime": 21,
        "songDuration": 88.056,
        "songNumber": 74,
        "activePlayerCount": 164,
        "LinkVideo": "https://files.catbox.moe/b3o2ky.webm",
        "LinkMp3": "https://files.catbox.moe/k5vt7c.mp3",
        "annId": 22005,
        "aniListId": 108632,
        "kitsuId": 42198,
        "malId": 39587,
        "songDifficulty": 41.34600718209454,
        "vintage": "Summer 2020"
    },
    {
        "animeEng": "The Brave Express Might Gaine",
        "animeRomaji": "Yuusha Tokkyuu Might Gaine",
        "songName": "Black Diamond",
        "artist": "PURPLE",
        "type": "Ending 2",
        "correctCount": 2,
        "startTime": 5,
        "songDuration": 59.505916,
        "songNumber": 75,
        "activePlayerCount": 165,
        "LinkVideo": "https://files.catbox.moe/7v946l.webm",
        "LinkMp3": "https://files.catbox.moe/ikvuld.mp3",
        "annId": 1957,
        "aniListId": 3486,
        "kitsuId": 3046,
        "malId": 3486,
        "songDifficulty": 11.654965146502835,
        "vintage": "Winter 1993",
        "correctPlayers": [
            "kaghey",
            "hk9ian"
        ]
    },
    {
        "animeEng": "Ninja Hattori",
        "animeRomaji": "Ninja Hattori-kun",
        "songName": "Ninja Hattori-kun",
        "artist": "Ayako Hori & Columbia Yurikago-kai",
        "type": "Opening 1",
        "correctCount": 56,
        "startTime": 21,
        "songDuration": 68.96208,
        "songNumber": 76,
        "activePlayerCount": 166,
        "LinkVideo": "https://files.catbox.moe/ik8qqb.webm",
        "LinkMp3": "https://files.catbox.moe/18qlyk.mp3",
        "annId": 4313,
        "aniListId": 4936,
        "kitsuId": 3858,
        "malId": 4936,
        "songDifficulty": 26.082128349948213,
        "vintage": "Summer 1981"
    },
    {
        "animeEng": "Love Live! Nijigasaki High School Idol Club",
        "animeRomaji": "Love Live! School Idol Project Nijigasaki Gakuen School Idol Doukoukai",
        "songName": "Love U my friends (TV Anime Insert Song Ver.)",
        "artist": "Nijigasaki Gakuen School Idol Doukoukai",
        "type": "Insert Song",
        "correctCount": 34,
        "startTime": 5,
        "songDuration": 78.048,
        "songNumber": 77,
        "activePlayerCount": 165,
        "LinkVideo": "https://files.catbox.moe/ru5etr.webm",
        "LinkMp3": "https://files.catbox.moe/t7a6o1.mp3",
        "annId": 24366,
        "aniListId": 133891,
        "kitsuId": 44537,
        "malId": 48916,
        "songDifficulty": 30.214241873477466,
        "vintage": "Spring 2022"
    },
    {
        "animeEng": "What's Michael? 2",
        "animeRomaji": "What's Michael? 2",
        "songName": "Call My Name",
        "artist": "Shoko Minami",
        "type": "Ending 1",
        "correctCount": 3,
        "startTime": 115,
        "songDuration": 238.656,
        "songNumber": 78,
        "activePlayerCount": 165,
        "LinkVideo": "https://files.catbox.moe/mijmjp.webm",
        "LinkMp3": "https://files.catbox.moe/m3e209.mp3",
        "annId": 3337,
        "aniListId": 12037,
        "kitsuId": 6650,
        "malId": 12037,
        "songDifficulty": 4.796306763764229,
        "vintage": "Summer 1988",
        "correctPlayers": [
            "Rukawa11",
            "OnlyMonMusu",
            "Theseus"
        ]
    },
    {
        "animeEng": "Hana no Mahoutsukai Mary Bell: Phoenix no Kagi",
        "animeRomaji": "Hana no Mahoutsukai Mary Bell: Phoenix no Kagi",
        "songName": "Watashi! Mary Bell",
        "artist": "Chieko Honda",
        "type": "Opening 1",
        "correctCount": 2,
        "startTime": 73,
        "songDuration": 129.6,
        "songNumber": 79,
        "activePlayerCount": 164,
        "LinkVideo": "https://files.catbox.moe/v11w9c.webm",
        "LinkMp3": "https://files.catbox.moe/rtugql.mp3",
        "annId": 7235,
        "aniListId": 9862,
        "kitsuId": 5907,
        "malId": 9862,
        "songDifficulty": 5.860993891479214,
        "vintage": "Summer 1992",
        "correctPlayers": [
            "gaaw",
            "eternity_"
        ]
    },
    {
        "animeEng": "Pastel Life",
        "animeRomaji": "Pastel Life",
        "songName": "Shuwarin\u2606Drea~min",
        "artist": "Pastel*Palettes",
        "type": "Opening 1",
        "correctCount": 81,
        "startTime": 0,
        "songDuration": 29.664,
        "songNumber": 80,
        "activePlayerCount": 164,
        "LinkVideo": "https://files.catbox.moe/9e8yfh.webm",
        "LinkMp3": "https://files.catbox.moe/s0ksh1.mp3",
        "annId": 21291,
        "aniListId": 101596,
        "kitsuId": 41304,
        "malId": 37778,
        "songDifficulty": 33.457630208333335,
        "vintage": "Spring 2018"
    },
    {
        "animeEng": "Haikyu!!",
        "animeRomaji": "Haikyu!!",
        "songName": "LEO",
        "artist": "tacica",
        "type": "Ending 2",
        "correctCount": 40,
        "startTime": 17,
        "songDuration": 89.568,
        "songNumber": 81,
        "activePlayerCount": 164,
        "LinkVideo": "https://files.catbox.moe/fk0if1.webm",
        "LinkMp3": "https://files.catbox.moe/tiw4pb.mp3",
        "annId": 15683,
        "aniListId": 20464,
        "kitsuId": 8133,
        "malId": 20583,
        "songDifficulty": 18.768344681694984,
        "vintage": "Spring 2014"
    },
    {
        "animeEng": "Non Non Biyori Nonstop",
        "animeRomaji": "Non Non Biyori Nonstop",
        "songName": "Asahigaoka Bunkou Kouka",
        "artist": "Ayane Sakura, Kana Asumi, Kotori Koiwai, Rie Murakawa",
        "type": "Insert Song",
        "correctCount": 56,
        "startTime": 69,
        "songDuration": 135.048,
        "songNumber": 82,
        "activePlayerCount": 165,
        "LinkVideo": "https://files.catbox.moe/t70li0.webm",
        "LinkMp3": "https://files.catbox.moe/hu570e.mp3",
        "annId": 22215,
        "aniListId": 109403,
        "kitsuId": 42349,
        "malId": 39808,
        "songDifficulty": 28.350818354221637,
        "vintage": "Winter 2021"
    },
    {
        "animeEng": "Himitsu Kessha Taka no Tsume NEO",
        "animeRomaji": "Himitsu Kessha Taka no Tsume NEO",
        "songName": "Polka de Taka no Tsume",
        "artist": "FROGMAN to Red Chili Gasshou-dan",
        "type": "Ending 4",
        "correctCount": 23,
        "startTime": 0,
        "songDuration": 28.32,
        "songNumber": 83,
        "activePlayerCount": 165,
        "LinkVideo": "https://files.catbox.moe/ajvvoi.webm",
        "LinkMp3": "https://files.catbox.moe/iyh03c.mp3",
        "annId": 14164,
        "aniListId": 13431,
        "kitsuId": 6963,
        "malId": 13431,
        "songDifficulty": 19.906986620853807,
        "vintage": "Spring 2012"
    },
    {
        "animeEng": "Saki",
        "animeRomaji": "Saki",
        "songName": "Netsuretsu Kangei Wonderland",
        "artist": "Kana Ueda, Ami Koshimizu, Rie Kugimiya, Ryoko Shiraishi, Shizuka Itou",
        "type": "Ending 1",
        "correctCount": 29,
        "startTime": 54,
        "songDuration": 89.544,
        "songNumber": 84,
        "activePlayerCount": 164,
        "LinkVideo": "https://files.catbox.moe/6u3fol.webm",
        "LinkMp3": "https://files.catbox.moe/ls9pdk.mp3",
        "annId": 10527,
        "aniListId": 5671,
        "kitsuId": 4235,
        "malId": 5671,
        "songDifficulty": 25.936762764084506,
        "vintage": "Spring 2009"
    },
    {
        "animeEng": "Legend of the Galactic Heroes: Die Neue These Kaikou",
        "animeRomaji": "Ginga Eiyuu Densetsu: Die Neue These - Kaikou",
        "songName": "Binary Star",
        "artist": "SawanoHiroyuki[nZk]:Uru",
        "type": "Opening 1",
        "correctCount": 42,
        "startTime": 21,
        "songDuration": 89.256,
        "songNumber": 85,
        "activePlayerCount": 162,
        "LinkVideo": "https://files.catbox.moe/o2pwjj.webm",
        "LinkMp3": "https://files.catbox.moe/wmrris.mp3",
        "annId": 20144,
        "aniListId": 20628,
        "kitsuId": 11331,
        "malId": 31433,
        "songDifficulty": 23.203167467787395,
        "vintage": "Spring 2018"
    }
]