[
    {
        "animeEng": "Island",
        "animeRomaji": "Island",
        "songName": "Lasting Memories",
        "artist": "Yukari Tamura",
        "type": "Insert Song",
        "correctCount": 33,
        "startTime": 27,
        "songDuration": 56.736,
        "songNumber": 1,
        "activePlayerCount": 137,
        "LinkVideo": "https://files.catbox.moe/u0egok.webm",
        "LinkMp3": "https://files.catbox.moe/3sb7wy.mp3",
        "annId": 18175,
        "aniListId": 21712,
        "kitsuId": 11965,
        "malId": 33012,
        "songDifficulty": 25.25395417104802,
        "vintage": "Summer 2018"
    },
    {
        "animeEng": "ViVid Strike!",
        "animeRomaji": "ViVid Strike!",
        "songName": "Future Strike",
        "artist": "Yui Ogura",
        "type": "Opening 1",
        "correctCount": 49,
        "startTime": 58,
        "songDuration": 89.064,
        "songNumber": 2,
        "activePlayerCount": 143,
        "LinkVideo": "https://files.catbox.moe/8ueqex.webm",
        "LinkMp3": "https://files.catbox.moe/8eqv28.mp3",
        "annId": 22452,
        "aniListId": 98220,
        "kitsuId": 13344,
        "malId": 34812,
        "songDifficulty": 28.694967328302713,
        "vintage": "Winter 2017"
    },
    {
        "animeEng": "The New Adventures of Hutch the Honeybee",
        "animeRomaji": "Konchuu Monogatari Shin Minashigo Hutch",
        "songName": "Shin Minashigo Hutch",
        "artist": "Yuri Shimazaki",
        "type": "Opening 1",
        "correctCount": 1,
        "startTime": 44,
        "songDuration": 74.016,
        "songNumber": 3,
        "activePlayerCount": 149,
        "LinkVideo": "https://files.catbox.moe/m7dcpn.webm",
        "LinkMp3": "https://files.catbox.moe/f57fgo.mp3",
        "annId": 1742,
        "aniListId": 8139,
        "kitsuId": 5209,
        "malId": 8139,
        "songDifficulty": 5.099943384842026,
        "vintage": "Spring 1974",
        "correctPlayers": [
            "Rukawa11"
        ]
    },
    {
        "animeEng": "Akebi's Sailor Uniform",
        "animeRomaji": "Akebi-chan no Sailor Fuku",
        "songName": "Cherry",
        "artist": "Mitsuho Kambe",
        "type": "Insert Song",
        "correctCount": 19,
        "startTime": 33,
        "songDuration": 67.008,
        "songNumber": 4,
        "activePlayerCount": 151,
        "LinkVideo": "https://files.catbox.moe/eiuk55.webm",
        "LinkMp3": "https://files.catbox.moe/6cnjv6.mp3",
        "annId": 24189,
        "aniListId": 131548,
        "kitsuId": 44210,
        "malId": 48553,
        "songDifficulty": 15.06008805740038,
        "vintage": "Winter 2022"
    },
    {
        "animeEng": "Otoboku: Maidens Are Falling for Me!",
        "animeRomaji": "Otome wa Boku ni Koishiteru",
        "songName": "Love Power",
        "artist": "Aice\u2075",
        "type": "Opening 1",
        "correctCount": 10,
        "startTime": 4,
        "songDuration": 89.952,
        "songNumber": 5,
        "activePlayerCount": 155,
        "LinkVideo": "https://files.catbox.moe/u0iacb.webm",
        "LinkMp3": "https://files.catbox.moe/jacqsx.mp3",
        "annId": 6619,
        "aniListId": 1569,
        "kitsuId": 1409,
        "malId": 1569,
        "songDifficulty": 14.721668410796767,
        "vintage": "Fall 2006"
    },
    {
        "animeEng": "Shine Post",
        "animeRomaji": "Shine Post",
        "songName": "GYB!!",
        "artist": "HY:RAIN",
        "type": "Insert Song",
        "correctCount": 14,
        "startTime": 19,
        "songDuration": 91.896,
        "songNumber": 6,
        "activePlayerCount": 155,
        "LinkVideo": "https://files.catbox.moe/7p984f.webm",
        "LinkMp3": "https://files.catbox.moe/7vrixx.mp3",
        "annId": 24908,
        "aniListId": 140753,
        "kitsuId": 45389,
        "malId": 50221,
        "songDifficulty": 20.397608706825658,
        "vintage": "Summer 2022"
    },
    {
        "animeEng": "Strike Witches",
        "animeRomaji": "Strike Witches",
        "songName": "Bookmark A Head",
        "artist": "Saeko Chiba & Miyuki Sawashiro",
        "type": "Ending 10",
        "correctCount": 27,
        "startTime": 37,
        "songDuration": 89.52,
        "songNumber": 7,
        "activePlayerCount": 158,
        "LinkVideo": "https://files.catbox.moe/3s9mzs.webm",
        "LinkMp3": "https://files.catbox.moe/ichvlq.mp3",
        "annId": 9139,
        "aniListId": 3667,
        "kitsuId": 3179,
        "malId": 3667,
        "songDifficulty": 26.755014088114756,
        "vintage": "Summer 2008"
    },
    {
        "animeEng": "Didn't I Say to Make My Abilities Average in the Next Life?!",
        "animeRomaji": "Noukin",
        "songName": "Smile Skill = Suki Skill",
        "artist": "Akaki Chikai",
        "type": "Opening 1",
        "correctCount": 58,
        "startTime": 51,
        "songDuration": 89.016,
        "songNumber": 8,
        "activePlayerCount": 158,
        "LinkVideo": "https://files.catbox.moe/b71imq.webm",
        "LinkMp3": "https://files.catbox.moe/hocbcm.mp3",
        "annId": 22283,
        "aniListId": 101227,
        "kitsuId": 42423,
        "malId": 37393,
        "songDifficulty": 24.547930044353237,
        "vintage": "Fall 2019"
    },
    {
        "animeEng": "The King of Braves GaoGaiGar Final Grand Glorious Gathering",
        "animeRomaji": "Yuusha-Oh GaoGaiGar Final Grand Glorious Gathering",
        "songName": "Yuusha-Ou Tanjou! -Grand Glorious Gathering Version-",
        "artist": "Masaaki Endoh to Three G's 2005",
        "type": "Opening 1",
        "correctCount": 15,
        "startTime": 41,
        "songDuration": 90.048,
        "songNumber": 9,
        "activePlayerCount": 158,
        "LinkVideo": "https://files.catbox.moe/otpjx9.webm",
        "LinkMp3": "https://files.catbox.moe/4wb9lr.mp3",
        "annId": 5086,
        "aniListId": 4416,
        "kitsuId": 3600,
        "malId": 4416,
        "songDifficulty": 15.073874782986111,
        "vintage": "Spring 2005"
    },
    {
        "animeEng": "Is It Wrong to Try to Pick Up Girls in a Dungeon? II",
        "animeRomaji": "DanMachi II",
        "songName": "HELLO to DREAM",
        "artist": "Yuka Iguchi",
        "type": "Opening 1",
        "correctCount": 74,
        "startTime": 20,
        "songDuration": 88.344,
        "songNumber": 10,
        "activePlayerCount": 156,
        "LinkVideo": "https://files.catbox.moe/yx4gqh.webm",
        "LinkMp3": "https://files.catbox.moe/hc8mi1.mp3",
        "annId": 23059,
        "aniListId": 112125,
        "kitsuId": 42584,
        "malId": 40453,
        "songDifficulty": 29.98817132280759,
        "vintage": "Winter 2020"
    },
    {
        "animeEng": "Gintama: The Very Final",
        "animeRomaji": "Gintama: The Final",
        "songName": "Breakdown",
        "artist": "DOES",
        "type": "Insert Song",
        "correctCount": 30,
        "startTime": 8,
        "songDuration": 85.704,
        "songNumber": 11,
        "activePlayerCount": 156,
        "LinkVideo": "https://files.catbox.moe/9v0gga.webm",
        "LinkMp3": "https://files.catbox.moe/j8wa8g.mp3",
        "annId": 23828,
        "aniListId": 114129,
        "kitsuId": 43683,
        "malId": 39486,
        "songDifficulty": 19.217671560637108,
        "vintage": "Winter 2021"
    },
    {
        "animeEng": "Great Mazinger",
        "animeRomaji": "Great Mazinger",
        "songName": "Yuusha wa Mazinger",
        "artist": "Ichiro Mizuki & Columbia Yurikago-kai",
        "type": "Ending 1",
        "correctCount": 67,
        "startTime": 6,
        "songDuration": 68.496,
        "songNumber": 12,
        "activePlayerCount": 157,
        "LinkVideo": "https://files.catbox.moe/cj4sc9.webm",
        "LinkMp3": "https://files.catbox.moe/myputz.mp3",
        "annId": 1997,
        "aniListId": 5658,
        "kitsuId": 4227,
        "malId": 5658,
        "songDifficulty": 33.474324015827925,
        "vintage": "Summer 1974"
    },
    {
        "animeEng": "Kobo-chan",
        "animeRomaji": "Kobo-chan",
        "songName": "Nippon Cha! Cha! Cha!",
        "artist": "Konpeitou",
        "type": "Opening 1",
        "correctCount": 1,
        "startTime": 4,
        "songDuration": 98.064,
        "songNumber": 13,
        "activePlayerCount": 156,
        "LinkVideo": "https://files.catbox.moe/qg1tyl.webm",
        "LinkMp3": "https://files.catbox.moe/0agotd.mp3",
        "annId": 1696,
        "aniListId": 19585,
        "kitsuId": 9395,
        "malId": 19585,
        "songDifficulty": 6.34998164356203,
        "vintage": "Fall 1992",
        "correctPlayers": [
            "PulseVorteX"
        ]
    },
    {
        "animeEng": "Seitokai Yakuindomo",
        "animeRomaji": "Seitokai Yakuindomo",
        "songName": "Jounetsu no Hana",
        "artist": "Triple Booking",
        "type": "Insert Song",
        "correctCount": 46,
        "startTime": 0,
        "songDuration": 22.488,
        "songNumber": 14,
        "activePlayerCount": 157,
        "LinkVideo": "https://files.catbox.moe/p2ps9o.webm",
        "LinkMp3": "https://files.catbox.moe/tlqifi.mp3",
        "annId": 12391,
        "aniListId": 10119,
        "kitsuId": 6046,
        "malId": 10119,
        "songDifficulty": 23.820874791468064,
        "vintage": "Spring 2011"
    },
    {
        "animeEng": "The iDOLM@STER Cinderella Girls: Spin-off!",
        "animeRomaji": "The iDOLM@STER Cinderella Girls: Spin-off!",
        "songName": "Oumuamua ni Kouun o",
        "artist": "Kotomi Aihara, Eriko Matsui, Kaoru Sakura, Yumiri Hanamori, Hana Tamegai",
        "type": "Insert Song",
        "correctCount": 7,
        "startTime": 83,
        "songDuration": 314.304,
        "songNumber": 15,
        "activePlayerCount": 160,
        "LinkVideo": "https://files.catbox.moe/1lh28a.webm",
        "LinkMp3": "https://files.catbox.moe/7yixoa.mp3",
        "annId": 23169,
        "aniListId": 113221,
        "kitsuId": null,
        "malId": 40693,
        "songDifficulty": 10.28151814281559,
        "vintage": "Fall 2019"
    },
    {
        "animeEng": "Yatterman",
        "animeRomaji": "Yatterman",
        "songName": "Yatterman no Uta",
        "artist": "Masayuki Yamamoto & Shounen Shoujo Gasshou-dan Mizuumi",
        "type": "Opening 7",
        "correctCount": 89,
        "startTime": 26,
        "songDuration": 66.506612,
        "songNumber": 16,
        "activePlayerCount": 162,
        "LinkVideo": "https://files.catbox.moe/9fvcqa.webm",
        "LinkMp3": "https://files.catbox.moe/j7icxp.mp3",
        "annId": 8783,
        "aniListId": 3295,
        "kitsuId": 2915,
        "malId": 3295,
        "songDifficulty": 29.05646742069214,
        "vintage": "Winter 2008"
    },
    {
        "animeEng": "One Punch Man",
        "animeRomaji": "One Punch Man",
        "songName": "Tatsumaki to Fubuki no One Punch Ondo",
        "artist": "Aoi Yuuki & Saori Hayami",
        "type": "Ending 4",
        "correctCount": 109,
        "startTime": 50,
        "songDuration": 92.736,
        "songNumber": 17,
        "activePlayerCount": 162,
        "LinkVideo": "https://files.catbox.moe/j6yvdp.webm",
        "LinkMp3": "https://files.catbox.moe/wmcbvk.mp3",
        "annId": 17988,
        "aniListId": 21416,
        "kitsuId": 11430,
        "malId": 31772,
        "songDifficulty": 27.3917089678511,
        "vintage": "Fall 2015"
    },
    {
        "animeEng": "Wolf Girl & Black Prince",
        "animeRomaji": "Ookami Shoujo to Kuro Ouji",
        "songName": "Ookami Heart",
        "artist": "ORESAMA",
        "type": "Ending 1",
        "correctCount": 16,
        "startTime": 4,
        "songDuration": 89.04,
        "songNumber": 18,
        "activePlayerCount": 161,
        "LinkVideo": "https://files.catbox.moe/gdxvtl.webm",
        "LinkMp3": "https://files.catbox.moe/atuuyz.mp3",
        "annId": 16158,
        "aniListId": 20701,
        "kitsuId": 8697,
        "malId": 23673,
        "songDifficulty": 14.086172239085112,
        "vintage": "Fall 2014"
    },
    {
        "animeEng": "The Hidden Dungeon Only I Can Enter",
        "animeRomaji": "Ore dake Haireru Kakushi Dungeon: Kossori Kitaete Sekai Saikyou",
        "songName": "Pyramid Daigyakuten",
        "artist": "Spira Spica",
        "type": "Opening 1",
        "correctCount": 39,
        "startTime": 39,
        "songDuration": 88.56,
        "songNumber": 19,
        "activePlayerCount": 162,
        "LinkVideo": "https://files.catbox.moe/gk8b27.webm",
        "LinkMp3": "https://files.catbox.moe/q69tyt.mp3",
        "annId": 23508,
        "aniListId": 118375,
        "kitsuId": 43301,
        "malId": 41899,
        "songDifficulty": 16.955723714341794,
        "vintage": "Winter 2021"
    },
    {
        "animeEng": "Oreshura",
        "animeRomaji": "Ore no Kanojo to Osananajimi ga Shuraba Sugiru",
        "songName": "Girlish Lover",
        "artist": "Mizukara o Enshutsu Suru Otome no Kai",
        "type": "Opening 1",
        "correctCount": 78,
        "startTime": 29,
        "songDuration": 91.056,
        "songNumber": 20,
        "activePlayerCount": 160,
        "LinkVideo": "https://files.catbox.moe/ztwgq1.webm",
        "LinkMp3": "https://files.catbox.moe/4q5nwm.mp3",
        "annId": 14450,
        "aniListId": 14749,
        "kitsuId": 7162,
        "malId": 14749,
        "songDifficulty": 24.232885174418605,
        "vintage": "Winter 2013"
    },
    {
        "animeEng": "Galaxy Fraulein Yuna",
        "animeRomaji": "Ginga Ojou-sama Densetsu Yuna",
        "songName": "Tsukikage ni Oyasumi",
        "artist": "Chisa Yokoyama",
        "type": "Ending 1",
        "correctCount": 1,
        "startTime": 4,
        "songDuration": 149.184,
        "songNumber": 21,
        "activePlayerCount": 159,
        "LinkVideo": "https://files.catbox.moe/v78fal.webm",
        "LinkMp3": "https://files.catbox.moe/uhlqa5.mp3",
        "annId": 666,
        "aniListId": 2473,
        "kitsuId": 2246,
        "malId": 2473,
        "songDifficulty": 10.256434782172658,
        "vintage": "Summer 1995",
        "correctPlayers": [
            "hysura"
        ]
    },
    {
        "animeEng": "Little Nemo: Adventures in Slumberland",
        "animeRomaji": "Little Nemo",
        "songName": "Slumberland",
        "artist": "Melissa Manchester",
        "type": "Ending 1",
        "correctCount": 17,
        "startTime": 41,
        "songDuration": 142.104,
        "songNumber": 22,
        "activePlayerCount": 159,
        "LinkVideo": "https://files.catbox.moe/kmcl03.webm",
        "LinkMp3": "https://files.catbox.moe/np1yl8.mp3",
        "annId": 4287,
        "aniListId": 2286,
        "kitsuId": 2071,
        "malId": 2286,
        "songDifficulty": 24.061476463607594,
        "vintage": "Summer 1989"
    },
    {
        "animeEng": "Ikebukuro West Gate Park",
        "animeRomaji": "Ikebukuro West Gate Park",
        "songName": "Omou Mama",
        "artist": "INNOSENT in FORMAL",
        "type": "Ending 2",
        "correctCount": 11,
        "startTime": 63,
        "songDuration": 94.824,
        "songNumber": 23,
        "activePlayerCount": 160,
        "LinkVideo": "https://files.catbox.moe/8gel0h.webm",
        "LinkMp3": "https://files.catbox.moe/gsstxu.mp3",
        "annId": 22494,
        "aniListId": 111324,
        "kitsuId": 42533,
        "malId": 40359,
        "songDifficulty": 17.965066448382128,
        "vintage": "Fall 2020"
    },
    {
        "animeEng": "Kaiji: Against All Rules",
        "animeRomaji": "Gyakkyou Burai Kaiji: Hakairoku-hen",
        "songName": "C kara Hajimaru ABC",
        "artist": "Wasureranneyo",
        "type": "Ending 1",
        "correctCount": 26,
        "startTime": 14,
        "songDuration": 69.24,
        "songNumber": 24,
        "activePlayerCount": 160,
        "LinkVideo": "https://files.catbox.moe/j13xav.webm",
        "LinkMp3": "https://files.catbox.moe/6nznbc.mp3",
        "annId": 12435,
        "aniListId": 10271,
        "kitsuId": 6109,
        "malId": 10271,
        "songDifficulty": 18.83262794044044,
        "vintage": "Spring 2011"
    },
    {
        "animeEng": "Gakuen Alice",
        "animeRomaji": "Gakuen Alice",
        "songName": "Pikapika no Taiyou",
        "artist": "Kana Ueda",
        "type": "Opening 1",
        "correctCount": 20,
        "startTime": 23,
        "songDuration": 98.496,
        "songNumber": 25,
        "activePlayerCount": 160,
        "LinkVideo": "https://files.catbox.moe/5tyecp.webm",
        "LinkMp3": "https://files.catbox.moe/0zmnww.mp3",
        "annId": 4543,
        "aniListId": 74,
        "kitsuId": 54,
        "malId": 74,
        "songDifficulty": 16.388411052505393,
        "vintage": "Fall 2004"
    },
    {
        "animeEng": "Digimon Tamers",
        "animeRomaji": "Digimon Tamers",
        "songName": "KAZE",
        "artist": "Kouji Wada",
        "type": "Insert Song",
        "correctCount": 26,
        "startTime": 17,
        "songDuration": 65.328,
        "songNumber": 26,
        "activePlayerCount": 160,
        "LinkVideo": "https://files.catbox.moe/kpk7tl.webm",
        "LinkMp3": "https://files.catbox.moe/sr8qk8.mp3",
        "annId": 2171,
        "aniListId": 874,
        "kitsuId": 774,
        "malId": 874,
        "songDifficulty": 17.41204424025364,
        "vintage": "Spring 2001"
    },
    {
        "animeEng": "Is the Order a Rabbit? BLOOM",
        "animeRomaji": "Gochuumon wa Usagi Desu ka? Bloom",
        "songName": "Yume < Utsutsu \u2192 Happy Time",
        "artist": "Petit Rabbit's",
        "type": "Ending 2",
        "correctCount": 10,
        "startTime": 75,
        "songDuration": 104.064,
        "songNumber": 27,
        "activePlayerCount": 160,
        "LinkVideo": "https://files.catbox.moe/fo4ocz.webm",
        "LinkMp3": "https://files.catbox.moe/oppvia.mp3",
        "annId": 23573,
        "aniListId": 104198,
        "kitsuId": 42365,
        "malId": 38337,
        "songDifficulty": 18.537849022894004,
        "vintage": "Fall 2020"
    },
    {
        "animeEng": "Cowboy Bebop",
        "animeRomaji": "Cowboy Bebop",
        "songName": "The Singing Sea",
        "artist": "Tulivu-Donna Cumberbatch",
        "type": "Insert Song",
        "correctCount": 27,
        "startTime": 17,
        "songDuration": 83.544,
        "songNumber": 28,
        "activePlayerCount": 159,
        "LinkVideo": "https://files.catbox.moe/pp0fov.webm",
        "LinkMp3": "https://files.catbox.moe/ktxtys.mp3",
        "annId": 13,
        "aniListId": 1,
        "kitsuId": 1,
        "malId": 1,
        "songDifficulty": 24.42121846431083,
        "vintage": "Spring 1998"
    },
    {
        "animeEng": "Cannon Busters",
        "animeRomaji": "Cannon Busters",
        "songName": "Showdown",
        "artist": "Marty Grimes and BJRNCK",
        "type": "Opening 1",
        "correctCount": 21,
        "startTime": 4,
        "songDuration": 90.312,
        "songNumber": 29,
        "activePlayerCount": 160,
        "LinkVideo": "https://files.catbox.moe/35u8uv.webm",
        "LinkMp3": "https://files.catbox.moe/zxdx9k.mp3",
        "annId": 22448,
        "aniListId": 111131,
        "kitsuId": 13697,
        "malId": 40256,
        "songDifficulty": 22.546738656195462,
        "vintage": "Summer 2019"
    },
    {
        "animeEng": "Attack on Titan Season 2",
        "animeRomaji": "Shingeki no Kyojin Season 2",
        "songName": "Call of Silence",
        "artist": "Gemie",
        "type": "Insert Song",
        "correctCount": 47,
        "startTime": 85,
        "songDuration": 131.994466,
        "songNumber": 30,
        "activePlayerCount": 159,
        "LinkVideo": "https://files.catbox.moe/igfcom.webm",
        "LinkMp3": "https://files.catbox.moe/9zsvqm.mp3",
        "annId": 16681,
        "aniListId": 20958,
        "kitsuId": 8671,
        "malId": 25777,
        "songDifficulty": 18.069899124010348,
        "vintage": "Spring 2017"
    },
    {
        "animeEng": "Naruto Shippuuden",
        "animeRomaji": "Naruto Shippuuden",
        "songName": "Mayonaka no Orchestra",
        "artist": "Aqua Timez",
        "type": "Ending 16",
        "correctCount": 24,
        "startTime": 42,
        "songDuration": 88.512,
        "songNumber": 31,
        "activePlayerCount": 158,
        "LinkVideo": "https://files.catbox.moe/cp4ttu.webm",
        "LinkMp3": "https://files.catbox.moe/l8egi9.mp3",
        "annId": 7293,
        "aniListId": 1735,
        "kitsuId": 1555,
        "malId": 1735,
        "songDifficulty": 17.07490989042676,
        "vintage": "Winter 2007"
    },
    {
        "animeEng": "Catman",
        "animeRomaji": "Catman",
        "songName": "Goin' Out",
        "artist": "The Planet Smashers",
        "type": "Insert Song",
        "correctCount": 58,
        "startTime": 27,
        "songDuration": 74.952,
        "songNumber": 32,
        "activePlayerCount": 158,
        "LinkVideo": "https://files.catbox.moe/pgtrue.webm",
        "LinkMp3": "https://files.catbox.moe/s8ai6l.mp3",
        "annId": 24587,
        "aniListId": 4419,
        "kitsuId": 3603,
        "malId": 4419,
        "songDifficulty": 26.988970746050825,
        "vintage": "Winter 2002"
    },
    {
        "animeEng": "W'z",
        "animeRomaji": "W'z",
        "songName": "Reason",
        "artist": "Ryouhei Takenaka",
        "type": "Opening 1",
        "correctCount": 14,
        "startTime": 53,
        "songDuration": 89.128264,
        "songNumber": 33,
        "activePlayerCount": 157,
        "LinkVideo": "https://files.catbox.moe/l46cyi.webm",
        "LinkMp3": "https://files.catbox.moe/1q8ban.mp3",
        "annId": 20759,
        "aniListId": 101337,
        "kitsuId": 41077,
        "malId": 37509,
        "songDifficulty": 13.354194608369099,
        "vintage": "Winter 2019"
    },
    {
        "animeEng": "Gundam Build Fighters",
        "animeRomaji": "Gundam Build Fighters",
        "songName": "Nibun no Ichi",
        "artist": "BACK-ON",
        "type": "Opening 1",
        "correctCount": 32,
        "startTime": 13,
        "songDuration": 89.568,
        "songNumber": 34,
        "activePlayerCount": 157,
        "LinkVideo": "https://files.catbox.moe/w34mpa.webm",
        "LinkMp3": "https://files.catbox.moe/vwbhsz.mp3",
        "annId": 15492,
        "aniListId": 19319,
        "kitsuId": 7852,
        "malId": 19319,
        "songDifficulty": 28.53286496050033,
        "vintage": "Fall 2013"
    },
    {
        "animeEng": "Macross Frontier",
        "animeRomaji": "Macross Frontier",
        "songName": "Neko Nikki",
        "artist": "Megumi Nakajima",
        "type": "Insert Song",
        "correctCount": 38,
        "startTime": 16,
        "songDuration": 99.864,
        "songNumber": 35,
        "activePlayerCount": 157,
        "LinkVideo": "https://files.catbox.moe/o8s8z0.webm",
        "LinkMp3": "https://files.catbox.moe/p29ba5.mp3",
        "annId": 8586,
        "aniListId": 3572,
        "kitsuId": 3113,
        "malId": 3572,
        "songDifficulty": 24.15777067066369,
        "vintage": "Fall 2007"
    },
    {
        "animeEng": "Combatants Will Be Dispatched!",
        "animeRomaji": "Sentouin, Hakenshimasu!",
        "songName": "No.6",
        "artist": "Miku Itou",
        "type": "Opening 1",
        "correctCount": 80,
        "startTime": 42,
        "songDuration": 90.072,
        "songNumber": 36,
        "activePlayerCount": 157,
        "LinkVideo": "https://files.catbox.moe/4s7d3a.webm",
        "LinkMp3": "https://files.catbox.moe/va1oau.mp3",
        "annId": 23090,
        "aniListId": 116588,
        "kitsuId": 43837,
        "malId": 41456,
        "songDifficulty": 23.54973263506064,
        "vintage": "Spring 2021"
    },
    {
        "animeEng": "Juni Taisen: Zodiac War",
        "animeRomaji": "Juuni Taisen",
        "songName": "Keshin no Juu",
        "artist": "Do As Infinity",
        "type": "Ending 1",
        "correctCount": 55,
        "startTime": 48,
        "songDuration": 88.992,
        "songNumber": 37,
        "activePlayerCount": 159,
        "LinkVideo": "https://files.catbox.moe/ooe2pb.webm",
        "LinkMp3": "https://files.catbox.moe/qwzdpm.mp3",
        "annId": 19335,
        "aniListId": 98443,
        "kitsuId": 13225,
        "malId": 35076,
        "songDifficulty": 18.069716341579447,
        "vintage": "Fall 2017"
    },
    {
        "animeEng": "Detective Conan",
        "animeRomaji": "Meitantei Conan",
        "songName": "Kimi to Koi no Mama de Owarenai Itsumo Yume no Mama ja Irarenai",
        "artist": "Mai Kuraki",
        "type": "Ending 59",
        "correctCount": 33,
        "startTime": 36,
        "songDuration": 79.488,
        "songNumber": 38,
        "activePlayerCount": 160,
        "LinkVideo": "https://files.catbox.moe/f29xzp.webm",
        "LinkMp3": "https://files.catbox.moe/2bp4o3.mp3",
        "annId": 454,
        "aniListId": 235,
        "kitsuId": 210,
        "malId": 235,
        "songDifficulty": 25.967090953480113,
        "vintage": "Winter 1996"
    },
    {
        "animeEng": "Fate/Apocrypha",
        "animeRomaji": "Fate/Apocrypha",
        "songName": "D\u00e9sir",
        "artist": "GARNiDELiA",
        "type": "Ending 1",
        "correctCount": 25,
        "startTime": 24,
        "songDuration": 91.272,
        "songNumber": 39,
        "activePlayerCount": 162,
        "LinkVideo": "https://files.catbox.moe/7lg6eq.webm",
        "LinkMp3": "https://files.catbox.moe/hyhb52.mp3",
        "annId": 18983,
        "aniListId": 98035,
        "kitsuId": 13066,
        "malId": 34662,
        "songDifficulty": 16.875160092213115,
        "vintage": "Summer 2017"
    },
    {
        "animeEng": "Zan Sayonara Zetsubou Sensei Bangai-chi",
        "animeRomaji": "Zan Sayonara Zetsubou Sensei Bangai-chi",
        "songName": "Ringo Mogire Beam!",
        "artist": "Kenji Ohtsuki to Zetsubou Shoujo-tachi",
        "type": "Opening 1",
        "correctCount": 40,
        "startTime": 17,
        "songDuration": 177.551234,
        "songNumber": 40,
        "activePlayerCount": 161,
        "LinkVideo": "https://files.catbox.moe/5i1igh.webm",
        "LinkMp3": "https://files.catbox.moe/ve4jq8.mp3",
        "annId": 11478,
        "aniListId": 7044,
        "kitsuId": 4847,
        "malId": 7044,
        "songDifficulty": 25.995571465877436,
        "vintage": "Fall 2009"
    },
    {
        "animeEng": "Gurren Lagann",
        "animeRomaji": "Tengen Toppa Gurren Lagann",
        "songName": "happily ever after",
        "artist": "Shoko Nakagawa",
        "type": "Insert Song",
        "correctCount": 98,
        "startTime": 152,
        "songDuration": 199.776,
        "songNumber": 41,
        "activePlayerCount": 161,
        "LinkVideo": "https://files.catbox.moe/4atlb4.webm",
        "LinkMp3": "https://files.catbox.moe/d17llj.mp3",
        "annId": 6698,
        "aniListId": 2001,
        "kitsuId": 1801,
        "malId": 2001,
        "songDifficulty": 29.231012789923426,
        "vintage": "Spring 2007"
    },
    {
        "animeEng": "Matchless Raijin-Oh",
        "animeRomaji": "Zettai Muteki Raijin-Oh",
        "songName": "Chikyuu Bouei-gumi Ouenka",
        "artist": "Chikyuu Bouei-gumi Gasshou-tai",
        "type": "Ending 1",
        "correctCount": 2,
        "startTime": 9,
        "songDuration": 84.36,
        "songNumber": 42,
        "activePlayerCount": 161,
        "LinkVideo": "https://files.catbox.moe/y86ky1.webm",
        "LinkMp3": "https://files.catbox.moe/o7rrfj.mp3",
        "annId": 2459,
        "aniListId": 1897,
        "kitsuId": 1707,
        "malId": 1897,
        "songDifficulty": 11.39776357827476,
        "vintage": "Spring 1991",
        "correctPlayers": [
            "ESPERMINHA",
            "kaghey"
        ]
    },
    {
        "animeEng": "D4DJ First Mix",
        "animeRomaji": "D4DJ First Mix",
        "songName": "Brand New World",
        "artist": "Happy Around!",
        "type": "Insert Song",
        "correctCount": 25,
        "startTime": 71,
        "songDuration": 109.992,
        "songNumber": 43,
        "activePlayerCount": 162,
        "LinkVideo": "https://files.catbox.moe/g6qayx.webm",
        "LinkMp3": "https://files.catbox.moe/v3shzl.mp3",
        "annId": 23530,
        "aniListId": 115069,
        "kitsuId": 43557,
        "malId": 39681,
        "songDifficulty": 21.676055522241604,
        "vintage": "Fall 2020"
    },
    {
        "animeEng": "Save Me! Lollipop",
        "animeRomaji": "Mamotte! Lollipop",
        "songName": "Poppin' Heart wa Hitotsu Dake?",
        "artist": "Clover",
        "type": "Opening 1",
        "correctCount": 7,
        "startTime": 27,
        "songDuration": 89.76,
        "songNumber": 44,
        "activePlayerCount": 161,
        "LinkVideo": "https://files.catbox.moe/2n24sr.webm",
        "LinkMp3": "https://files.catbox.moe/4oe5r5.mp3",
        "annId": 6564,
        "aniListId": 1509,
        "kitsuId": 1354,
        "malId": 1509,
        "songDifficulty": 10.663943946116255,
        "vintage": "Summer 2006"
    },
    {
        "animeEng": "Servant \u00d7 Service",
        "animeRomaji": "Servant \u00d7 Service",
        "songName": "Hachimitsu Doki",
        "artist": "Mai Nakahara",
        "type": "Ending 2",
        "correctCount": 21,
        "startTime": 18,
        "songDuration": 88.968,
        "songNumber": 45,
        "activePlayerCount": 161,
        "LinkVideo": "https://files.catbox.moe/go7fho.webm",
        "LinkMp3": "https://files.catbox.moe/j9n51m.mp3",
        "annId": 15241,
        "aniListId": 18119,
        "kitsuId": 7669,
        "malId": 18119,
        "songDifficulty": 18.384207589285715,
        "vintage": "Summer 2013"
    },
    {
        "animeEng": "Encouragement of Climb",
        "animeRomaji": "Yama no Susume",
        "songName": "Staccato Days",
        "artist": "Yuka Iguchi & Kana Asumi",
        "type": "Ending 1",
        "correctCount": 70,
        "startTime": 31,
        "songDuration": 73.056,
        "songNumber": 46,
        "activePlayerCount": 161,
        "LinkVideo": "https://files.catbox.moe/cjx65u.webm",
        "LinkMp3": "https://files.catbox.moe/r48jfs.mp3",
        "annId": 14777,
        "aniListId": 14355,
        "kitsuId": 7117,
        "malId": 14355,
        "songDifficulty": 24.48907303447151,
        "vintage": "Winter 2013"
    },
    {
        "animeEng": "Anima Yell!",
        "animeRomaji": "Anima Yell!",
        "songName": "Jump Up \u2191 Yell!!",
        "artist": "Kaminoki Koukou Cheerleading-bu",
        "type": "Opening 1",
        "correctCount": 38,
        "startTime": 46,
        "songDuration": 89.064,
        "songNumber": 47,
        "activePlayerCount": 161,
        "LinkVideo": "https://files.catbox.moe/splr0g.webm",
        "LinkMp3": "https://files.catbox.moe/t0ux3j.mp3",
        "annId": 21227,
        "aniListId": 101013,
        "kitsuId": 41423,
        "malId": 37206,
        "songDifficulty": 22.55879829182631,
        "vintage": "Fall 2018"
    },
    {
        "animeEng": "I'm Standing on A Million Lives",
        "animeRomaji": "100-man no Inochi no Ue ni Ore wa Tatteiru",
        "songName": "Dear My MAJIHA Sisters",
        "artist": "Kanako Takatsuki & Ai Furihata",
        "type": "Opening 2",
        "correctCount": 15,
        "startTime": 16,
        "songDuration": 87.8192,
        "songNumber": 48,
        "activePlayerCount": 162,
        "LinkVideo": "https://files.catbox.moe/f3j84i.webm",
        "LinkMp3": "https://files.catbox.moe/p3900a.mp3",
        "annId": 23492,
        "aniListId": 116242,
        "kitsuId": 43367,
        "malId": 41380,
        "songDifficulty": 9.67717304030241,
        "vintage": "Fall 2020"
    },
    {
        "animeEng": "One Piece: The Adventure of Dead End",
        "animeRomaji": "One Piece: Dead End no Bouken",
        "songName": "sailing day",
        "artist": "BUMP OF CHICKEN",
        "type": "Ending 1",
        "correctCount": 5,
        "startTime": 3,
        "songDuration": 139.992,
        "songNumber": 49,
        "activePlayerCount": 162,
        "LinkVideo": "https://files.catbox.moe/l5gl66.webm",
        "LinkMp3": "https://files.catbox.moe/2i37no.mp3",
        "annId": 2326,
        "aniListId": 462,
        "kitsuId": 424,
        "malId": 462,
        "songDifficulty": 11.801388824132786,
        "vintage": "Winter 2003",
        "correctPlayers": [
            "hysura",
            "Rukawa11",
            "Thaleko",
            "noon",
            "TatakaeRuffy"
        ]
    },
    {
        "animeEng": "Di Gi Charat",
        "animeRomaji": "Di Gi Charat",
        "songName": "PARTY NIGHT (Hyper Parapara Version)",
        "artist": "Asami Sanada, Miyuki Sawashiro, Kyoko Hikami",
        "type": "Insert Song",
        "correctCount": 11,
        "startTime": 91,
        "songDuration": 176.352,
        "songNumber": 50,
        "activePlayerCount": 160,
        "LinkVideo": "https://files.catbox.moe/c5zsc6.webm",
        "LinkMp3": "https://files.catbox.moe/2o7rmv.mp3",
        "annId": 797,
        "aniListId": 293,
        "kitsuId": 268,
        "malId": 293,
        "songDifficulty": 20.294310313411078,
        "vintage": "Fall 1999"
    },
    {
        "animeEng": "The God of High School",
        "animeRomaji": "The God of High School",
        "songName": "Contradiction",
        "artist": "KSUKE feat. Tyler Carter",
        "type": "Opening 1",
        "correctCount": 127,
        "startTime": 37,
        "songDuration": 90.072,
        "songNumber": 51,
        "activePlayerCount": 160,
        "LinkVideo": "https://files.catbox.moe/y78m04.webm",
        "LinkMp3": "https://files.catbox.moe/cqyvhq.mp3",
        "annId": 23279,
        "aniListId": 116006,
        "kitsuId": 43018,
        "malId": 41353,
        "songDifficulty": 49.97732216850829,
        "vintage": "Summer 2020"
    },
    {
        "animeEng": "Mouse",
        "animeRomaji": "Mouse",
        "songName": "Mouse Chu Mouse",
        "artist": "UNDER17",
        "type": "Opening 1",
        "correctCount": 23,
        "startTime": 33,
        "songDuration": 89.856,
        "songNumber": 52,
        "activePlayerCount": 158,
        "LinkVideo": "https://files.catbox.moe/dk55mv.webm",
        "LinkMp3": "https://files.catbox.moe/txr6no.mp3",
        "annId": 1964,
        "aniListId": 624,
        "kitsuId": 579,
        "malId": 624,
        "songDifficulty": 19.603235845839016,
        "vintage": "Winter 2003"
    },
    {
        "animeEng": "Nisekoi",
        "animeRomaji": "Nisekoi",
        "songName": "CLICK",
        "artist": "ClariS",
        "type": "Opening 1",
        "correctCount": 106,
        "startTime": 46,
        "songDuration": 89.568,
        "songNumber": 53,
        "activePlayerCount": 156,
        "LinkVideo": "https://files.catbox.moe/388uyj.webm",
        "LinkMp3": "https://files.catbox.moe/sukbjo.mp3",
        "annId": 15349,
        "aniListId": 18897,
        "kitsuId": 7821,
        "malId": 18897,
        "songDifficulty": 34.8135680758933,
        "vintage": "Winter 2014"
    },
    {
        "animeEng": "Mikagura School Suite",
        "animeRomaji": "Mikagura Gakuen Kumikyoku",
        "songName": "Sekirara Candy",
        "artist": "Ari Ozawa",
        "type": "Ending 3",
        "correctCount": 3,
        "startTime": 57,
        "songDuration": 89.04,
        "songNumber": 54,
        "activePlayerCount": 156,
        "LinkVideo": "https://files.catbox.moe/oudlr2.webm",
        "LinkMp3": "https://files.catbox.moe/48lxan.mp3",
        "annId": 16634,
        "aniListId": 20983,
        "kitsuId": 10072,
        "malId": 28817,
        "songDifficulty": 9.592128643833973,
        "vintage": "Spring 2015",
        "correctPlayers": [
            "Ignir11",
            "xeloo",
            "Chiya"
        ]
    },
    {
        "animeEng": "Shadowverse Flame",
        "animeRomaji": "Shadowverse F",
        "songName": "Shingan",
        "artist": "Lanndo feat. Keina Suda",
        "type": "Opening 1",
        "correctCount": 9,
        "startTime": 57,
        "songDuration": 88.992,
        "songNumber": 55,
        "activePlayerCount": 156,
        "LinkVideo": "https://files.catbox.moe/e7zsz8.webm",
        "LinkMp3": "https://files.catbox.moe/tb62i2.mp3",
        "annId": 24829,
        "aniListId": 140085,
        "kitsuId": null,
        "malId": 50060,
        "songDifficulty": 15.205133778561828,
        "vintage": "Spring 2022"
    },
    {
        "animeEng": "Saki: The Nationals",
        "animeRomaji": "Saki Zenkoku-hen",
        "songName": "New SPARKS!",
        "artist": "Miyuki Hashimoto",
        "type": "Opening 1",
        "correctCount": 20,
        "startTime": 39,
        "songDuration": 89.04,
        "songNumber": 56,
        "activePlayerCount": 156,
        "LinkVideo": "https://files.catbox.moe/7mozk9.webm",
        "LinkMp3": "https://files.catbox.moe/jte70j.mp3",
        "annId": 14874,
        "aniListId": 16123,
        "kitsuId": 7375,
        "malId": 16123,
        "songDifficulty": 18.423549468486943,
        "vintage": "Winter 2014"
    },
    {
        "animeEng": "UFO Ultramaiden Valkyrie 2: December Nocturne",
        "animeRomaji": "UFO Princess Walk\u00fcre: Juunigatsu no Yasoukyoku",
        "songName": "Rougetsu no Ojo",
        "artist": "Megumi Ogata",
        "type": "Insert Song",
        "correctCount": 0,
        "startTime": 226,
        "songDuration": 268.872,
        "songNumber": 57,
        "activePlayerCount": 157,
        "LinkVideo": "https://files.catbox.moe/iohyfx.webm",
        "LinkMp3": "https://files.catbox.moe/os88e4.mp3",
        "annId": 3132,
        "aniListId": 1128,
        "kitsuId": 1011,
        "malId": 1128,
        "songDifficulty": 5.833333773226351,
        "vintage": "Fall 2003"
    },
    {
        "animeEng": "Comet Lucifer",
        "animeRomaji": "Comet Lucifer",
        "songName": "Cosmos no You ni",
        "artist": "fh\u00e1na",
        "type": "Insert Song",
        "correctCount": 16,
        "startTime": 17,
        "songDuration": 114.727824,
        "songNumber": 58,
        "activePlayerCount": 156,
        "LinkVideo": "https://files.catbox.moe/rl6rvl.webm",
        "LinkMp3": "https://files.catbox.moe/gfh4pf.mp3",
        "annId": 17386,
        "aniListId": 21275,
        "kitsuId": 11234,
        "malId": 31318,
        "songDifficulty": 17.019074104463616,
        "vintage": "Fall 2015"
    },
    {
        "animeEng": "LBX: Little Battlers eXperience",
        "animeRomaji": "Danball Senki",
        "songName": "Boku no Chokinbako",
        "artist": "Hiroki Maekawa",
        "type": "Ending 1",
        "correctCount": 3,
        "startTime": 47,
        "songDuration": 82.8,
        "songNumber": 59,
        "activePlayerCount": 160,
        "LinkVideo": "https://files.catbox.moe/xur6jt.webm",
        "LinkMp3": "https://files.catbox.moe/3cvhrn.mp3",
        "annId": 11038,
        "aniListId": 7081,
        "kitsuId": 4860,
        "malId": 7081,
        "songDifficulty": 13.280052399696292,
        "vintage": "Winter 2011",
        "correctPlayers": [
            "Bagre",
            "kaghey",
            "GoddessKano"
        ]
    },
    {
        "animeEng": "Takt Op.Destiny",
        "animeRomaji": "Takt Op.Destiny",
        "songName": "When The Saints Go Marching In",
        "artist": "Louis Armstrong",
        "type": "Insert Song",
        "correctCount": 74,
        "startTime": 7,
        "songDuration": 39.84,
        "songNumber": 60,
        "activePlayerCount": 161,
        "LinkVideo": "https://files.catbox.moe/vtn4j6.webm",
        "LinkMp3": "https://files.catbox.moe/9z041h.mp3",
        "annId": 24192,
        "aniListId": 131565,
        "kitsuId": 44233,
        "malId": 48556,
        "songDifficulty": 27.770197577264014,
        "vintage": "Fall 2021"
    },
    {
        "animeEng": "Saint Seiya: Soul of Gold",
        "animeRomaji": "Saint Seiya: Soul of Gold",
        "songName": "Yakusoku no Asu e",
        "artist": "ROOT FIVE",
        "type": "Ending 1",
        "correctCount": 2,
        "startTime": 52,
        "songDuration": 88.92,
        "songNumber": 61,
        "activePlayerCount": 160,
        "LinkVideo": "https://files.catbox.moe/z1xo6k.webm",
        "LinkMp3": "https://files.catbox.moe/8oufku.mp3",
        "annId": 16592,
        "aniListId": 20928,
        "kitsuId": 10026,
        "malId": 28215,
        "songDifficulty": 8.717939560735193,
        "vintage": "Spring 2015",
        "correctPlayers": [
            "TKN",
            "arm_arm_arm"
        ]
    },
    {
        "animeEng": "Problem children are coming from another world, aren't they?",
        "animeRomaji": "Mondaiji-tachi ga Isekai kara Kuru-sou desu yo?",
        "songName": "Black\u271dWhite",
        "artist": "Iori Nomizu",
        "type": "Opening 1",
        "correctCount": 90,
        "startTime": 53,
        "songDuration": 87.552,
        "songNumber": 62,
        "activePlayerCount": 163,
        "LinkVideo": "https://files.catbox.moe/gayg6m.webm",
        "LinkMp3": "https://files.catbox.moe/i2aave.mp3",
        "annId": 14835,
        "aniListId": 15315,
        "kitsuId": 7239,
        "malId": 15315,
        "songDifficulty": 26.041081543544962,
        "vintage": "Winter 2013"
    },
    {
        "animeEng": "Infinite Stratos",
        "animeRomaji": "IS: Infinite Stratos",
        "songName": "SUPER\u221eSTREAM",
        "artist": "Yoko Hikasa, Yukana, Asami Shimoda",
        "type": "Ending 3",
        "correctCount": 70,
        "startTime": 43,
        "songDuration": 89.064,
        "songNumber": 63,
        "activePlayerCount": 162,
        "LinkVideo": "https://files.catbox.moe/5v3orb.webm",
        "LinkMp3": "https://files.catbox.moe/uq51je.mp3",
        "annId": 11769,
        "aniListId": 9041,
        "kitsuId": 5583,
        "malId": 9041,
        "songDifficulty": 29.126765500275255,
        "vintage": "Winter 2011"
    },
    {
        "animeEng": "Shakugan no Shana III (Final)",
        "animeRomaji": "Shakugan no Shana III (Final)",
        "songName": "Hishoku no Sora",
        "artist": "Mami Kawada",
        "type": "Insert Song",
        "correctCount": 109,
        "startTime": 91,
        "songDuration": 197.688,
        "songNumber": 64,
        "activePlayerCount": 162,
        "LinkVideo": "https://files.catbox.moe/nqeu2r.webm",
        "LinkMp3": "https://files.catbox.moe/26pfpk.mp3",
        "annId": 13003,
        "aniListId": 6773,
        "kitsuId": 4709,
        "malId": 6773,
        "songDifficulty": 44.381785087188184,
        "vintage": "Fall 2011"
    },
    {
        "animeEng": "Petit Seka",
        "animeRomaji": "Petit Seka",
        "songName": "Wah Wah World",
        "artist": "Yui Ogura, Akina, Hatsune Miku",
        "type": "Ending 1",
        "correctCount": 53,
        "startTime": 0,
        "songDuration": 27.264,
        "songNumber": 65,
        "activePlayerCount": 162,
        "LinkVideo": "https://files.catbox.moe/y8dr0f.webm",
        "LinkMp3": "https://files.catbox.moe/njcpp1.mp3",
        "annId": 24798,
        "aniListId": 139675,
        "kitsuId": 45763,
        "malId": 49939,
        "songDifficulty": 25.738520408163264,
        "vintage": "Winter 2022"
    },
    {
        "animeEng": "Summer Wars",
        "animeRomaji": "Summer Wars",
        "songName": "Bokura no Natsu no Yume",
        "artist": "Tatsuro Yamashita",
        "type": "Ending 1",
        "correctCount": 41,
        "startTime": 116,
        "songDuration": 298.608,
        "songNumber": 66,
        "activePlayerCount": 164,
        "LinkVideo": "https://files.catbox.moe/1t200o.webm",
        "LinkMp3": "https://files.catbox.moe/nun0rx.mp3",
        "annId": 10544,
        "aniListId": 5681,
        "kitsuId": 4241,
        "malId": 5681,
        "songDifficulty": 17.206569658652757,
        "vintage": "Summer 2009"
    },
    {
        "animeEng": "R-15",
        "animeRomaji": "R-15",
        "songName": "HIRAMEKI!! Otsu",
        "artist": "R-15 Otsu",
        "type": "Ending 2",
        "correctCount": 32,
        "startTime": 39,
        "songDuration": 88.224,
        "songNumber": 67,
        "activePlayerCount": 164,
        "LinkVideo": "https://files.catbox.moe/klug6o.webm",
        "LinkMp3": "https://files.catbox.moe/lruioh.mp3",
        "annId": 12895,
        "aniListId": 10611,
        "kitsuId": 6265,
        "malId": 10611,
        "songDifficulty": 19.686020580690297,
        "vintage": "Summer 2011"
    },
    {
        "animeEng": "JoJo's Bizarre Adventure: Stardust Crusaders",
        "animeRomaji": "JoJo no Kimyou na Bouken: Stardust Crusaders",
        "songName": "Walk Like an Egyptian",
        "artist": "Bangles",
        "type": "Ending 1",
        "correctCount": 129,
        "startTime": 5,
        "songDuration": 87.984,
        "songNumber": 68,
        "activePlayerCount": 164,
        "LinkVideo": "https://files.catbox.moe/ln85pl.webm",
        "LinkMp3": "https://files.catbox.moe/ufaje7.mp3",
        "annId": 15692,
        "aniListId": 20474,
        "kitsuId": 8063,
        "malId": 20899,
        "songDifficulty": 50.6255304690317,
        "vintage": "Spring 2014"
    },
    {
        "animeEng": "Super Real Mahjong: Mahjong Battle Scramble - Konran-teki Sento Mahjong",
        "animeRomaji": "Super Real Mahjong: Mahjong Battle Scramble - Konran-teki Sento Mahjong",
        "songName": "Kiss! Kiken na Love\u30fbMotion",
        "artist": "Aya Hisakawa, Mayumi Seto, Mari Maruta",
        "type": "Insert Song",
        "correctCount": 4,
        "startTime": 52,
        "songDuration": 146.64,
        "songNumber": 69,
        "activePlayerCount": 164,
        "LinkVideo": "https://files.catbox.moe/hdnk07.webm",
        "LinkMp3": "https://files.catbox.moe/w09ovv.mp3",
        "annId": 24335,
        "aniListId": 17989,
        "kitsuId": 9645,
        "malId": 17989,
        "songDifficulty": 5.497056348737315,
        "vintage": "Fall 1990",
        "correctPlayers": [
            "SuperMario64",
            "Thaleko",
            "Delete",
            "ESPERMINHA"
        ]
    },
    {
        "animeEng": "Fairy Tail x Rave",
        "animeRomaji": "Fairy Tail x Rave",
        "songName": "Butterfly Kiss",
        "artist": "Chihiro Yonekura",
        "type": "Insert Song",
        "correctCount": 19,
        "startTime": 14,
        "songDuration": 98.232,
        "songNumber": 70,
        "activePlayerCount": 164,
        "LinkVideo": "https://files.catbox.moe/122def.webm",
        "LinkMp3": "https://files.catbox.moe/xfk1ja.mp3",
        "annId": 15504,
        "aniListId": 18393,
        "kitsuId": 7692,
        "malId": 18393,
        "songDifficulty": 11.444453867028495,
        "vintage": "Summer 2013"
    },
    {
        "animeEng": "Visual Prison",
        "animeRomaji": "Visual Prison",
        "songName": "Wing with wind",
        "artist": "Shouya Chiba",
        "type": "Insert Song",
        "correctCount": 9,
        "startTime": 49,
        "songDuration": 94.848,
        "songNumber": 71,
        "activePlayerCount": 165,
        "LinkVideo": "https://files.catbox.moe/5ofan4.webm",
        "LinkMp3": "https://files.catbox.moe/r00li7.mp3",
        "annId": 24196,
        "aniListId": 131584,
        "kitsuId": 44234,
        "malId": 48567,
        "songDifficulty": 14.741283981199187,
        "vintage": "Fall 2021"
    },
    {
        "animeEng": "The Girl Who Leapt Through Space",
        "animeRomaji": "Sora o Kakeru Shoujo",
        "songName": "Ruri-iro no Gyakkou",
        "artist": "Aya Endou",
        "type": "Insert Song",
        "correctCount": 1,
        "startTime": 25,
        "songDuration": 186.048,
        "songNumber": 72,
        "activePlayerCount": 165,
        "LinkVideo": "https://files.catbox.moe/m9l0d2.webm",
        "LinkMp3": "https://files.catbox.moe/qn6otk.mp3",
        "annId": 26324,
        "aniListId": 6437,
        "kitsuId": 4561,
        "malId": 6437,
        "songDifficulty": "Unrated",
        "vintage": "Winter 2009",
        "correctPlayers": [
            "kaghey"
        ]
    },
    {
        "animeEng": "Overlord: Fushisha no Ou",
        "animeRomaji": "Overlord: Fushisha no Ou",
        "songName": "Crazy Scary Holy Fantasy",
        "artist": "MYTH & ROID",
        "type": "Ending 1",
        "correctCount": 71,
        "startTime": 33,
        "songDuration": 194.28,
        "songNumber": 73,
        "activePlayerCount": 165,
        "LinkVideo": "https://files.catbox.moe/b26irx.webm",
        "LinkMp3": "https://files.catbox.moe/3s6nlk.mp3",
        "annId": 18967,
        "aniListId": 98873,
        "kitsuId": 12584,
        "malId": 34161,
        "songDifficulty": 24.854950619953865,
        "vintage": "Winter 2017"
    },
    {
        "animeEng": "Miracle\u2606Girls",
        "animeRomaji": "Miracle\u2606Girls",
        "songName": "Koi no Mirai",
        "artist": "GARDEN",
        "type": "Opening 2",
        "correctCount": 3,
        "startTime": 48,
        "songDuration": 95.064,
        "songNumber": 74,
        "activePlayerCount": 167,
        "LinkVideo": "https://files.catbox.moe/9nmr21.webm",
        "LinkMp3": "https://files.catbox.moe/kea3m1.mp3",
        "annId": 808,
        "aniListId": 2834,
        "kitsuId": 2588,
        "malId": 2834,
        "songDifficulty": 9.587248322147651,
        "vintage": "Winter 1993",
        "correctPlayers": [
            "hysura",
            "Rukawa11",
            "Chiya"
        ]
    },
    {
        "animeEng": "One Piece",
        "animeRomaji": "One Piece",
        "songName": "Super Powers",
        "artist": "V6",
        "type": "Opening 21",
        "correctCount": 67,
        "startTime": 45,
        "songDuration": 148.176,
        "songNumber": 75,
        "activePlayerCount": 167,
        "LinkVideo": "https://files.catbox.moe/7f33tu.webm",
        "LinkMp3": "https://files.catbox.moe/2qpwii.mp3",
        "annId": 836,
        "aniListId": 21,
        "kitsuId": 12,
        "malId": 21,
        "songDifficulty": 40.44034254461715,
        "vintage": "Fall 1999"
    },
    {
        "animeEng": "Sabikui Bisco",
        "animeRomaji": "Sabikui Bisco",
        "songName": "Fractal",
        "artist": "JUNNA",
        "type": "Insert Song",
        "correctCount": 32,
        "startTime": 53,
        "songDuration": 115.224,
        "songNumber": 76,
        "activePlayerCount": 169,
        "LinkVideo": "https://files.catbox.moe/fjzhii.webm",
        "LinkMp3": "https://files.catbox.moe/5oyj85.mp3",
        "annId": 24110,
        "aniListId": 130591,
        "kitsuId": 44189,
        "malId": 48414,
        "songDifficulty": 15.404685191536513,
        "vintage": "Winter 2022"
    },
    {
        "animeEng": "anohana: The Flower We Saw That Day",
        "animeRomaji": "Ano Hi Mita Hana no Namae o Boku-tachi wa Mada Shiranai.",
        "songName": "Circle Game",
        "artist": "Galileo Galilei",
        "type": "Ending 1",
        "correctCount": 104,
        "startTime": 235,
        "songDuration": 278.568,
        "songNumber": 77,
        "activePlayerCount": 169,
        "LinkVideo": "https://files.catbox.moe/qh0ug8.webm",
        "LinkMp3": "https://files.catbox.moe/iw7w2e.mp3",
        "annId": 15154,
        "aniListId": 15039,
        "kitsuId": 7200,
        "malId": 15039,
        "songDifficulty": 32.84429000473429,
        "vintage": "Summer 2013"
    },
    {
        "animeEng": "Butlers X Battlers",
        "animeRomaji": "Butlers: Chitose Momotose Monogatari",
        "songName": "=\"Equal\"",
        "artist": "Tatsuhisa Suzuki & Takuya Satou",
        "type": "Ending 2",
        "correctCount": 3,
        "startTime": 48,
        "songDuration": 88.057262,
        "songNumber": 78,
        "activePlayerCount": 167,
        "LinkVideo": "https://files.catbox.moe/w3jfuk.webm",
        "LinkMp3": "https://files.catbox.moe/f3tsyt.mp3",
        "annId": 20179,
        "aniListId": 100083,
        "kitsuId": 14037,
        "malId": 36309,
        "songDifficulty": 7.134320872698644,
        "vintage": "Spring 2018",
        "correctPlayers": [
            "likejaxirl",
            "Chiya",
            "Baguett"
        ]
    },
    {
        "animeEng": "Kaguya-sama: Love is War",
        "animeRomaji": "Kaguya-sama wa Kokurasetai: Tensai-tachi no Renai Zunousen",
        "songName": "Sentimental Crisis",
        "artist": "halca",
        "type": "Ending 1",
        "correctCount": 102,
        "startTime": 44,
        "songDuration": 88.776,
        "songNumber": 79,
        "activePlayerCount": 167,
        "LinkVideo": "https://files.catbox.moe/96clqj.webm",
        "LinkMp3": "https://files.catbox.moe/8zi2q4.mp3",
        "annId": 21401,
        "aniListId": 101921,
        "kitsuId": 41373,
        "malId": 37999,
        "songDifficulty": 24.83387759932672,
        "vintage": "Winter 2019"
    },
    {
        "animeEng": "Vivy: Fluorite Eye's Song",
        "animeRomaji": "Vivy: Fluorite Eye's Song",
        "songName": "Ensemble for Polaris",
        "artist": "Licca & Noa",
        "type": "Ending 2",
        "correctCount": 27,
        "startTime": 87,
        "songDuration": 163.368,
        "songNumber": 80,
        "activePlayerCount": 167,
        "LinkVideo": "https://files.catbox.moe/sdbirz.webm",
        "LinkMp3": "https://files.catbox.moe/ie7946.mp3",
        "annId": 23935,
        "aniListId": 128546,
        "kitsuId": 43933,
        "malId": 46095,
        "songDifficulty": 22.65703228712308,
        "vintage": "Spring 2021"
    },
    {
        "animeEng": "Fighting Spirit",
        "animeRomaji": "Hajime no Ippo",
        "songName": "under star",
        "artist": "Shocking Lemon",
        "type": "Opening 1",
        "correctCount": 40,
        "startTime": 24,
        "songDuration": 89.833558,
        "songNumber": 81,
        "activePlayerCount": 166,
        "LinkVideo": "https://files.catbox.moe/yj3g9y.webm",
        "LinkMp3": "https://files.catbox.moe/sowrpi.mp3",
        "annId": 1139,
        "aniListId": 263,
        "kitsuId": 238,
        "malId": 263,
        "songDifficulty": 31.658964525407477,
        "vintage": "Fall 2000"
    },
    {
        "animeEng": "Re:Zero: Starting Life in Another World",
        "animeRomaji": "Re:Zero kara Hajimeru Isekai Seikatsu",
        "songName": "Bouya no Yume yo",
        "artist": "Rie Takahashi",
        "type": "Insert Song",
        "correctCount": 75,
        "startTime": 52,
        "songDuration": 122.064,
        "songNumber": 82,
        "activePlayerCount": 167,
        "LinkVideo": "https://files.catbox.moe/gzxmuu.webm",
        "LinkMp3": "https://files.catbox.moe/g9vriv.mp3",
        "annId": 17360,
        "aniListId": 21355,
        "kitsuId": 11209,
        "malId": 31240,
        "songDifficulty": 19.77493257228878,
        "vintage": "Spring 2016"
    },
    {
        "animeEng": "Digimon Adventure 02: Revenge of Diablomon",
        "animeRomaji": "Digimon Adventure 02: Diablomon no Gyakushuu",
        "songName": "Target ~Akai Shougeki~",
        "artist": "Kouji Wada",
        "type": "Insert Song",
        "correctCount": 92,
        "startTime": 21,
        "songDuration": 94.56,
        "songNumber": 83,
        "activePlayerCount": 166,
        "LinkVideo": "https://files.catbox.moe/qa29y6.webm",
        "LinkMp3": "https://files.catbox.moe/ijaxfo.mp3",
        "annId": 1986,
        "aniListId": 2398,
        "kitsuId": 2175,
        "malId": 2398,
        "songDifficulty": 31.04666823776323,
        "vintage": "Winter 2001"
    },
    {
        "animeEng": "Chinpui",
        "animeRomaji": "Chinpui",
        "songName": "Onegai Chinpui",
        "artist": "Junko Uchida",
        "type": "Opening 1",
        "correctCount": 13,
        "startTime": 7,
        "songDuration": 68.28,
        "songNumber": 84,
        "activePlayerCount": 166,
        "LinkVideo": "https://files.catbox.moe/h9rx1q.webm",
        "LinkMp3": "https://files.catbox.moe/ae3jgt.mp3",
        "annId": 1259,
        "aniListId": 5908,
        "kitsuId": 4331,
        "malId": 5908,
        "songDifficulty": 15.029656836604095,
        "vintage": "Fall 1989"
    },
    {
        "animeEng": "Beastars",
        "animeRomaji": "Beastars",
        "songName": "Wild Side",
        "artist": "ALI",
        "type": "Opening 1",
        "correctCount": 129,
        "startTime": 32,
        "songDuration": 89.064,
        "songNumber": 85,
        "activePlayerCount": 163,
        "LinkVideo": "https://files.catbox.moe/gfllcw.webm",
        "LinkMp3": "https://files.catbox.moe/f71cx8.mp3",
        "annId": 21880,
        "aniListId": 107660,
        "kitsuId": 42147,
        "malId": 39195,
        "songDifficulty": 55.91288349498895,
        "vintage": "Fall 2019"
    }
]