[
    {
        "animeEng": "Maria\u2020Holic Alive",
        "animeRomaji": "Maria\u2020Holic Alive",
        "songName": "Dounimo Tomaranai",
        "artist": "Ame no Kisaki Shoujo Gasshou-dan",
        "type": "Ending 1",
        "correctCount": 10,
        "startTime": 41,
        "songDuration": 88.008,
        "songNumber": 1,
        "activePlayerCount": 89,
        "LinkVideo": "https://files.catbox.moe/xbwx0j.webm",
        "LinkMp3": "https://files.catbox.moe/zb9c65.mp3",
        "annId": 12090,
        "aniListId": 9712,
        "kitsuId": 5832,
        "malId": 9712,
        "songDifficulty": 14.329983043864097,
        "vintage": "Spring 2011"
    },
    {
        "animeEng": "Trava",
        "animeRomaji": "Trava",
        "songName": "SPARKLE AND SHIMMER",
        "artist": "Emi Hiraki",
        "type": "Ending 1",
        "correctCount": 0,
        "startTime": 37,
        "songDuration": 82.44,
        "songNumber": 2,
        "activePlayerCount": 92,
        "LinkVideo": "https://files.catbox.moe/5b49tx.webm",
        "LinkMp3": "https://files.catbox.moe/d0ashl.mp3",
        "annId": 4019,
        "aniListId": 1980,
        "kitsuId": 1782,
        "malId": 1980,
        "songDifficulty": 8.757982843572444,
        "vintage": "Winter 2003"
    },
    {
        "animeEng": "Scorching Ping Pong Girls",
        "animeRomaji": "Shakunetsu no Takkyuu Musume",
        "songName": "Bokura no Frontier",
        "artist": "Wake Up, Girls!",
        "type": "Ending 1",
        "correctCount": 16,
        "startTime": 44,
        "songDuration": 89.064,
        "songNumber": 3,
        "activePlayerCount": 92,
        "LinkVideo": "https://files.catbox.moe/lpe408.webm",
        "LinkMp3": "https://files.catbox.moe/lvgoer.mp3",
        "annId": 18557,
        "aniListId": 21715,
        "kitsuId": 12009,
        "malId": 33031,
        "songDifficulty": 14.549121495627572,
        "vintage": "Fall 2016"
    },
    {
        "animeEng": "Phantasy Star Online 2 Comic: Okawari",
        "animeRomaji": "Puso Ni Comi: Okawari",
        "songName": "Ni Co\u2606mmunication (Mitarashi & Tetra ver.)",
        "artist": "Rui Tanabe & Rie Hikisaka",
        "type": "Ending 1",
        "correctCount": 2,
        "startTime": 7,
        "songDuration": 95.064,
        "songNumber": 4,
        "activePlayerCount": 96,
        "LinkVideo": "https://files.catbox.moe/mee5q2.webm",
        "LinkMp3": "https://files.catbox.moe/d7l6wf.mp3",
        "annId": 23177,
        "aniListId": 117325,
        "kitsuId": null,
        "malId": 41634,
        "songDifficulty": 13.012528109491315,
        "vintage": "Spring 2020",
        "correctPlayers": [
            "recreamy",
            "Eryth"
        ]
    },
    {
        "animeEng": "Kamiari Algorithm",
        "animeRomaji": "Kamiari Algorithm",
        "songName": "Kamiari Algorithm",
        "artist": "Masayoshi Ooishi (feat.Riria.)",
        "type": "Insert Song",
        "correctCount": 22,
        "startTime": 179,
        "songDuration": 214.944,
        "songNumber": 5,
        "activePlayerCount": 97,
        "LinkVideo": "https://files.catbox.moe/bfibwl.webm",
        "LinkMp3": "https://files.catbox.moe/vr0k18.mp3",
        "annId": 24579,
        "aniListId": 132192,
        "kitsuId": null,
        "malId": 48825,
        "songDifficulty": 16.455449493838028,
        "vintage": "Winter 2021"
    },
    {
        "animeEng": "Trouble Chocolate",
        "animeRomaji": "Trouble Chocolate",
        "songName": "STAND UP",
        "artist": "ANYWAY",
        "type": "Insert Song",
        "correctCount": 8,
        "startTime": 64,
        "songDuration": 101.736,
        "songNumber": 6,
        "activePlayerCount": 96,
        "LinkVideo": "https://files.catbox.moe/gkmxle.webm",
        "LinkMp3": "https://files.catbox.moe/ymgw1f.mp3",
        "annId": 472,
        "aniListId": 744,
        "kitsuId": 667,
        "malId": 744,
        "songDifficulty": 16.738356096031023,
        "vintage": "Fall 1999"
    },
    {
        "animeEng": "Mahou Sensei Negima! OVA Natsu",
        "animeRomaji": "Mahou Sensei Negima! OVA Natsu",
        "songName": "Love\u2606Sensation",
        "artist": "Rina Satou, Akemi Kanda, Ai Nonaka",
        "type": "Opening 1",
        "correctCount": 6,
        "startTime": 22,
        "songDuration": 90.072,
        "songNumber": 7,
        "activePlayerCount": 98,
        "LinkVideo": "https://files.catbox.moe/enx94l.webm",
        "LinkMp3": "https://files.catbox.moe/m924xi.mp3",
        "annId": 7205,
        "aniListId": 1732,
        "kitsuId": 1552,
        "malId": 1732,
        "songDifficulty": 11.295139673141456,
        "vintage": "Fall 2006"
    },
    {
        "animeEng": "Lovely Muuuuuuuco!",
        "animeRomaji": "Itoshi no Muco",
        "songName": "SUKI!SUKI!SUKI!",
        "artist": "Hitomi Yoshida",
        "type": "Opening 1",
        "correctCount": 4,
        "startTime": 45,
        "songDuration": 89.28,
        "songNumber": 8,
        "activePlayerCount": 101,
        "LinkVideo": "https://files.catbox.moe/lgenly.webm",
        "LinkMp3": "https://files.catbox.moe/nmavxz.mp3",
        "annId": 17043,
        "aniListId": 21228,
        "kitsuId": 10978,
        "malId": 30651,
        "songDifficulty": 10.093694239486883,
        "vintage": "Fall 2015",
        "correctPlayers": [
            "KanaHanazawa",
            "Rukawa11",
            "ArukasFrost",
            "gaaw"
        ]
    },
    {
        "animeEng": "Disgaea",
        "animeRomaji": "Makai Senki Disgaea",
        "songName": "Aishitageru",
        "artist": "LOVERIN TAMBURIN",
        "type": "Opening 1",
        "correctCount": 8,
        "startTime": 1,
        "songDuration": 88.8,
        "songNumber": 9,
        "activePlayerCount": 101,
        "LinkVideo": "https://files.catbox.moe/z7gok1.webm",
        "LinkMp3": "https://files.catbox.moe/fqn6qr.mp3",
        "annId": 6094,
        "aniListId": 860,
        "kitsuId": 762,
        "malId": 860,
        "songDifficulty": 14.848436575170169,
        "vintage": "Spring 2006"
    },
    {
        "animeEng": "The File of Young Kindaichi",
        "animeRomaji": "Kindaichi Shounen no Jikenbo",
        "songName": "Justice",
        "artist": "Miru Takayama with TWO-MIX",
        "type": "Opening 5",
        "correctCount": 6,
        "startTime": 47,
        "songDuration": 99.504,
        "songNumber": 10,
        "activePlayerCount": 102,
        "LinkVideo": "https://files.catbox.moe/ewx0cu.webm",
        "LinkMp3": "https://files.catbox.moe/lbgal0.mp3",
        "annId": 1859,
        "aniListId": 2076,
        "kitsuId": 1875,
        "malId": 2076,
        "songDifficulty": 15.416044732675111,
        "vintage": "Spring 1997"
    },
    {
        "animeEng": "Kenka Banchou Otome: Girl Beats Boys",
        "animeRomaji": "Kenka Banchou Otome: Girl Beats Boys",
        "songName": "Gankou Signal",
        "artist": "Love Desire",
        "type": "Ending 1",
        "correctCount": 9,
        "startTime": 5,
        "songDuration": 57.48,
        "songNumber": 11,
        "activePlayerCount": 104,
        "LinkVideo": "https://files.catbox.moe/vky3t5.webm",
        "LinkMp3": "https://files.catbox.moe/g0m2hb.mp3",
        "annId": 19004,
        "aniListId": 97909,
        "kitsuId": 12821,
        "malId": 34501,
        "songDifficulty": 17.293372982838115,
        "vintage": "Spring 2017"
    },
    {
        "animeEng": "Penguindrum",
        "animeRomaji": "Mawaru Penguindrum",
        "songName": "Hai-iro no Suiyoubi",
        "artist": "Triple H",
        "type": "Ending 3",
        "correctCount": 42,
        "startTime": 4,
        "songDuration": 71.16,
        "songNumber": 12,
        "activePlayerCount": 104,
        "LinkVideo": "https://files.catbox.moe/64dew0.webm",
        "LinkMp3": "https://files.catbox.moe/xxmj5p.mp3",
        "annId": 12998,
        "aniListId": 10721,
        "kitsuId": 6318,
        "malId": 10721,
        "songDifficulty": 26.005596296555588,
        "vintage": "Summer 2011"
    },
    {
        "animeEng": "Robot Girls Z+",
        "animeRomaji": "Robot Girls Z+",
        "songName": "Tatakai no Uta",
        "artist": "Isao Sasaki",
        "type": "Insert Song",
        "correctCount": 9,
        "startTime": 8,
        "songDuration": 65.424,
        "songNumber": 13,
        "activePlayerCount": 106,
        "LinkVideo": "https://files.catbox.moe/rsmn5q.webm",
        "LinkMp3": "https://files.catbox.moe/eik99c.mp3",
        "annId": 16677,
        "aniListId": 20998,
        "kitsuId": 10307,
        "malId": 29035,
        "songDifficulty": 9.82411682387165,
        "vintage": "Spring 2015"
    },
    {
        "animeEng": "Pretty Rhythm Rainbow Live",
        "animeRomaji": "Pretty Rhythm Rainbow Live",
        "songName": "pride",
        "artist": "Tomoaki Maeno",
        "type": "Insert Song",
        "correctCount": 13,
        "startTime": 44,
        "songDuration": 163.704,
        "songNumber": 14,
        "activePlayerCount": 106,
        "LinkVideo": "https://files.catbox.moe/0gwild.webm",
        "LinkMp3": "https://files.catbox.moe/p369a6.mp3",
        "annId": 15094,
        "aniListId": 17249,
        "kitsuId": 7618,
        "malId": 17249,
        "songDifficulty": 22.472064678485577,
        "vintage": "Spring 2013"
    },
    {
        "animeEng": "Anima Yell!",
        "animeRomaji": "Anima Yell!",
        "songName": "Here We Are",
        "artist": "Kimber-Lee Jacobsen",
        "type": "Insert Song",
        "correctCount": 42,
        "startTime": 0,
        "songDuration": 28.872,
        "songNumber": 15,
        "activePlayerCount": 108,
        "LinkVideo": "https://files.catbox.moe/xqxva8.webm",
        "LinkMp3": "https://files.catbox.moe/ijhuzk.mp3",
        "annId": 21227,
        "aniListId": 101013,
        "kitsuId": 41423,
        "malId": 37206,
        "songDifficulty": 25.993928864094805,
        "vintage": "Fall 2018"
    },
    {
        "animeEng": "Food Wars! The Fourth Plate",
        "animeRomaji": "Shokugeki no Souma: Shin no Sara",
        "songName": "Chronos",
        "artist": "STEREO DIVE FOUNDATION",
        "type": "Opening 1",
        "correctCount": 41,
        "startTime": 12,
        "songDuration": 89.472,
        "songNumber": 16,
        "activePlayerCount": 108,
        "LinkVideo": "https://files.catbox.moe/b3nrlz.webm",
        "LinkMp3": "https://files.catbox.moe/ie34k1.mp3",
        "annId": 22395,
        "aniListId": 109963,
        "kitsuId": 42390,
        "malId": 39940,
        "songDifficulty": 18.625242746647192,
        "vintage": "Fall 2019"
    },
    {
        "animeEng": "Digimon Tamers",
        "animeRomaji": "Digimon Tamers",
        "songName": "The Biggest Dreamer",
        "artist": "Kouji Wada",
        "type": "Opening 1",
        "correctCount": 59,
        "startTime": 60,
        "songDuration": 89.688,
        "songNumber": 17,
        "activePlayerCount": 108,
        "LinkVideo": "https://files.catbox.moe/11r92o.webm",
        "LinkMp3": "https://files.catbox.moe/w7zr4v.mp3",
        "annId": 2171,
        "aniListId": 874,
        "kitsuId": 774,
        "malId": 874,
        "songDifficulty": 40.34226819141962,
        "vintage": "Spring 2001"
    },
    {
        "animeEng": "Jormungand",
        "animeRomaji": "Jormungand",
        "songName": "Borderland",
        "artist": "Mami Kawada",
        "type": "Opening 1",
        "correctCount": 39,
        "startTime": 36,
        "songDuration": 89.568,
        "songNumber": 18,
        "activePlayerCount": 108,
        "LinkVideo": "https://files.catbox.moe/1qkah0.webm",
        "LinkMp3": "https://files.catbox.moe/59qkhv.mp3",
        "annId": 13888,
        "aniListId": 12413,
        "kitsuId": 6726,
        "malId": 12413,
        "songDifficulty": 25.498536728879348,
        "vintage": "Spring 2012"
    },
    {
        "animeEng": "Natsu no Arashi! Season 2",
        "animeRomaji": "Natsu no Arashi! Season 2",
        "songName": "Amagigoe",
        "artist": "Kaori Nazuka",
        "type": "Insert Song",
        "correctCount": 2,
        "startTime": 90,
        "songDuration": 139.632,
        "songNumber": 19,
        "activePlayerCount": 108,
        "LinkVideo": "https://files.catbox.moe/3u9xm8.webm",
        "LinkMp3": "https://files.catbox.moe/nfag4j.mp3",
        "annId": 10944,
        "aniListId": 6712,
        "kitsuId": 4680,
        "malId": 6712,
        "songDifficulty": 11.053676672149123,
        "vintage": "Fall 2009",
        "correctPlayers": [
            "orihsdog",
            "Metanoia"
        ]
    },
    {
        "animeEng": "Onipan!",
        "animeRomaji": "Onipan!",
        "songName": "Tokimeki\u2661Wonderland",
        "artist": "Miyu Tomita",
        "type": "Insert Song",
        "correctCount": 9,
        "startTime": 23,
        "songDuration": 83.904,
        "songNumber": 20,
        "activePlayerCount": 109,
        "LinkVideo": "https://files.catbox.moe/2hze9i.webm",
        "LinkMp3": "https://files.catbox.moe/lg519t.mp3",
        "annId": 25270,
        "aniListId": 144676,
        "kitsuId": 45835,
        "malId": 50955,
        "songDifficulty": 13.480692335210488,
        "vintage": "Spring 2022"
    },
    {
        "animeEng": "SD Gundam World Sangoku Soketsuden",
        "animeRomaji": "SD Gundam World Sangoku Soketsuden",
        "songName": "Removes",
        "artist": "SWANKY DANK",
        "type": "Opening 1",
        "correctCount": 6,
        "startTime": 0,
        "songDuration": 87.408,
        "songNumber": 21,
        "activePlayerCount": 109,
        "LinkVideo": "https://files.catbox.moe/v4mmsc.webm",
        "LinkMp3": "https://files.catbox.moe/tqezrk.mp3",
        "annId": 22268,
        "aniListId": 108041,
        "kitsuId": 42472,
        "malId": 38715,
        "songDifficulty": 8.639990298877146,
        "vintage": "Summer 2019"
    },
    {
        "animeEng": "Robokko Beeton",
        "animeRomaji": "Robokko Beeton",
        "songName": "Naze? Naze? Beeton",
        "artist": "Ritsuko Ohwada",
        "type": "Ending 1",
        "correctCount": 6,
        "startTime": 23,
        "songDuration": 70.738376,
        "songNumber": 22,
        "activePlayerCount": 109,
        "LinkVideo": "https://files.catbox.moe/qb1tee.webm",
        "LinkMp3": "https://files.catbox.moe/p0qrnk.mp3",
        "annId": 2611,
        "aniListId": 20147,
        "kitsuId": 9557,
        "malId": 20147,
        "songDifficulty": 8.310530777815934,
        "vintage": "Fall 1976"
    },
    {
        "animeEng": "Zatch Bell!",
        "animeRomaji": "Konjiki no Gash Bell!!",
        "songName": "Chichi o Moge!",
        "artist": "Hiroki Takahashi",
        "type": "Insert Song",
        "correctCount": 20,
        "startTime": 24,
        "songDuration": 58.608,
        "songNumber": 23,
        "activePlayerCount": 109,
        "LinkVideo": "https://files.catbox.moe/xfuug4.webm",
        "LinkMp3": "https://files.catbox.moe/5r6jq9.mp3",
        "annId": 2290,
        "aniListId": 250,
        "kitsuId": 225,
        "malId": 250,
        "songDifficulty": 30.27329490200479,
        "vintage": "Spring 2003"
    },
    {
        "animeEng": "Princess Principal",
        "animeRomaji": "Princess Principal",
        "songName": "moonlight melody",
        "artist": "You Taichi & Akari Kageyama",
        "type": "Ending 2",
        "correctCount": 40,
        "startTime": 27,
        "songDuration": 65.04,
        "songNumber": 24,
        "activePlayerCount": 109,
        "LinkVideo": "https://files.catbox.moe/ud7wzp.webm",
        "LinkMp3": "https://files.catbox.moe/ctsu92.mp3",
        "annId": 19393,
        "aniListId": 98505,
        "kitsuId": 13261,
        "malId": 35240,
        "songDifficulty": 23.99621791560712,
        "vintage": "Summer 2017"
    },
    {
        "animeEng": "Kaguya-sama: Love is War - Ultra Romantic",
        "animeRomaji": "Kaguya-sama wa Kokurasetai: Ultra Romantic",
        "songName": "Anata no \u2661 ni Headshot!",
        "artist": "Kaon Kokudo",
        "type": "Insert Song",
        "correctCount": 36,
        "startTime": 26,
        "songDuration": 58.08,
        "songNumber": 25,
        "activePlayerCount": 110,
        "LinkVideo": "https://files.catbox.moe/h7eeez.webm",
        "LinkMp3": "https://files.catbox.moe/rq2fsy.mp3",
        "annId": 24889,
        "aniListId": 125367,
        "kitsuId": 43691,
        "malId": 43608,
        "songDifficulty": 19.493502533529234,
        "vintage": "Spring 2022"
    },
    {
        "animeEng": "To LOVE-Ru Darkness",
        "animeRomaji": "To LOVE-Ru Darkness",
        "songName": "Rakuen PROJECT",
        "artist": "Ray",
        "type": "Opening 1",
        "correctCount": 53,
        "startTime": 49,
        "songDuration": 90.121438,
        "songNumber": 26,
        "activePlayerCount": 110,
        "LinkVideo": "https://files.catbox.moe/r706tc.webm",
        "LinkMp3": "https://files.catbox.moe/jwvtnc.mp3",
        "annId": 14209,
        "aniListId": 13663,
        "kitsuId": 7007,
        "malId": 13663,
        "songDifficulty": 25.043629385464666,
        "vintage": "Fall 2012"
    },
    {
        "animeEng": "Umayuru",
        "animeRomaji": "Umayuru",
        "songName": "Yuru Paka HAPPY DAYS!",
        "artist": "Ayaka Ohashi, Chisa Kimura, Yoshino Aoyama, Meiku Harukawa, Misato Matsuoka",
        "type": "Ending 1",
        "correctCount": 22,
        "startTime": 0,
        "songDuration": 29.808,
        "songNumber": 27,
        "activePlayerCount": 110,
        "LinkVideo": "https://files.catbox.moe/6hx1tp.webm",
        "LinkMp3": "https://files.catbox.moe/rlj14e.mp3",
        "annId": 25655,
        "aniListId": 148401,
        "kitsuId": null,
        "malId": 51772,
        "songDifficulty": 23.50787853091637,
        "vintage": "Fall 2022"
    },
    {
        "animeEng": "Space Warrior Baldios",
        "animeRomaji": "Uchuu Senshi Baldios",
        "songName": "Omoide Blue Dream",
        "artist": "Keiko Toda",
        "type": "Insert Song",
        "correctCount": 0,
        "startTime": 4,
        "songDuration": 112.056,
        "songNumber": 28,
        "activePlayerCount": 111,
        "LinkVideo": "https://files.catbox.moe/m4dkw3.webm",
        "LinkMp3": "https://files.catbox.moe/iyig1b.mp3",
        "annId": 748,
        "aniListId": 4371,
        "kitsuId": 1557,
        "malId": 4371,
        "songDifficulty": 3.1895172323956587,
        "vintage": "Fall 1981"
    },
    {
        "animeEng": "March comes in like a lion",
        "animeRomaji": "3-gatsu no Lion",
        "songName": "Haru ga Kite Bokura",
        "artist": "UNISON SQUARE GARDEN",
        "type": "Opening 2",
        "correctCount": 26,
        "startTime": 59,
        "songDuration": 89.568,
        "songNumber": 29,
        "activePlayerCount": 113,
        "LinkVideo": "https://files.catbox.moe/uljxqo.webm",
        "LinkMp3": "https://files.catbox.moe/ny2p7h.mp3",
        "annId": 19356,
        "aniListId": 98478,
        "kitsuId": 13401,
        "malId": 35180,
        "songDifficulty": 27.542875400810697,
        "vintage": "Fall 2017"
    },
    {
        "animeEng": "Cardfight!! Vanguard overDress",
        "animeRomaji": "Cardfight!! Vanguard overDress",
        "songName": "ZEAL of proud",
        "artist": "Roselia",
        "type": "Ending 3",
        "correctCount": 21,
        "startTime": 5,
        "songDuration": 104.52,
        "songNumber": 30,
        "activePlayerCount": 112,
        "LinkVideo": "https://files.catbox.moe/r36uu3.webm",
        "LinkMp3": "https://files.catbox.moe/phgbrw.mp3",
        "annId": 24723,
        "aniListId": 128827,
        "kitsuId": 44521,
        "malId": 48862,
        "songDifficulty": 22.706610930808353,
        "vintage": "Fall 2021"
    },
    {
        "animeEng": "Shadows House 2nd Season",
        "animeRomaji": "Shadows House 2nd Season",
        "songName": "Masquerade",
        "artist": "ClariS",
        "type": "Ending 1",
        "correctCount": 51,
        "startTime": 19,
        "songDuration": 89.472,
        "songNumber": 31,
        "activePlayerCount": 114,
        "LinkVideo": "https://files.catbox.moe/01tphn.webm",
        "LinkMp3": "https://files.catbox.moe/0htomc.mp3",
        "annId": 24715,
        "aniListId": 139093,
        "kitsuId": 45155,
        "malId": 49782,
        "songDifficulty": 37.241365894679866,
        "vintage": "Summer 2022"
    },
    {
        "animeEng": "Eiga Precure All Stars: Minna de Utau\u266a Kiseki no Mahou!",
        "animeRomaji": "Eiga Precure All Stars: Minna de Utau\u266a Kiseki no Mahou!",
        "songName": "Miracle Go! Princess Precure",
        "artist": "Karin Isobe",
        "type": "Insert Song",
        "correctCount": 75,
        "startTime": 0,
        "songDuration": 28.21176,
        "songNumber": 32,
        "activePlayerCount": 114,
        "LinkVideo": "https://files.catbox.moe/es74d8.webm",
        "LinkMp3": "https://files.catbox.moe/msnrnr.mp3",
        "annId": 17996,
        "aniListId": 21504,
        "kitsuId": 11911,
        "malId": 32160,
        "songDifficulty": 44.83619757890186,
        "vintage": "Winter 2016"
    },
    {
        "animeEng": "Star Driver",
        "animeRomaji": "Star Driver: Kagayaki no Takuto",
        "songName": "Pride",
        "artist": "SCANDAL",
        "type": "Ending 2",
        "correctCount": 8,
        "startTime": 23,
        "songDuration": 90.504,
        "songNumber": 33,
        "activePlayerCount": 115,
        "LinkVideo": "https://files.catbox.moe/2qyda8.webm",
        "LinkMp3": "https://files.catbox.moe/t3lir8.mp3",
        "annId": 11607,
        "aniListId": 8934,
        "kitsuId": 5538,
        "malId": 8934,
        "songDifficulty": 15.207144657258064,
        "vintage": "Fall 2010"
    },
    {
        "animeEng": "Lupin the 3rd: Part 6",
        "animeRomaji": "Lupin Sansei: Part VI",
        "songName": "THEME FROM LUPIN III 2021",
        "artist": "Yuji Ohno & Lupintic Six with Friends",
        "type": "Opening 1",
        "correctCount": 26,
        "startTime": 6,
        "songDuration": 79.608,
        "songNumber": 34,
        "activePlayerCount": 118,
        "LinkVideo": "https://files.catbox.moe/a22vze.webm",
        "LinkMp3": "https://files.catbox.moe/yqkrxr.mp3",
        "annId": 24385,
        "aniListId": 134623,
        "kitsuId": 44618,
        "malId": 49040,
        "songDifficulty": 24.480248159745113,
        "vintage": "Fall 2021"
    },
    {
        "animeEng": "Oreca Battle",
        "animeRomaji": "Oreca Battle",
        "songName": "Oreca Omaeka Genkai Battle!!",
        "artist": "Akira Kushida",
        "type": "Opening 1",
        "correctCount": 8,
        "startTime": 37,
        "songDuration": 79.056,
        "songNumber": 35,
        "activePlayerCount": 118,
        "LinkVideo": "https://files.catbox.moe/klqgcl.webm",
        "LinkMp3": "https://files.catbox.moe/tlcgxi.mp3",
        "annId": 15913,
        "aniListId": 20699,
        "kitsuId": 8395,
        "malId": 22735,
        "songDifficulty": 8.014224554953561,
        "vintage": "Spring 2014"
    },
    {
        "animeEng": "All Purpose Cultural Cat Girl Nuku Nuku",
        "animeRomaji": "Bannou Bunka Neko-Musume",
        "songName": "Watashi wa Koneko",
        "artist": "Megumi Hayashibara",
        "type": "Insert Song",
        "correctCount": 5,
        "startTime": 6,
        "songDuration": null,
        "songNumber": 36,
        "activePlayerCount": 118,
        "LinkVideo": "https://files.catbox.moe/b29cry.webm",
        "LinkMp3": "https://files.catbox.moe/0hclse.mp3",
        "annId": 557,
        "aniListId": 375,
        "kitsuId": 342,
        "malId": 375,
        "songDifficulty": 13.718703005795188,
        "vintage": "Winter 1998",
        "correctPlayers": [
            "KanaHanazawa",
            "Rukawa11",
            "orihsdog",
            "RyokuShaka",
            "Metanoia"
        ]
    },
    {
        "animeEng": "Carol",
        "animeRomaji": "Carol",
        "songName": "Just One Victory ~Tatta Hitori no Shouri~",
        "artist": "TM NETWORK",
        "type": "Ending 1",
        "correctCount": 5,
        "startTime": 293,
        "songDuration": 333.552,
        "songNumber": 37,
        "activePlayerCount": 117,
        "LinkVideo": "https://files.catbox.moe/8creek.webm",
        "LinkMp3": "https://files.catbox.moe/ivlkpm.mp3",
        "annId": 3225,
        "aniListId": 2054,
        "kitsuId": 1853,
        "malId": 2054,
        "songDifficulty": 13.685540644936204,
        "vintage": "Winter 1990",
        "correctPlayers": [
            "orihsdog",
            "weisslull",
            "FC2PPV_1560667",
            "tomokarin",
            "nailzie"
        ]
    },
    {
        "animeEng": "One Week Friends",
        "animeRomaji": "Isshuukan Friends.",
        "songName": "Kanade",
        "artist": "Sora Amamiya",
        "type": "Ending 1",
        "correctCount": 41,
        "startTime": 66,
        "songDuration": 107.664,
        "songNumber": 38,
        "activePlayerCount": 117,
        "LinkVideo": "https://files.catbox.moe/yt4lao.webm",
        "LinkMp3": "https://files.catbox.moe/gnlpf7.mp3",
        "annId": 15721,
        "aniListId": 20527,
        "kitsuId": 8096,
        "malId": 21327,
        "songDifficulty": 19.93944175158814,
        "vintage": "Spring 2014"
    },
    {
        "animeEng": "One Piece Episode of Sorajima",
        "animeRomaji": "One Piece Episode of Sorajima",
        "songName": "Hope",
        "artist": "Namie Amuro",
        "type": "Ending 1",
        "correctCount": 55,
        "startTime": 43,
        "songDuration": 117.731854,
        "songNumber": 39,
        "activePlayerCount": 117,
        "LinkVideo": "https://files.catbox.moe/7n5a0z.webm",
        "LinkMp3": "https://files.catbox.moe/iwgcm7.mp3",
        "annId": 20960,
        "aniListId": 101918,
        "kitsuId": 41303,
        "malId": 37902,
        "songDifficulty": 40.72655836858805,
        "vintage": "Summer 2018"
    },
    {
        "animeEng": "Fushigiboshi no\u2606Futagohime",
        "animeRomaji": "Fushigiboshi no\u2606Futagohime",
        "songName": "Princess Christmas Night",
        "artist": "Megumi Kojima, Yuuko Gotou, Tetsuya Kakihara, Junko Minagawa, Misato Fukuen, Kaori Mizuhashi, Rina Satou, Sachi Sukigara",
        "type": "Insert Song",
        "correctCount": 2,
        "startTime": 71,
        "songDuration": 141.6,
        "songNumber": 40,
        "activePlayerCount": 115,
        "LinkVideo": "https://files.catbox.moe/j4b2fx.webm",
        "LinkMp3": "https://files.catbox.moe/jwsl6p.mp3",
        "annId": 5085,
        "aniListId": 505,
        "kitsuId": 7757,
        "malId": 505,
        "songDifficulty": 8.584246669671474,
        "vintage": "Spring 2005",
        "correctPlayers": [
            "Deafness",
            "gaaw"
        ]
    },
    {
        "animeEng": "Magia Record: Puella Magi Madoka Magica Side Story",
        "animeRomaji": "Magia Record: Mahou Shoujo Madoka\u2606Magica Gaiden",
        "songName": "Uwasa Kazoe Uta",
        "artist": "Emiri Katou",
        "type": "Insert Song",
        "correctCount": 46,
        "startTime": 0,
        "songDuration": 24.072,
        "songNumber": 41,
        "activePlayerCount": 111,
        "LinkVideo": "https://files.catbox.moe/gxzlzg.webm",
        "LinkMp3": "https://files.catbox.moe/f3dxpg.mp3",
        "annId": 22009,
        "aniListId": 104051,
        "kitsuId": 42016,
        "malId": 38256,
        "songDifficulty": 34.73582832350272,
        "vintage": "Winter 2020"
    },
    {
        "animeEng": "Macross Frontier",
        "animeRomaji": "Macross Frontier",
        "songName": "Northern Cross",
        "artist": "May'n",
        "type": "Ending 8",
        "correctCount": 51,
        "startTime": 58,
        "songDuration": 88.056,
        "songNumber": 42,
        "activePlayerCount": 111,
        "LinkVideo": "https://files.catbox.moe/hqhc90.webm",
        "LinkMp3": "https://files.catbox.moe/xkddv7.mp3",
        "annId": 8586,
        "aniListId": 3572,
        "kitsuId": 3113,
        "malId": 3572,
        "songDifficulty": 38.10430877220812,
        "vintage": "Fall 2007"
    },
    {
        "animeEng": "Girls und Panzer: Daikon War!",
        "animeRomaji": "Girls und Panzer: Daikon War!",
        "songName": "Oarai no Onna",
        "artist": "Saori Oonishi",
        "type": "Insert Song",
        "correctCount": 29,
        "startTime": 11,
        "songDuration": 48.696,
        "songNumber": 43,
        "activePlayerCount": 113,
        "LinkVideo": "https://files.catbox.moe/xkd29k.webm",
        "LinkMp3": "https://files.catbox.moe/divapn.mp3",
        "annId": 24670,
        "aniListId": 144803,
        "kitsuId": 45025,
        "malId": 49690,
        "songDifficulty": 13.746234907053509,
        "vintage": "Fall 2021"
    },
    {
        "animeEng": "Cipher",
        "animeRomaji": "Cipher",
        "songName": "Footloose",
        "artist": "Wags",
        "type": "Insert Song",
        "correctCount": 8,
        "startTime": 0,
        "songDuration": 209.289464,
        "songNumber": 44,
        "activePlayerCount": 114,
        "LinkVideo": "https://files.catbox.moe/30d5wk.webm",
        "LinkMp3": "https://files.catbox.moe/ddwh7d.mp3",
        "annId": 856,
        "aniListId": 11867,
        "kitsuId": 6621,
        "malId": 11867,
        "songDifficulty": 22.30248401083394,
        "vintage": "Winter 1989"
    },
    {
        "animeEng": "Yu-Gi-Oh! 5D's",
        "animeRomaji": "Yu-Gi-Oh! 5D's",
        "songName": "Clear Mind",
        "artist": "Masaaki Endoh",
        "type": "Insert Song",
        "correctCount": 23,
        "startTime": 80,
        "songDuration": 223.296,
        "songNumber": 45,
        "activePlayerCount": 115,
        "LinkVideo": "https://files.catbox.moe/qric21.webm",
        "LinkMp3": "https://files.catbox.moe/huhyoq.mp3",
        "annId": 9404,
        "aniListId": 3972,
        "kitsuId": 3387,
        "malId": 3972,
        "songDifficulty": 24.104893078845535,
        "vintage": "Spring 2008"
    },
    {
        "animeEng": "Princess Tutu",
        "animeRomaji": "Princess Tutu",
        "songName": "Watashi no Ai wa Chiisaikeredo",
        "artist": "Ritsuko Okazaki",
        "type": "Ending 1",
        "correctCount": 31,
        "startTime": 39,
        "songDuration": 90.072,
        "songNumber": 46,
        "activePlayerCount": 115,
        "LinkVideo": "https://files.catbox.moe/ualyt5.webm",
        "LinkMp3": "https://files.catbox.moe/bvv383.mp3",
        "annId": 1267,
        "aniListId": 721,
        "kitsuId": 650,
        "malId": 721,
        "songDifficulty": 27.668720316986967,
        "vintage": "Summer 2002"
    },
    {
        "animeEng": "Kiratto Pri\u2606Chan",
        "animeRomaji": "Kiratto Pri\u2606Chan",
        "songName": "One Two Sweets",
        "artist": "Koko Hayashi",
        "type": "Insert Song",
        "correctCount": 36,
        "startTime": 57,
        "songDuration": 92.112,
        "songNumber": 47,
        "activePlayerCount": 116,
        "LinkVideo": "https://files.catbox.moe/c20w25.webm",
        "LinkMp3": "https://files.catbox.moe/6h7fgk.mp3",
        "annId": 20580,
        "aniListId": 101097,
        "kitsuId": 41141,
        "malId": 37178,
        "songDifficulty": 21.34098499597207,
        "vintage": "Spring 2018"
    },
    {
        "animeEng": "Wolf Guy",
        "animeRomaji": "Wolf Guy",
        "songName": "Kimi no Ikikata o Tsuranuite",
        "artist": "Hiroaki Igarashi",
        "type": "Opening 1",
        "correctCount": 4,
        "startTime": 22,
        "songDuration": 99.528,
        "songNumber": 48,
        "activePlayerCount": 116,
        "LinkVideo": "https://files.catbox.moe/2rwfg4.webm",
        "LinkMp3": "https://files.catbox.moe/mptsca.mp3",
        "annId": 3353,
        "aniListId": 9526,
        "kitsuId": 5775,
        "malId": 9526,
        "songDifficulty": 6.485732148666233,
        "vintage": "Fall 1992",
        "correctPlayers": [
            "KanaHanazawa",
            "Rukawa11",
            "Deafness",
            "gaaw"
        ]
    },
    {
        "animeEng": "Tsukigakirei",
        "animeRomaji": "Tsuki ga Kirei",
        "songName": "Ima Koko",
        "artist": "Nao Touyama",
        "type": "Opening 1",
        "correctCount": 51,
        "startTime": 34,
        "songDuration": 88.056,
        "songNumber": 49,
        "activePlayerCount": 116,
        "LinkVideo": "https://files.catbox.moe/t2p7vr.webm",
        "LinkMp3": "https://files.catbox.moe/d3tmna.mp3",
        "annId": 19019,
        "aniListId": 98202,
        "kitsuId": 13234,
        "malId": 34822,
        "songDifficulty": 22.36153221040189,
        "vintage": "Spring 2017"
    },
    {
        "animeEng": "Strike Witches: 501st JOINT FIGHTER WING Take Off!",
        "animeRomaji": "Strike Witches 501 Butai Hasshin Shimasu!",
        "songName": "Treasure of life",
        "artist": "Misato Fukuen",
        "type": "Ending 1",
        "correctCount": 19,
        "startTime": 52,
        "songDuration": 89.496,
        "songNumber": 50,
        "activePlayerCount": 116,
        "LinkVideo": "https://files.catbox.moe/elknc1.webm",
        "LinkMp3": "https://files.catbox.moe/o8qa0p.mp3",
        "annId": 21876,
        "aniListId": 104378,
        "kitsuId": 42074,
        "malId": 38004,
        "songDifficulty": 18.2429172031598,
        "vintage": "Spring 2019"
    },
    {
        "animeEng": "Odd Taxi",
        "animeRomaji": "Odd Taxi",
        "songName": "Choujou Koi Genshou",
        "artist": "Mystery Kiss",
        "type": "Insert Song",
        "correctCount": 17,
        "startTime": 53,
        "songDuration": 99.696,
        "songNumber": 51,
        "activePlayerCount": 117,
        "LinkVideo": "https://files.catbox.moe/oa52et.webm",
        "LinkMp3": "https://files.catbox.moe/hans08.mp3",
        "annId": 23921,
        "aniListId": 128547,
        "kitsuId": 43932,
        "malId": 46102,
        "songDifficulty": 15.979312728618707,
        "vintage": "Spring 2021"
    },
    {
        "animeEng": "Now and Then, Here and There",
        "animeRomaji": "Ima, Soko ni Iru Boku",
        "songName": "Komoriuta...",
        "artist": "Reiko Yasuhara",
        "type": "Ending 1",
        "correctCount": 8,
        "startTime": 44,
        "songDuration": 133.065468,
        "songNumber": 52,
        "activePlayerCount": 114,
        "LinkVideo": "https://files.catbox.moe/su26s1.webm",
        "LinkMp3": "https://files.catbox.moe/stskoz.mp3",
        "annId": 287,
        "aniListId": 160,
        "kitsuId": 138,
        "malId": 160,
        "songDifficulty": 12.074941090664273,
        "vintage": "Fall 1999"
    },
    {
        "animeEng": "Haikyu!! Second Season",
        "animeRomaji": "Haikyu!! Second Season",
        "songName": "FLY HIGH!!",
        "artist": "BURNOUT SYNDROMES",
        "type": "Opening 2",
        "correctCount": 64,
        "startTime": 44,
        "songDuration": 89.568,
        "songNumber": 53,
        "activePlayerCount": 115,
        "LinkVideo": "https://files.catbox.moe/xx42fp.webm",
        "LinkMp3": "https://files.catbox.moe/a8ai6u.mp3",
        "annId": 16660,
        "aniListId": 20992,
        "kitsuId": 10076,
        "malId": 28891,
        "songDifficulty": 38.196088157485214,
        "vintage": "Fall 2015"
    },
    {
        "animeEng": "Zombie Land Saga Revenge",
        "animeRomaji": "Zombie Land Saga Revenge",
        "songName": "Kagayaite",
        "artist": "FranChouChou",
        "type": "Insert Song",
        "correctCount": 30,
        "startTime": 37,
        "songDuration": 134.112,
        "songNumber": 54,
        "activePlayerCount": 115,
        "LinkVideo": "https://files.catbox.moe/sx5ck7.webm",
        "LinkMp3": "https://files.catbox.moe/nyl1pm.mp3",
        "annId": 24019,
        "aniListId": 110733,
        "kitsuId": 42467,
        "malId": 40174,
        "songDifficulty": 27.298735622462786,
        "vintage": "Spring 2021"
    },
    {
        "animeEng": "Kanon",
        "animeRomaji": "Kanon",
        "songName": "Last regrets (Acoustic Version)",
        "artist": "Lia",
        "type": "Insert Song",
        "correctCount": 23,
        "startTime": 35,
        "songDuration": 153,
        "songNumber": 55,
        "activePlayerCount": 117,
        "LinkVideo": "https://files.catbox.moe/9lo35f.webm",
        "LinkMp3": "https://files.catbox.moe/i2wg7e.mp3",
        "annId": 6431,
        "aniListId": 1530,
        "kitsuId": 122,
        "malId": 1530,
        "songDifficulty": 23.30178982594443,
        "vintage": "Summer 2006"
    },
    {
        "animeEng": "Days",
        "animeRomaji": "Days",
        "songName": "Wake We Up",
        "artist": "HOWL BE QUIET",
        "type": "Opening 1",
        "correctCount": 17,
        "startTime": 24,
        "songDuration": 88.896,
        "songNumber": 56,
        "activePlayerCount": 116,
        "LinkVideo": "https://files.catbox.moe/3s1q1b.webm",
        "LinkMp3": "https://files.catbox.moe/gt2ozy.mp3",
        "annId": 17986,
        "aniListId": 21578,
        "kitsuId": 11748,
        "malId": 32494,
        "songDifficulty": 18.75826963960316,
        "vintage": "Summer 2016"
    },
    {
        "animeEng": "Are You Lost?",
        "animeRomaji": "Sounan desu ka?",
        "songName": "Koko wa Doko",
        "artist": "Ahomushi",
        "type": "Opening 1",
        "correctCount": 61,
        "startTime": 0,
        "songDuration": 59.448,
        "songNumber": 57,
        "activePlayerCount": 117,
        "LinkVideo": "https://files.catbox.moe/z43r3v.webm",
        "LinkMp3": "https://files.catbox.moe/ywa35y.mp3",
        "annId": 21890,
        "aniListId": 108111,
        "kitsuId": 42171,
        "malId": 39456,
        "songDifficulty": 27.281801265351692,
        "vintage": "Summer 2019"
    },
    {
        "animeEng": "Moonlight Mile",
        "animeRomaji": "Moonlight Mile",
        "songName": "Scarecrow",
        "artist": "the pillows",
        "type": "Ending 1",
        "correctCount": 5,
        "startTime": 7,
        "songDuration": 87.72,
        "songNumber": 58,
        "activePlayerCount": 117,
        "LinkVideo": "https://files.catbox.moe/ty4s0f.webm",
        "LinkMp3": "https://files.catbox.moe/nb64ak.mp3",
        "annId": 7383,
        "aniListId": 1941,
        "kitsuId": 1750,
        "malId": 1941,
        "songDifficulty": 6.346827636213805,
        "vintage": "Winter 2007",
        "correctPlayers": [
            "orihsdog",
            "Deafness",
            "Ai_Haibara",
            "anonimus_opinion",
            "channina"
        ]
    },
    {
        "animeEng": "Higurashi: When They Cry - Sotsu",
        "animeRomaji": "Higurashi no Naku Koro ni Sotsu",
        "songName": "Analogy",
        "artist": "Ayane",
        "type": "Opening 1",
        "correctCount": 50,
        "startTime": 43,
        "songDuration": 90.072,
        "songNumber": 59,
        "activePlayerCount": 117,
        "LinkVideo": "https://files.catbox.moe/n1zba6.webm",
        "LinkMp3": "https://files.catbox.moe/0u280i.mp3",
        "annId": 24160,
        "aniListId": 131149,
        "kitsuId": 44184,
        "malId": 48488,
        "songDifficulty": 24.471653570443895,
        "vintage": "Summer 2021"
    },
    {
        "animeEng": "Sound! Euphonium: The Movie - Our Promise: A Brand New Day",
        "animeRomaji": "Gekijouban Hibike! Euphonium: Chikai no Finale",
        "songName": "Samba de Loves You",
        "artist": "Freshman Wind Ensemble",
        "type": "Insert Song",
        "correctCount": 24,
        "startTime": 1,
        "songDuration": 121.896,
        "songNumber": 60,
        "activePlayerCount": 115,
        "LinkVideo": "https://files.catbox.moe/695amv.webm",
        "LinkMp3": "https://files.catbox.moe/v1607p.mp3",
        "annId": 21102,
        "aniListId": 101992,
        "kitsuId": 13619,
        "malId": 35678,
        "songDifficulty": 24.42033255182626,
        "vintage": "Spring 2019"
    },
    {
        "animeEng": "Dragonar Academy",
        "animeRomaji": "Seikoku no Dragonar",
        "songName": "MOST Ijou no \"MOSTEST\"",
        "artist": "Mariya Ise, Ayane Sakura, Marina Inoue, Asuka Oogame, Asami Shimoda, Kana Hanazawa",
        "type": "Ending 3",
        "correctCount": 16,
        "startTime": 54,
        "songDuration": 90.070225,
        "songNumber": 61,
        "activePlayerCount": 112,
        "LinkVideo": "https://files.catbox.moe/xkx8us.webm",
        "LinkMp3": "https://files.catbox.moe/q1yhx5.mp3",
        "annId": 15707,
        "aniListId": 20592,
        "kitsuId": 7877,
        "malId": 21033,
        "songDifficulty": 16.562780730498723,
        "vintage": "Spring 2014"
    },
    {
        "animeEng": "Fate/stay night: Heaven's Feel I. Presage Flower",
        "animeRomaji": "Fate/stay night: Heaven's Feel I. Presage Flower",
        "songName": "Hana no Uta",
        "artist": "Aimer",
        "type": "Ending 1",
        "correctCount": 43,
        "startTime": 132,
        "songDuration": 330.05147,
        "songNumber": 62,
        "activePlayerCount": 112,
        "LinkVideo": "https://files.catbox.moe/hcpc1q.webm",
        "LinkMp3": "https://files.catbox.moe/l39yf1.mp3",
        "annId": 16166,
        "aniListId": 20791,
        "kitsuId": 8675,
        "malId": 25537,
        "songDifficulty": 22.611562439822837,
        "vintage": "Fall 2017"
    },
    {
        "animeEng": "Fate/Apocrypha",
        "animeRomaji": "Fate/Apocrypha",
        "songName": "KOE",
        "artist": "ASCA",
        "type": "Ending 2",
        "correctCount": 33,
        "startTime": 53,
        "songDuration": 89.304,
        "songNumber": 63,
        "activePlayerCount": 112,
        "LinkVideo": "https://files.catbox.moe/6hmqyw.webm",
        "LinkMp3": "https://files.catbox.moe/bq9zh1.mp3",
        "annId": 18983,
        "aniListId": 98035,
        "kitsuId": 13066,
        "malId": 34662,
        "songDifficulty": 19.969796243671794,
        "vintage": "Summer 2017"
    },
    {
        "animeEng": "Ichigo 100%",
        "animeRomaji": "Ichigo 100%",
        "songName": "IKE IKE",
        "artist": "HINOI Team",
        "type": "Ending 1",
        "correctCount": 11,
        "startTime": 10,
        "songDuration": 87.76992,
        "songNumber": 64,
        "activePlayerCount": 112,
        "LinkVideo": "https://files.catbox.moe/7746ir.webm",
        "LinkMp3": "https://files.catbox.moe/czrh9n.mp3",
        "annId": 5079,
        "aniListId": 248,
        "kitsuId": 7662,
        "malId": 248,
        "songDifficulty": 20.253385416666667,
        "vintage": "Spring 2005"
    },
    {
        "animeEng": "Danganronpa The Animation",
        "animeRomaji": "Danganronpa Kibou no Gakuen to Zetsubou no Koukousei The Animation",
        "songName": "Monokuma Ondo",
        "artist": "Sachiko Kobayashi feat. Nobuyo Ooyama",
        "type": "Opening 3",
        "correctCount": 60,
        "startTime": 49,
        "songDuration": 89.28,
        "songNumber": 65,
        "activePlayerCount": 112,
        "LinkVideo": "https://files.catbox.moe/n7h0x4.webm",
        "LinkMp3": "https://files.catbox.moe/1b4wfe.mp3",
        "annId": 14960,
        "aniListId": 16592,
        "kitsuId": 7469,
        "malId": 16592,
        "songDifficulty": 32.262432744043046,
        "vintage": "Summer 2013"
    },
    {
        "animeEng": "Tomica Heroes Jobraver: Tokusou Gattai Robo",
        "animeRomaji": "Tomica Heroes Jobraver: Tokusou Gattai Robo",
        "songName": "Tokusou Gattai! Jobraver",
        "artist": "Yusuke (from Ireisu)",
        "type": "Opening 1",
        "correctCount": 47,
        "startTime": 0,
        "songDuration": 29.52,
        "songNumber": 66,
        "activePlayerCount": 112,
        "LinkVideo": "https://files.catbox.moe/99b5wb.webm",
        "LinkMp3": "https://files.catbox.moe/dhujaj.mp3",
        "annId": 25565,
        "aniListId": null,
        "kitsuId": null,
        "malId": 51682,
        "songDifficulty": 19.861050415039063,
        "vintage": "Spring 2022"
    },
    {
        "animeEng": "Cardfight!! Vanguard: Shinemon-hen",
        "animeRomaji": "Cardfight!! Vanguard: Shinemon-hen",
        "songName": "Lead the way",
        "artist": "Aina Aiba",
        "type": "Opening 1",
        "correctCount": 7,
        "startTime": 51,
        "songDuration": 87.936,
        "songNumber": 67,
        "activePlayerCount": 112,
        "LinkVideo": "https://files.catbox.moe/mc1zft.webm",
        "LinkMp3": "https://files.catbox.moe/0jebcf.mp3",
        "annId": 22336,
        "aniListId": 111144,
        "kitsuId": 42452,
        "malId": 40167,
        "songDifficulty": 18.29145634077223,
        "vintage": "Summer 2019"
    },
    {
        "animeEng": "Bakutsuri Bar Hunter",
        "animeRomaji": "Bakutsuri Bar Hunter",
        "songName": "Bakutsuri Soul",
        "artist": "SymaG",
        "type": "Opening 1",
        "correctCount": 8,
        "startTime": 60,
        "songDuration": 89.616,
        "songNumber": 68,
        "activePlayerCount": 112,
        "LinkVideo": "https://files.catbox.moe/r0ypy1.webm",
        "LinkMp3": "https://files.catbox.moe/1nywwe.mp3",
        "annId": 21111,
        "aniListId": 102927,
        "kitsuId": 41964,
        "malId": 37117,
        "songDifficulty": 13.408776252395656,
        "vintage": "Fall 2018"
    },
    {
        "animeEng": "Marriage: Kekkon",
        "animeRomaji": "Marriage: Kekkon",
        "songName": "Aisuru Anata ni Okuru Uta",
        "artist": "Miki Kasamatsu",
        "type": "Opening 1",
        "correctCount": 6,
        "startTime": 47,
        "songDuration": 109.056,
        "songNumber": 69,
        "activePlayerCount": 112,
        "LinkVideo": "https://files.catbox.moe/os0vxe.webm",
        "LinkMp3": "https://files.catbox.moe/27k49u.mp3",
        "annId": 173,
        "aniListId": 2082,
        "kitsuId": 1881,
        "malId": 2082,
        "songDifficulty": 9.96531446717626,
        "vintage": "Winter 1996"
    },
    {
        "animeEng": "The Garden of Sinners",
        "animeRomaji": "Kara no Kyoukai",
        "songName": "snow is falling",
        "artist": "Kalafina",
        "type": "Ending 1",
        "correctCount": 37,
        "startTime": 60,
        "songDuration": null,
        "songNumber": 70,
        "activePlayerCount": 114,
        "LinkVideo": "https://files.catbox.moe/8wohdc.webm",
        "LinkMp3": "https://files.catbox.moe/fiisdu.mp3",
        "annId": 23255,
        "aniListId": 6954,
        "kitsuId": 4804,
        "malId": 6954,
        "songDifficulty": 25.567572876029477,
        "vintage": "Winter 2011"
    },
    {
        "animeEng": "Amnesia",
        "animeRomaji": "Amnesia",
        "songName": "Zoetrope",
        "artist": "Nagi Yanagi",
        "type": "Opening 1",
        "correctCount": 32,
        "startTime": 7,
        "songDuration": 88.992,
        "songNumber": 71,
        "activePlayerCount": 114,
        "LinkVideo": "https://files.catbox.moe/m0vc8t.webm",
        "LinkMp3": "https://files.catbox.moe/2vjjy1.mp3",
        "annId": 14811,
        "aniListId": 15085,
        "kitsuId": 7209,
        "malId": 15085,
        "songDifficulty": 25.07625011277517,
        "vintage": "Winter 2013"
    },
    {
        "animeEng": "Tales of Phantasia",
        "animeRomaji": "Tales of Phantasia",
        "songName": "Priere",
        "artist": "Masami Suzuki",
        "type": "Ending 1",
        "correctCount": 3,
        "startTime": 25,
        "songDuration": 130.344,
        "songNumber": 72,
        "activePlayerCount": 115,
        "LinkVideo": "https://files.catbox.moe/gpay3b.webm",
        "LinkMp3": "https://files.catbox.moe/c45h15.mp3",
        "annId": 3341,
        "aniListId": 391,
        "kitsuId": 358,
        "malId": 391,
        "songDifficulty": 10.950206300545007,
        "vintage": "Fall 2004",
        "correctPlayers": [
            "Ai_Haibara",
            "tomokarin",
            "amehaneyuki"
        ]
    },
    {
        "animeEng": "Fate/Zero",
        "animeRomaji": "Fate/Zero",
        "songName": "MEMORIA",
        "artist": "Eir Aoi",
        "type": "Ending 1",
        "correctCount": 88,
        "startTime": 44,
        "songDuration": 88.176,
        "songNumber": 73,
        "activePlayerCount": 115,
        "LinkVideo": "https://files.catbox.moe/s4m2wc.webm",
        "LinkMp3": "https://files.catbox.moe/tm88oe.mp3",
        "annId": 12376,
        "aniListId": 10087,
        "kitsuId": 6028,
        "malId": 10087,
        "songDifficulty": 33.6892718083474,
        "vintage": "Fall 2011"
    },
    {
        "animeEng": "High School Fleet Movie",
        "animeRomaji": "Haifuri Gekijouban",
        "songName": "High Free Spirits",
        "artist": "TrySail",
        "type": "Insert Song",
        "correctCount": 76,
        "startTime": 33,
        "songDuration": 90.936,
        "songNumber": 74,
        "activePlayerCount": 115,
        "LinkVideo": "https://files.catbox.moe/9mkkl4.webm",
        "LinkMp3": "https://files.catbox.moe/lcmp9j.mp3",
        "annId": 22556,
        "aniListId": 101499,
        "kitsuId": 41259,
        "malId": 37704,
        "songDifficulty": 36.42165416666667,
        "vintage": "Winter 2020"
    },
    {
        "animeEng": "Web Ghost PiPoPa",
        "animeRomaji": "Web Ghost PiPoPa",
        "songName": "Password@PIPOPA",
        "artist": "COON",
        "type": "Opening 3",
        "correctCount": 39,
        "startTime": 53,
        "songDuration": 82.848,
        "songNumber": 75,
        "activePlayerCount": 115,
        "LinkVideo": "https://files.catbox.moe/ftk7j9.webm",
        "LinkMp3": "https://files.catbox.moe/i6828f.mp3",
        "annId": 9461,
        "aniListId": 4051,
        "kitsuId": 3431,
        "malId": 4051,
        "songDifficulty": 14.683035508216395,
        "vintage": "Spring 2008"
    },
    {
        "animeEng": "Hyperdimension Neptunia",
        "animeRomaji": "Choujigen Game Neptune The Animation",
        "songName": "Kami Jigen! Fortune Material",
        "artist": "nao",
        "type": "Insert Song",
        "correctCount": 29,
        "startTime": 73,
        "songDuration": 125.184,
        "songNumber": 76,
        "activePlayerCount": 116,
        "LinkVideo": "https://files.catbox.moe/lbevxt.webm",
        "LinkMp3": "https://files.catbox.moe/5pmwfq.mp3",
        "annId": 22475,
        "aniListId": 20472,
        "kitsuId": 8071,
        "malId": 20479,
        "songDifficulty": 15.188924387305168,
        "vintage": "Winter 2014"
    },
    {
        "animeEng": "Bubble",
        "animeRomaji": "Bubble",
        "songName": "Bubble feat. Uta (TeddyLoid Remix)",
        "artist": "Eve feat. Riria.",
        "type": "Opening 1",
        "correctCount": 46,
        "startTime": 38,
        "songDuration": 88.896,
        "songNumber": 77,
        "activePlayerCount": 115,
        "LinkVideo": "https://files.catbox.moe/ogo0rr.webm",
        "LinkMp3": "https://files.catbox.moe/9hkcdn.mp3",
        "annId": 25038,
        "aniListId": 142455,
        "kitsuId": 45559,
        "malId": 50549,
        "songDifficulty": 28.67165365545701,
        "vintage": "Spring 2022"
    },
    {
        "animeEng": "Noiseman Sound Insect",
        "animeRomaji": "Onkyou Seimeitai Noiseman",
        "songName": "TREES MAKE SEEDS",
        "artist": "CRYSTAL WILLIAMS",
        "type": "Ending 1",
        "correctCount": 24,
        "startTime": 25,
        "songDuration": 134.064,
        "songNumber": 78,
        "activePlayerCount": 115,
        "LinkVideo": "https://files.catbox.moe/unrez5.webm",
        "LinkMp3": "https://files.catbox.moe/hjszj8.mp3",
        "annId": 3118,
        "aniListId": 1978,
        "kitsuId": 1780,
        "malId": 1978,
        "songDifficulty": 16.863392168209877,
        "vintage": "Fall 1997"
    },
    {
        "animeEng": "Daitarn 3",
        "animeRomaji": "Muteki Koujin Daitarn 3",
        "songName": "Come Here! Daitarn 3",
        "artist": "Makoto Fujiwara",
        "type": "Opening 1",
        "correctCount": 66,
        "startTime": 2,
        "songDuration": 87.456456,
        "songNumber": 79,
        "activePlayerCount": 114,
        "LinkVideo": "https://files.catbox.moe/v5963j.webm",
        "LinkMp3": "https://files.catbox.moe/sd8nbk.mp3",
        "annId": 1297,
        "aniListId": 3305,
        "kitsuId": 2923,
        "malId": 3305,
        "songDifficulty": 27.69403620049505,
        "vintage": "Spring 1978"
    },
    {
        "animeEng": "Fena: Pirate Princess",
        "animeRomaji": "Kaizoku Oujo",
        "songName": "Taiyou no Kouro",
        "artist": "JUNNA",
        "type": "Ending 2",
        "correctCount": 10,
        "startTime": 8,
        "songDuration": 128.328,
        "songNumber": 80,
        "activePlayerCount": 115,
        "LinkVideo": "https://files.catbox.moe/1ep1vz.webm",
        "LinkMp3": "https://files.catbox.moe/6zzjtv.mp3",
        "annId": 24461,
        "aniListId": 122052,
        "kitsuId": 43456,
        "malId": 42544,
        "songDifficulty": 19.53987382097942,
        "vintage": "Summer 2021"
    },
    {
        "animeEng": "The Quintessential Quintuplets",
        "animeRomaji": "Gotoubun no Hanayome",
        "songName": "Gobun no Ichi",
        "artist": "Nakano-ke no Itsutsugo",
        "type": "Insert Song",
        "correctCount": 36,
        "startTime": 42,
        "songDuration": 109.064425,
        "songNumber": 81,
        "activePlayerCount": 114,
        "LinkVideo": "https://files.catbox.moe/xfw5hk.webm",
        "LinkMp3": "https://files.catbox.moe/9hq8st.mp3",
        "annId": 21514,
        "aniListId": 103572,
        "kitsuId": 41966,
        "malId": 38101,
        "songDifficulty": 18.58344152089816,
        "vintage": "Winter 2019"
    },
    {
        "animeEng": "Ping Pong The Animation",
        "animeRomaji": "Ping Pong The Animation",
        "songName": "Tada Hitori",
        "artist": "Bakudan Johnny",
        "type": "Opening 1",
        "correctCount": 41,
        "startTime": 19,
        "songDuration": 89.448,
        "songNumber": 82,
        "activePlayerCount": 113,
        "LinkVideo": "https://files.catbox.moe/9rf1as.webm",
        "LinkMp3": "https://files.catbox.moe/xm1ijc.mp3",
        "annId": 15852,
        "aniListId": 20607,
        "kitsuId": 8262,
        "malId": 22135,
        "songDifficulty": 29.933953518970384,
        "vintage": "Spring 2014"
    },
    {
        "animeEng": "Nura: Rise of the Yokai Clan Jump Festa 2010 Special",
        "animeRomaji": "Nurarihyon no Mago: Gekitou Dai Futsal Taikai! Nuragumi W Cup!!",
        "songName": "Rai Rai Parade",
        "artist": "Katate\u2606SIZE",
        "type": "Ending 1",
        "correctCount": 7,
        "startTime": 41,
        "songDuration": 88.776,
        "songNumber": 83,
        "activePlayerCount": 113,
        "LinkVideo": "https://files.catbox.moe/2uerlj.webm",
        "LinkMp3": "https://files.catbox.moe/m1096v.mp3",
        "annId": 23403,
        "aniListId": 10886,
        "kitsuId": 6393,
        "malId": 10886,
        "songDifficulty": 11.316927672511312,
        "vintage": "Fall 2010"
    },
    {
        "animeEng": "Vazzrock the Animation",
        "animeRomaji": "Vazzrock the Animation",
        "songName": "Follow Me",
        "artist": "Tarusuke Shingaki",
        "type": "Ending 1",
        "correctCount": 3,
        "startTime": 58,
        "songDuration": 89.184,
        "songNumber": 84,
        "activePlayerCount": 113,
        "LinkVideo": "https://files.catbox.moe/0ws3ne.webm",
        "LinkMp3": "https://files.catbox.moe/w7i80w.mp3",
        "annId": 25695,
        "aniListId": 125910,
        "kitsuId": 46509,
        "malId": 43771,
        "songDifficulty": 21.599188306553643,
        "vintage": "Fall 2022",
        "correctPlayers": [
            "konomi",
            "suimasen",
            "channina"
        ]
    },
    {
        "animeEng": "Puella Magi Madoka Magica the Movie Part 2: Eternal",
        "animeRomaji": "Gekijouban Mahou Shoujo Madoka\u2605Magica Kouhen: Eien no Monogatari",
        "songName": "Magia [quattro]",
        "artist": "Kalafina",
        "type": "Insert Song",
        "correctCount": 25,
        "startTime": 23,
        "songDuration": 100.536,
        "songNumber": 85,
        "activePlayerCount": 113,
        "LinkVideo": "https://files.catbox.moe/1fbz02.webm",
        "LinkMp3": "https://files.catbox.moe/ay52by.mp3",
        "annId": 14364,
        "aniListId": 11979,
        "kitsuId": 6637,
        "malId": 11979,
        "songDifficulty": 26.875135228166798,
        "vintage": "Fall 2012"
    }
]