[
    {
        "animeEng": "Lensman",
        "animeRomaji": "SF Shinseiki Lensman",
        "songName": "Space Shake",
        "artist": "Yuiko Tsubokura",
        "type": "Insert Song",
        "correctCount": 1,
        "startTime": 36,
        "songDuration": 182.044218,
        "songNumber": 1,
        "activePlayerCount": 110,
        "LinkVideo": "https://files.catbox.moe/qogrct.webm",
        "LinkMp3": "https://files.catbox.moe/mpugq2.mp3",
        "annId": 2043,
        "aniListId": 2770,
        "kitsuId": 2528,
        "malId": 2770,
        "songDifficulty": 12.346802244148407,
        "vintage": "Summer 1984",
        "correctPlayers": [
            "yahallonyanpasu"
        ]
    },
    {
        "animeEng": "Futari H: The One And Only Step Up Love Story",
        "animeRomaji": "Futari Ecchi",
        "songName": "Pure Heart",
        "artist": "The Zig Zags",
        "type": "Insert Song",
        "correctCount": 0,
        "startTime": 46,
        "songDuration": 219.764386,
        "songNumber": 2,
        "activePlayerCount": 118,
        "LinkVideo": "https://files.catbox.moe/pot11l.webm",
        "LinkMp3": "https://files.catbox.moe/qspo3z.mp3",
        "annId": 16212,
        "aniListId": 21280,
        "kitsuId": 8763,
        "malId": 23985,
        "songDifficulty": 4.553785228501641,
        "vintage": "Fall 2014"
    },
    {
        "animeEng": "Alice & Zoroku",
        "animeRomaji": "Alice to Zouroku",
        "songName": "Chant",
        "artist": "toi toy toi (kotringo edition)",
        "type": "Ending 1",
        "correctCount": 19,
        "startTime": 41,
        "songDuration": 89.184,
        "songNumber": 3,
        "activePlayerCount": 123,
        "LinkVideo": "https://files.catbox.moe/1ynq5x.webm",
        "LinkMp3": "https://files.catbox.moe/tm6zre.mp3",
        "annId": 19024,
        "aniListId": 97821,
        "kitsuId": 12726,
        "malId": 34350,
        "songDifficulty": 17.723236891111483,
        "vintage": "Spring 2017"
    },
    {
        "animeEng": "Space Pirate Captain Harlock: The Mystery of the Arcadia",
        "animeRomaji": "Uchuu Kaizoku Captain Harlock: Arcadia-gou no Nazo",
        "songName": "Mukashi Mukashi",
        "artist": "Ichiro Mizuki",
        "type": "Insert Song",
        "correctCount": 6,
        "startTime": 42,
        "songDuration": 103.992,
        "songNumber": 4,
        "activePlayerCount": 123,
        "LinkVideo": "https://files.catbox.moe/pxajv3.webm",
        "LinkMp3": "https://files.catbox.moe/dhyusb.mp3",
        "annId": 2969,
        "aniListId": 2470,
        "kitsuId": 2244,
        "malId": 2470,
        "songDifficulty": 9.468222770245623,
        "vintage": "Summer 1978"
    },
    {
        "animeEng": "Aikatsu!",
        "animeRomaji": "Aikatsu!",
        "songName": "Lovely Party Collection",
        "artist": "Ruka\u30fbMona\u30fbMiki from AIKATSU\u2606STARS!",
        "type": "Insert Song",
        "correctCount": 70,
        "startTime": 39,
        "songDuration": 107.592,
        "songNumber": 5,
        "activePlayerCount": 127,
        "LinkVideo": "https://files.catbox.moe/5stiw8.webm",
        "LinkMp3": "https://files.catbox.moe/bv37qr.mp3",
        "annId": 16824,
        "aniListId": 15061,
        "kitsuId": 7205,
        "malId": 15061,
        "songDifficulty": 41.742880675887264,
        "vintage": "Fall 2015"
    },
    {
        "animeEng": "Tobidasu PriPara Mi~nna de Mezase! Idol\u2606Grand Prix",
        "animeRomaji": "Tobidasu PriPara Mi~nna de Mezase! Idol\u2606Grand Prix",
        "songName": "Pretty Prism Paradise!!!",
        "artist": "SoLaMi\u2661SMILE",
        "type": "Ending 2",
        "correctCount": 40,
        "startTime": 7,
        "songDuration": 42.6,
        "songNumber": 6,
        "activePlayerCount": 126,
        "LinkVideo": "https://files.catbox.moe/e05r4b.webm",
        "LinkMp3": "https://files.catbox.moe/iv2in9.mp3",
        "annId": 17553,
        "aniListId": 21453,
        "kitsuId": 11260,
        "malId": 31055,
        "songDifficulty": 26.422014366717637,
        "vintage": "Fall 2015"
    },
    {
        "animeEng": "Tomodachi Game",
        "animeRomaji": "Tomodachi Game",
        "songName": "Double Shuffle",
        "artist": "Nana Mizuki",
        "type": "Opening 1",
        "correctCount": 73,
        "startTime": 4,
        "songDuration": 89.184,
        "songNumber": 7,
        "activePlayerCount": 128,
        "LinkVideo": "https://files.catbox.moe/kn8db8.webm",
        "LinkMp3": "https://files.catbox.moe/85ru3w.mp3",
        "annId": 24923,
        "aniListId": 141014,
        "kitsuId": 45401,
        "malId": 50273,
        "songDifficulty": 36.55279117210682,
        "vintage": "Spring 2022"
    },
    {
        "animeEng": "Sexy Commando Side Story: You're Great! Masaru",
        "animeRomaji": "Sexy Commando Gaiden: Sugoi yo!! Masaru-san",
        "songName": "Romance",
        "artist": "PENICILLIN",
        "type": "Opening 1",
        "correctCount": 14,
        "startTime": 5,
        "songDuration": 55.224,
        "songNumber": 8,
        "activePlayerCount": 130,
        "LinkVideo": "https://files.catbox.moe/kb50pd.webm",
        "LinkMp3": "https://files.catbox.moe/6e0v32.mp3",
        "annId": 804,
        "aniListId": 582,
        "kitsuId": 538,
        "malId": 582,
        "songDifficulty": 17.728839253270348,
        "vintage": "Winter 1998"
    },
    {
        "animeEng": "Zoids Wild",
        "animeRomaji": "Zoids Wild",
        "songName": "blue moon",
        "artist": "Shoko Nakagawa",
        "type": "Ending 2",
        "correctCount": 0,
        "startTime": 3,
        "songDuration": 88.893166,
        "songNumber": 9,
        "activePlayerCount": 133,
        "LinkVideo": "https://files.catbox.moe/no9qhp.webm",
        "LinkMp3": "https://files.catbox.moe/445eyg.mp3",
        "annId": 20796,
        "aniListId": 101228,
        "kitsuId": 41088,
        "malId": 37395,
        "songDifficulty": 6.658040364583333,
        "vintage": "Summer 2018"
    },
    {
        "animeEng": "Around The World With Willy Fog",
        "animeRomaji": "Anime 80-nichikan Sekai Isshuu",
        "songName": "Sky Way",
        "artist": "Keiko Han",
        "type": "Opening 1",
        "correctCount": 1,
        "startTime": 28,
        "songDuration": 83.352,
        "songNumber": 10,
        "activePlayerCount": 133,
        "LinkVideo": "https://files.catbox.moe/7hbowi.webm",
        "LinkMp3": "https://files.catbox.moe/bdct4k.mp3",
        "annId": 1077,
        "aniListId": 2579,
        "kitsuId": 2344,
        "malId": 2579,
        "songDifficulty": 10.116660081703245,
        "vintage": "Fall 1987",
        "correctPlayers": [
            "scooter_papa"
        ]
    },
    {
        "animeEng": "Kaiji: Ultimate Survivor",
        "animeRomaji": "Kaiji: Ultimate Survivor",
        "songName": "Mirai wa Bokura no Te no Naka",
        "artist": "Masato Hagiwara with Red Bonchiris",
        "type": "Opening 1",
        "correctCount": 91,
        "startTime": 0,
        "songDuration": 48.96,
        "songNumber": 11,
        "activePlayerCount": 132,
        "LinkVideo": "https://files.catbox.moe/z093wa.webm",
        "LinkMp3": "https://files.catbox.moe/0ak740.mp3",
        "annId": 8550,
        "aniListId": 3002,
        "kitsuId": 2713,
        "malId": 3002,
        "songDifficulty": 39.08452302464753,
        "vintage": "Fall 2007"
    },
    {
        "animeEng": "Lance N' Masques",
        "animeRomaji": "Lance N' Masques",
        "songName": "Light for Knight",
        "artist": "Suzuko Mimori",
        "type": "Opening 1",
        "correctCount": 16,
        "startTime": 25,
        "songDuration": 88.44,
        "songNumber": 12,
        "activePlayerCount": 131,
        "LinkVideo": "https://files.catbox.moe/j562p6.webm",
        "LinkMp3": "https://files.catbox.moe/rb3vus.mp3",
        "annId": 16827,
        "aniListId": 20712,
        "kitsuId": 8666,
        "malId": 24011,
        "songDifficulty": 17.940560725941104,
        "vintage": "Fall 2015"
    },
    {
        "animeEng": "The Story of Cinderella",
        "animeRomaji": "Cinderella Monogatari",
        "songName": "Ai Plus Ai",
        "artist": "Judy Ongg",
        "type": "Opening 1",
        "correctCount": 4,
        "startTime": 25,
        "songDuration": 88.752,
        "songNumber": 13,
        "activePlayerCount": 131,
        "LinkVideo": "https://files.catbox.moe/x4pf9x.webm",
        "LinkMp3": "https://files.catbox.moe/80g1hb.mp3",
        "annId": 1280,
        "aniListId": 2817,
        "kitsuId": 2571,
        "malId": 2817,
        "songDifficulty": 6.794953324989678,
        "vintage": "Spring 1996",
        "correctPlayers": [
            "KaedeTakagaki",
            "Rukawa11",
            "Mimori",
            "scooter_papa"
        ]
    },
    {
        "animeEng": "Beatless",
        "animeRomaji": "Beatless",
        "songName": "Resonator",
        "artist": "halca",
        "type": "Insert Song",
        "correctCount": 19,
        "startTime": 60,
        "songDuration": 115.608,
        "songNumber": 14,
        "activePlayerCount": 129,
        "LinkVideo": "https://files.catbox.moe/7rvf6x.webm",
        "LinkMp3": "https://files.catbox.moe/ut89vm.mp3",
        "annId": 20316,
        "aniListId": 100245,
        "kitsuId": 13939,
        "malId": 36516,
        "songDifficulty": 20.078784567937326,
        "vintage": "Winter 2018"
    },
    {
        "animeEng": "My Next Life as a Villainess: All Routes Lead to Doom!",
        "animeRomaji": "Hamefura",
        "songName": "Kimi no Kage, Orange no Sora",
        "artist": "angela",
        "type": "Insert Song",
        "correctCount": 74,
        "startTime": 34,
        "songDuration": 221.04,
        "songNumber": 15,
        "activePlayerCount": 129,
        "LinkVideo": "https://files.catbox.moe/te8605.webm",
        "LinkMp3": "https://files.catbox.moe/5htosq.mp3",
        "annId": 22339,
        "aniListId": 104647,
        "kitsuId": 42277,
        "malId": 38555,
        "songDifficulty": 22.030583877525874,
        "vintage": "Spring 2020"
    },
    {
        "animeEng": "Jetter Mars",
        "animeRomaji": "Jetter Mars",
        "songName": "Mars 2015-nen",
        "artist": "Stephen Toto & Koorogi '73",
        "type": "Opening 1",
        "correctCount": 69,
        "startTime": 36,
        "songDuration": 68.648616,
        "songNumber": 16,
        "activePlayerCount": 130,
        "LinkVideo": "https://files.catbox.moe/qeyxrl.webm",
        "LinkMp3": "https://files.catbox.moe/tdfh96.mp3",
        "annId": 1086,
        "aniListId": 6087,
        "kitsuId": 4419,
        "malId": 6087,
        "songDifficulty": 23.87281425561798,
        "vintage": "Winter 1977"
    },
    {
        "animeEng": "Minami-ke",
        "animeRomaji": "Minami-ke",
        "songName": "Keikenchi Joushouchuu",
        "artist": "Rina Satou, Marina Inoue, Minori Chihara",
        "type": "Opening 1",
        "correctCount": 48,
        "startTime": 14,
        "songDuration": 89.304,
        "songNumber": 17,
        "activePlayerCount": 129,
        "LinkVideo": "https://files.catbox.moe/qunpva.webm",
        "LinkMp3": "https://files.catbox.moe/ij13dd.mp3",
        "annId": 8536,
        "aniListId": 2963,
        "kitsuId": 2681,
        "malId": 2963,
        "songDifficulty": 20.482399472643376,
        "vintage": "Fall 2007"
    },
    {
        "animeEng": "Fruits Basket",
        "animeRomaji": "Fruits Basket",
        "songName": "Serenade",
        "artist": "Ritsuko Okazaki",
        "type": "Insert Song",
        "correctCount": 35,
        "startTime": 9,
        "songDuration": 157.567904,
        "songNumber": 18,
        "activePlayerCount": 130,
        "LinkVideo": "https://files.catbox.moe/xs2enx.webm",
        "LinkMp3": "https://files.catbox.moe/zk63r2.mp3",
        "annId": 348,
        "aniListId": 120,
        "kitsuId": 99,
        "malId": 120,
        "songDifficulty": 27.24915566180935,
        "vintage": "Summer 2001"
    },
    {
        "animeEng": "The iDOLM@STER Cinderella Girls",
        "animeRomaji": "The iDOLM@STER Cinderella Girls",
        "songName": "Yuubae Present",
        "artist": "CINDERELLA PROJECT",
        "type": "Ending 2",
        "correctCount": 22,
        "startTime": 18,
        "songDuration": 89.064,
        "songNumber": 19,
        "activePlayerCount": 131,
        "LinkVideo": "https://files.catbox.moe/liwvtj.webm",
        "LinkMp3": "https://files.catbox.moe/xxeqlj.mp3",
        "annId": 16098,
        "aniListId": 20693,
        "kitsuId": 8777,
        "malId": 23587,
        "songDifficulty": 27.983393572064056,
        "vintage": "Winter 2015"
    },
    {
        "animeEng": "The World Is Still Beautiful",
        "animeRomaji": "Soredemo Sekai wa Utsukushii",
        "songName": "PROMISE",
        "artist": "Rena Maeda",
        "type": "Ending 1",
        "correctCount": 14,
        "startTime": 13,
        "songDuration": 90.048,
        "songNumber": 20,
        "activePlayerCount": 133,
        "LinkVideo": "https://files.catbox.moe/ob36v6.webm",
        "LinkMp3": "https://files.catbox.moe/msqwgg.mp3",
        "annId": 15853,
        "aniListId": 20599,
        "kitsuId": 8258,
        "malId": 22101,
        "songDifficulty": 13.413126613118548,
        "vintage": "Spring 2014"
    },
    {
        "animeEng": "Jormungand",
        "animeRomaji": "Jormungand",
        "songName": "Time to attack",
        "artist": "SANTA",
        "type": "Insert Song",
        "correctCount": 40,
        "startTime": 82,
        "songDuration": 128.676972,
        "songNumber": 21,
        "activePlayerCount": 134,
        "LinkVideo": "https://files.catbox.moe/dkm2en.webm",
        "LinkMp3": "https://files.catbox.moe/ti9frb.mp3",
        "annId": 13888,
        "aniListId": 12413,
        "kitsuId": 6726,
        "malId": 12413,
        "songDifficulty": 23.76254996026552,
        "vintage": "Spring 2012"
    },
    {
        "animeEng": "When They Cry Rei",
        "animeRomaji": "Higurashi no Naku Koro ni Rei",
        "songName": "Super scription of data",
        "artist": "Eiko Shimamiya",
        "type": "Opening 1",
        "correctCount": 53,
        "startTime": 44,
        "songDuration": 91.536,
        "songNumber": 22,
        "activePlayerCount": 135,
        "LinkVideo": "https://files.catbox.moe/a04x4b.webm",
        "LinkMp3": "https://files.catbox.moe/swvx6q.mp3",
        "annId": 9199,
        "aniListId": 3652,
        "kitsuId": 3170,
        "malId": 3652,
        "songDifficulty": 26.31596852201,
        "vintage": "Winter 2009"
    },
    {
        "animeEng": "Miru Tights",
        "animeRomaji": "Miru Tights",
        "songName": "True Days",
        "artist": "Haruka Tomatsu, Yoko Hikasa, Aya Suzaki",
        "type": "Ending 4",
        "correctCount": 44,
        "startTime": 19,
        "songDuration": 76.224,
        "songNumber": 23,
        "activePlayerCount": 136,
        "LinkVideo": "https://files.catbox.moe/snaoh2.webm",
        "LinkMp3": "https://files.catbox.moe/pynhgy.mp3",
        "annId": 22030,
        "aniListId": 106967,
        "kitsuId": 42078,
        "malId": 38935,
        "songDifficulty": 24.80470450680272,
        "vintage": "Spring 2019"
    },
    {
        "animeEng": "Fist of the North Star",
        "animeRomaji": "Hokuto no Ken",
        "songName": "Kareta Daichi",
        "artist": "Akira Kamiya",
        "type": "Insert Song",
        "correctCount": 5,
        "startTime": 25,
        "songDuration": 123.864,
        "songNumber": 24,
        "activePlayerCount": 137,
        "LinkVideo": "https://files.catbox.moe/113aad.webm",
        "LinkMp3": "https://files.catbox.moe/jnvzk9.mp3",
        "annId": 204,
        "aniListId": 967,
        "kitsuId": 857,
        "malId": 967,
        "songDifficulty": 16.883629316165123,
        "vintage": "Fall 1984",
        "correctPlayers": [
            "EruisKawaii",
            "LacusClyne",
            "Deafness",
            "yahallonyanpasu",
            "iloveyou"
        ]
    },
    {
        "animeEng": "Panda! Go, Panda!",
        "animeRomaji": "Panda Kopanda",
        "songName": "Mimi-chan to Panda Kopanda",
        "artist": "Ado Mizumori",
        "type": "Opening 1",
        "correctCount": 92,
        "startTime": 77,
        "songDuration": 118.128,
        "songNumber": 25,
        "activePlayerCount": 138,
        "LinkVideo": "https://files.catbox.moe/4q40ng.webm",
        "LinkMp3": "https://files.catbox.moe/2f02hs.mp3",
        "annId": 352,
        "aniListId": 2611,
        "kitsuId": 2375,
        "malId": 2611,
        "songDifficulty": 36.393418057663126,
        "vintage": "Fall 1972"
    },
    {
        "animeEng": "Sound! Euphonium: The Movie - Our Promise: A Brand New Day",
        "animeRomaji": "Gekijouban Hibike! Euphonium: Chikai no Finale",
        "songName": "Samba de Loves You",
        "artist": "Freshman Wind Ensemble",
        "type": "Insert Song",
        "correctCount": 25,
        "startTime": 22,
        "songDuration": 121.896,
        "songNumber": 26,
        "activePlayerCount": 139,
        "LinkVideo": "https://files.catbox.moe/695amv.webm",
        "LinkMp3": "https://files.catbox.moe/v1607p.mp3",
        "annId": 21102,
        "aniListId": 101992,
        "kitsuId": 13619,
        "malId": 35678,
        "songDifficulty": 25.191450400296016,
        "vintage": "Spring 2019"
    },
    {
        "animeEng": "Ninja Hattori",
        "animeRomaji": "Ninja Hattori-kun",
        "songName": "Ninja Hattori-kun",
        "artist": "Ayako Hori & Columbia Yurikago-kai",
        "type": "Opening 1",
        "correctCount": 58,
        "startTime": 18,
        "songDuration": 68.96208,
        "songNumber": 27,
        "activePlayerCount": 139,
        "LinkVideo": "https://files.catbox.moe/ik8qqb.webm",
        "LinkMp3": "https://files.catbox.moe/18qlyk.mp3",
        "annId": 4313,
        "aniListId": 4936,
        "kitsuId": 3858,
        "malId": 4936,
        "songDifficulty": 26.40607220548862,
        "vintage": "Summer 1981"
    },
    {
        "animeEng": "Wish Upon the Pleiades",
        "animeRomaji": "Houkago no Pleiades",
        "songName": "Koko kara, Kanata kara",
        "artist": "fragments",
        "type": "Ending 1",
        "correctCount": 14,
        "startTime": 48,
        "songDuration": 88.776,
        "songNumber": 28,
        "activePlayerCount": 139,
        "LinkVideo": "https://files.catbox.moe/8lx58y.webm",
        "LinkMp3": "https://files.catbox.moe/2zjuev.mp3",
        "annId": 16641,
        "aniListId": 17919,
        "kitsuId": 7713,
        "malId": 17919,
        "songDifficulty": 15.278797637195122,
        "vintage": "Spring 2015"
    },
    {
        "animeEng": "Rainy Cocoa in Hawaii",
        "animeRomaji": "Ame-iro Cocoa in Hawaii",
        "songName": "Hitomi wa, Ame-iro ~endless summer rainbow~",
        "artist": "Yugo Satou",
        "type": "Opening 1",
        "correctCount": 66,
        "startTime": 0,
        "songDuration": 29.51786,
        "songNumber": 29,
        "activePlayerCount": 139,
        "LinkVideo": "https://files.catbox.moe/15219s.webm",
        "LinkMp3": "https://files.catbox.moe/8h5w85.mp3",
        "annId": 18750,
        "aniListId": 21797,
        "kitsuId": 12109,
        "malId": 33245,
        "songDifficulty": 19.67124344298959,
        "vintage": "Fall 2016"
    },
    {
        "animeEng": "Zetman",
        "animeRomaji": "Zetman",
        "songName": "Tomeru",
        "artist": "Yo Hitoto",
        "type": "Ending 1",
        "correctCount": 3,
        "startTime": 48,
        "songDuration": null,
        "songNumber": 30,
        "activePlayerCount": 137,
        "LinkVideo": "https://files.catbox.moe/7sw3bu.webm",
        "LinkMp3": "https://files.catbox.moe/2ih2zr.mp3",
        "annId": 13736,
        "aniListId": 11837,
        "kitsuId": 6614,
        "malId": 11837,
        "songDifficulty": 9.84485950147167,
        "vintage": "Spring 2012",
        "correctPlayers": [
            "Rukawa11",
            "Akaze",
            "scooter_papa"
        ]
    },
    {
        "animeEng": "2.43: Seiin High School Boys Volleyball Team",
        "animeRomaji": "2.43: Seiin Koukou Danshi Volley-bu",
        "songName": "Undulation",
        "artist": "Soushi Sakiyama",
        "type": "Ending 1",
        "correctCount": 23,
        "startTime": 9,
        "songDuration": 89.352,
        "songNumber": 31,
        "activePlayerCount": 140,
        "LinkVideo": "https://files.catbox.moe/jvm91x.webm",
        "LinkMp3": "https://files.catbox.moe/yr0215.mp3",
        "annId": 23487,
        "aniListId": 113231,
        "kitsuId": 43464,
        "malId": 40679,
        "songDifficulty": 22.923794871794872,
        "vintage": "Winter 2021"
    },
    {
        "animeEng": "Show By Rock!!",
        "animeRomaji": "Show By Rock!!",
        "songName": "Seishun wa Non-Stop! Cyan ver.",
        "artist": "Plasmagica",
        "type": "Opening 1",
        "correctCount": 30,
        "startTime": 24,
        "songDuration": 99.648,
        "songNumber": 32,
        "activePlayerCount": 141,
        "LinkVideo": "https://files.catbox.moe/fwmef4.webm",
        "LinkMp3": "https://files.catbox.moe/ntlwfp.mp3",
        "annId": 16311,
        "aniListId": 20843,
        "kitsuId": 9729,
        "malId": 27441,
        "songDifficulty": 25.51204323083067,
        "vintage": "Spring 2015"
    },
    {
        "animeEng": "Crayon Shin-chan: Arashi o Yobu Eikou no Yakiniku Road",
        "animeRomaji": "Crayon Shin-chan: Arashi o Yobu Eikou no Yakiniku Road",
        "songName": "Konna Toki Koso Yakiniku ga Aru",
        "artist": "Nohara Ie All Stars",
        "type": "Ending 1",
        "correctCount": 109,
        "startTime": 35,
        "songDuration": 171.552,
        "songNumber": 33,
        "activePlayerCount": 140,
        "LinkVideo": "https://files.catbox.moe/ypuqre.webm",
        "LinkMp3": "https://files.catbox.moe/f1zo8h.mp3",
        "annId": 6749,
        "aniListId": 8363,
        "kitsuId": 5312,
        "malId": 8363,
        "songDifficulty": 30.608284521435692,
        "vintage": "Spring 2003"
    },
    {
        "animeEng": "Super Real Mahjong: Miki Kasumi Shouko no Hajimemashite",
        "animeRomaji": "Super Real Mahjong: Miki Kasumi Shouko no Hajimemashite",
        "songName": "Mune Ippai Seiippai",
        "artist": "Yumiko Shibata",
        "type": "Opening 1",
        "correctCount": 4,
        "startTime": 38,
        "songDuration": 148.824,
        "songNumber": 34,
        "activePlayerCount": 141,
        "LinkVideo": "https://files.catbox.moe/peyesq.webm",
        "LinkMp3": "https://files.catbox.moe/257yel.mp3",
        "annId": 24073,
        "aniListId": 17991,
        "kitsuId": 9644,
        "malId": 17991,
        "songDifficulty": 11.313046077806122,
        "vintage": "Winter 1990",
        "correctPlayers": [
            "LacusClyne",
            "DjCharat",
            "Rukawa11",
            "Akaze"
        ]
    },
    {
        "animeEng": "Wedding Peach DX",
        "animeRomaji": "Ai Tenshi Densetsu Wedding Peach DX",
        "songName": "Merry Angel",
        "artist": "FURIL'",
        "type": "Opening 1",
        "correctCount": 5,
        "startTime": 16,
        "songDuration": 94.896,
        "songNumber": 35,
        "activePlayerCount": 141,
        "LinkVideo": "https://files.catbox.moe/u4y7t7.webm",
        "LinkMp3": "https://files.catbox.moe/xzpj8x.mp3",
        "annId": 3148,
        "aniListId": 1957,
        "kitsuId": 1763,
        "malId": 1957,
        "songDifficulty": 11.81470194475761,
        "vintage": "Fall 1996",
        "correctPlayers": [
            "LacusClyne",
            "yahallonyanpasu",
            "KaedeTakagaki",
            "Akaze",
            "scooter_papa"
        ]
    },
    {
        "animeEng": "Mobile Suit Gundam the Origin: Advent of the Red Comet",
        "animeRomaji": "Kidou Senshi Gundam: The Origin - Zenya Akai Suisei",
        "songName": "Hisoubi",
        "artist": "LUNA SEA",
        "type": "Opening 2",
        "correctCount": 14,
        "startTime": 4,
        "songDuration": 86.045868,
        "songNumber": 36,
        "activePlayerCount": 141,
        "LinkVideo": "https://files.catbox.moe/r5w6l3.webm",
        "LinkMp3": "https://files.catbox.moe/bn8kyx.mp3",
        "annId": 21826,
        "aniListId": 108039,
        "kitsuId": 42242,
        "malId": 39592,
        "songDifficulty": 16.323010953465126,
        "vintage": "Spring 2019"
    },
    {
        "animeEng": "Cardcaptor Sakura",
        "animeRomaji": "Cardcaptor Sakura",
        "songName": "Yasashisa no Tane",
        "artist": "Junko Iwao",
        "type": "Insert Song",
        "correctCount": 23,
        "startTime": 5,
        "songDuration": 99.84,
        "songNumber": 37,
        "activePlayerCount": 140,
        "LinkVideo": "https://files.catbox.moe/v1mes2.webm",
        "LinkMp3": "https://files.catbox.moe/lq40c8.mp3",
        "annId": 126,
        "aniListId": 232,
        "kitsuId": 207,
        "malId": 232,
        "songDifficulty": 20.256204296160877,
        "vintage": "Spring 1998"
    },
    {
        "animeEng": "Haunted Junction",
        "animeRomaji": "Haunted Junction",
        "songName": "Kokoro ni Watashi ga Futari Iru",
        "artist": "Yukie Nakama",
        "type": "Opening 1",
        "correctCount": 6,
        "startTime": 7,
        "songDuration": 88.68,
        "songNumber": 38,
        "activePlayerCount": 142,
        "LinkVideo": "https://files.catbox.moe/j2t4j3.webm",
        "LinkMp3": "https://files.catbox.moe/cdcmig.mp3",
        "annId": 157,
        "aniListId": 646,
        "kitsuId": 594,
        "malId": 646,
        "songDifficulty": 5.420860506500987,
        "vintage": "Spring 1997"
    },
    {
        "animeEng": "Shirobako",
        "animeRomaji": "Shirobako",
        "songName": "I'm Sorry EXODUS",
        "artist": "TRACY",
        "type": "Opening 1",
        "correctCount": 34,
        "startTime": 27,
        "songDuration": 88.272,
        "songNumber": 39,
        "activePlayerCount": 142,
        "LinkVideo": "https://files.catbox.moe/a692yj.webm",
        "LinkMp3": "https://files.catbox.moe/pztmyh.mp3",
        "annId": 23402,
        "aniListId": 20938,
        "kitsuId": 9966,
        "malId": 28105,
        "songDifficulty": 19.666595801308684,
        "vintage": "Winter 2015"
    },
    {
        "animeEng": "Negima!",
        "animeRomaji": "Mahou Sensei Negima!",
        "songName": "Happy\u2606Material",
        "artist": "Mamiko Noto, Mai Aizawa, Junko Minagawa, Naomi Inoue, Yuka Inokuchi",
        "type": "Opening 6",
        "correctCount": 48,
        "startTime": 26,
        "songDuration": 89.28,
        "songNumber": 40,
        "activePlayerCount": 141,
        "LinkVideo": "https://files.catbox.moe/1elrtb.webm",
        "LinkMp3": "https://files.catbox.moe/1yvx2i.mp3",
        "annId": 4380,
        "aniListId": 157,
        "kitsuId": 135,
        "malId": 157,
        "songDifficulty": 29.02399734653867,
        "vintage": "Winter 2005"
    },
    {
        "animeEng": "Domestic Girlfriend",
        "animeRomaji": "Domestic na Kanojo",
        "songName": "Lilac",
        "artist": "Minami",
        "type": "Insert Song",
        "correctCount": 68,
        "startTime": 9,
        "songDuration": 93.699614,
        "songNumber": 41,
        "activePlayerCount": 140,
        "LinkVideo": "https://files.catbox.moe/y00j5j.webm",
        "LinkMp3": "https://files.catbox.moe/qtp7mn.mp3",
        "annId": 21205,
        "aniListId": 103139,
        "kitsuId": 41479,
        "malId": 37982,
        "songDifficulty": 36.00876893939394,
        "vintage": "Winter 2019"
    },
    {
        "animeEng": "KJ File",
        "animeRomaji": "KJ File",
        "songName": "Touketsu Kaijuu Ysbion",
        "artist": "Nobuhiko Kashiwara",
        "type": "Insert Song",
        "correctCount": 2,
        "startTime": 2,
        "songDuration": 31.632,
        "songNumber": 42,
        "activePlayerCount": 142,
        "LinkVideo": "https://files.catbox.moe/1210de.webm",
        "LinkMp3": "https://files.catbox.moe/187z6d.mp3",
        "annId": 25662,
        "aniListId": 148492,
        "kitsuId": null,
        "malId": 51773,
        "songDifficulty": 34.80769230769231,
        "vintage": "Summer 2022",
        "correctPlayers": [
            "EruisKawaii",
            "Rukawa11"
        ]
    },
    {
        "animeEng": "Raven of the Inner Palace",
        "animeRomaji": "Koukyuu no Karasu",
        "songName": "MYSTERIOUS",
        "artist": "Ziyoou-vachi",
        "type": "Opening 1",
        "correctCount": 25,
        "startTime": 1,
        "songDuration": 87.684,
        "songNumber": 43,
        "activePlayerCount": 143,
        "LinkVideo": "https://files.catbox.moe/ptr1u2.webm",
        "annId": 25053,
        "aniListId": 142701,
        "kitsuId": null,
        "malId": 50590,
        "songDifficulty": 29.24983869280134,
        "vintage": "Fall 2022"
    },
    {
        "animeEng": "Dr. Slump",
        "animeRomaji": "Dr. Slump & Arale-chan",
        "songName": "Ichiban Boshi Miitsuketa",
        "artist": "Ado Mizumori",
        "type": "Ending 3",
        "correctCount": 4,
        "startTime": 15,
        "songDuration": 69.672,
        "songNumber": 44,
        "activePlayerCount": 143,
        "LinkVideo": "https://files.catbox.moe/bkteno.webm",
        "LinkMp3": "https://files.catbox.moe/guiowt.mp3",
        "annId": 971,
        "aniListId": 2222,
        "kitsuId": 2013,
        "malId": 2222,
        "songDifficulty": 11.404002806930112,
        "vintage": "Spring 1981",
        "correctPlayers": [
            "shadismith",
            "wswsasd",
            "Akaze",
            "Kiishua"
        ]
    },
    {
        "animeEng": "Ayumayu Theater",
        "animeRomaji": "Ayumayu Gekijou",
        "songName": "Carry on",
        "artist": "Masaaki Endoh",
        "type": "Insert Song",
        "correctCount": 5,
        "startTime": 10,
        "songDuration": 52.531342,
        "songNumber": 45,
        "activePlayerCount": 143,
        "LinkVideo": "https://files.catbox.moe/m8lsul.webm",
        "LinkMp3": "https://files.catbox.moe/t1w8a2.mp3",
        "annId": 7217,
        "aniListId": 1856,
        "kitsuId": 1673,
        "malId": 1856,
        "songDifficulty": 12.688065334208833,
        "vintage": "Summer 2006",
        "correctPlayers": [
            "EruisKawaii",
            "Deafness",
            "scooter_papa",
            "Minifridge",
            "MaikaLover233"
        ]
    },
    {
        "animeEng": "WorldEnd: What are you doing at the end of the world? Are you busy? Will you save us?",
        "animeRomaji": "Shuumatsu Nani Shitemasu ka? Isogashii Desu ka? Sukutte Moratte Ii Desu ka?",
        "songName": "DEAREST DROP",
        "artist": "Azusa Tadokoro",
        "type": "Opening 2",
        "correctCount": 65,
        "startTime": 56,
        "songDuration": 89.568,
        "songNumber": 46,
        "activePlayerCount": 143,
        "LinkVideo": "https://files.catbox.moe/2na05f.webm",
        "LinkMp3": "https://files.catbox.moe/1qv3af.mp3",
        "annId": 18985,
        "aniListId": 21860,
        "kitsuId": 12769,
        "malId": 33502,
        "songDifficulty": 22.67076051435067,
        "vintage": "Spring 2017"
    },
    {
        "animeEng": "Unbreakable Machine-Doll",
        "animeRomaji": "Kikou Shoujo wa Kizutsukanai",
        "songName": "Maware! Setsugetsuka",
        "artist": "Uta-gumi Setsugetsuka",
        "type": "Ending 1",
        "correctCount": 96,
        "startTime": 22,
        "songDuration": 89.016,
        "songNumber": 47,
        "activePlayerCount": 141,
        "LinkVideo": "https://files.catbox.moe/guym12.webm",
        "LinkMp3": "https://files.catbox.moe/rvrlbd.mp3",
        "annId": 15107,
        "aniListId": 17247,
        "kitsuId": 7617,
        "malId": 17247,
        "songDifficulty": 38.350617127755285,
        "vintage": "Fall 2013"
    },
    {
        "animeEng": "Yokoyama Mitsuteru Sangokushi",
        "animeRomaji": "Yokoyama Mitsuteru Sangokushi",
        "songName": "STANDING ALONE",
        "artist": "FENCE OF DEFENSE",
        "type": "Ending 2",
        "correctCount": 4,
        "startTime": 16,
        "songDuration": 79.056,
        "songNumber": 48,
        "activePlayerCount": 143,
        "LinkVideo": "https://files.catbox.moe/i3fi69.webm",
        "LinkMp3": "https://files.catbox.moe/ugnh1j.mp3",
        "annId": 2663,
        "aniListId": 970,
        "kitsuId": 860,
        "malId": 970,
        "songDifficulty": 11.781044155943627,
        "vintage": "Fall 1991",
        "correctPlayers": [
            "yahallonyanpasu",
            "KaedeTakagaki",
            "Rukawa11",
            "scooter_papa"
        ]
    },
    {
        "animeEng": "Beyblade Burst",
        "animeRomaji": "Beyblade Burst",
        "songName": "Burst Finish!",
        "artist": "Tatsuyuki Kobayashi",
        "type": "Opening 1",
        "correctCount": 69,
        "startTime": 10,
        "songDuration": 88.56,
        "songNumber": 49,
        "activePlayerCount": 142,
        "LinkVideo": "https://files.catbox.moe/x1tbhn.webm",
        "LinkMp3": "https://files.catbox.moe/r6ypa8.mp3",
        "annId": 17992,
        "aniListId": 21236,
        "kitsuId": 11113,
        "malId": 31049,
        "songDifficulty": 21.535366667468256,
        "vintage": "Spring 2016"
    },
    {
        "animeEng": "AMAIM Warrior at the Borderline",
        "animeRomaji": "Kyoukai Senki",
        "songName": "enemy",
        "artist": "Blank Paper",
        "type": "Opening 1",
        "correctCount": 22,
        "startTime": 5,
        "songDuration": 88.488,
        "songNumber": 50,
        "activePlayerCount": 143,
        "LinkVideo": "https://files.catbox.moe/7uo0xf.webm",
        "LinkMp3": "https://files.catbox.moe/903pk8.mp3",
        "annId": 24151,
        "aniListId": 131005,
        "kitsuId": 44197,
        "malId": 48466,
        "songDifficulty": 17.886569453534033,
        "vintage": "Fall 2021"
    },
    {
        "animeEng": "Demon Slayer: Kimetsu no Yaiba",
        "animeRomaji": "Kimetsu no Yaiba",
        "songName": "Kamado Tanjirou no Uta",
        "artist": "Go Shiina featuring Nami Nakagawa",
        "type": "Ending 3",
        "correctCount": 93,
        "startTime": 245,
        "songDuration": 323.304,
        "songNumber": 51,
        "activePlayerCount": 143,
        "LinkVideo": "https://files.catbox.moe/4hrur7.webm",
        "LinkMp3": "https://files.catbox.moe/ohezwn.mp3",
        "annId": 21101,
        "aniListId": 101922,
        "kitsuId": 41370,
        "malId": 38000,
        "songDifficulty": 44.171191426059906,
        "vintage": "Spring 2019"
    },
    {
        "animeEng": "Wooser's Hand-to-Mouth Life: Phantasmagoric Arc",
        "animeRomaji": "Wooser no Sono Higurashi: Mugen-hen",
        "songName": "Love Me Gimme",
        "artist": "Tia",
        "type": "Insert Song",
        "correctCount": 57,
        "startTime": 0,
        "songDuration": 23.592,
        "songNumber": 52,
        "activePlayerCount": 144,
        "LinkVideo": "https://files.catbox.moe/lpx0z4.webm",
        "LinkMp3": "https://files.catbox.moe/iqgzwl.mp3",
        "annId": 16680,
        "aniListId": 20999,
        "kitsuId": 10138,
        "malId": 29017,
        "songDifficulty": 18.79900586543433,
        "vintage": "Summer 2015"
    },
    {
        "animeEng": "Camp Pikachu",
        "animeRomaji": "Pika Pika Hoshizora Camp",
        "songName": "Ano Oka o Mezashite",
        "artist": "Pokemon 5",
        "type": "Opening 1",
        "correctCount": 27,
        "startTime": 51,
        "songDuration": 82.968,
        "songNumber": 53,
        "activePlayerCount": 145,
        "LinkVideo": "https://files.catbox.moe/q13owr.webm",
        "LinkMp3": "https://files.catbox.moe/j61mmo.mp3",
        "annId": 4617,
        "aniListId": 4795,
        "kitsuId": 3789,
        "malId": 4795,
        "songDifficulty": 18.628754366646415,
        "vintage": "Summer 2002"
    },
    {
        "animeEng": "Massara",
        "animeRomaji": "Massara",
        "songName": "Massara",
        "artist": "Kiyoe Yoshioka",
        "type": "Insert Song",
        "correctCount": 14,
        "startTime": 81,
        "songDuration": 129.672,
        "songNumber": 54,
        "activePlayerCount": 145,
        "LinkVideo": "https://files.catbox.moe/f2mhii.webm",
        "LinkMp3": "https://files.catbox.moe/2q3wua.mp3",
        "annId": 25315,
        "aniListId": 142052,
        "kitsuId": null,
        "malId": 50597,
        "songDifficulty": 15.021709526909722,
        "vintage": "Fall 2021"
    },
    {
        "animeEng": "Blade Runner: Black Lotus",
        "animeRomaji": "Blade Runner: Black Lotus",
        "songName": "Feel You Now",
        "artist": "Alessia Cara",
        "type": "Opening 1",
        "correctCount": 26,
        "startTime": 4,
        "songDuration": 45.96,
        "songNumber": 55,
        "activePlayerCount": 144,
        "LinkVideo": "https://files.catbox.moe/oo0zs6.webm",
        "LinkMp3": "https://files.catbox.moe/z7m4vd.mp3",
        "annId": 24422,
        "aniListId": 105931,
        "kitsuId": 41998,
        "malId": 38749,
        "songDifficulty": 19.97367549003856,
        "vintage": "Fall 2021"
    },
    {
        "animeEng": "Aikatsu!",
        "animeRomaji": "Aikatsu!",
        "songName": "Emerald no Mahou",
        "artist": "Mona from AIKATSU\u2606STARS!",
        "type": "Insert Song",
        "correctCount": 10,
        "startTime": 7,
        "songDuration": 109.296,
        "songNumber": 56,
        "activePlayerCount": 143,
        "LinkVideo": "https://files.catbox.moe/0s5rff.webm",
        "LinkMp3": "https://files.catbox.moe/vsu2ma.mp3",
        "annId": 16165,
        "aniListId": 15061,
        "kitsuId": 7205,
        "malId": 15061,
        "songDifficulty": 19.830343022520243,
        "vintage": "Fall 2014"
    },
    {
        "animeEng": "One: Kagayaku Kisetsu e",
        "animeRomaji": "One: Kagayaku Kisetsu e",
        "songName": "Kaze no Mieru Hi",
        "artist": "Machiko Toyoshima",
        "type": "Ending 3",
        "correctCount": 2,
        "startTime": 61,
        "songDuration": 103.536,
        "songNumber": 57,
        "activePlayerCount": 143,
        "LinkVideo": "https://files.catbox.moe/rag1y7.webm",
        "LinkMp3": "https://files.catbox.moe/gfrumk.mp3",
        "annId": 56,
        "aniListId": 675,
        "kitsuId": 617,
        "malId": 675,
        "songDifficulty": 16.414033369584516,
        "vintage": "Summer 2001",
        "correctPlayers": [
            "yahallonyanpasu",
            "kaghey"
        ]
    },
    {
        "animeEng": "Demon Slayer: Kimetsu no Yaiba Mugen Train Arc",
        "animeRomaji": "Kimetsu no Yaiba: Mugen Ressha-hen",
        "songName": "Akeboshi",
        "artist": "LiSA",
        "type": "Opening 1",
        "correctCount": 70,
        "startTime": 4,
        "songDuration": 89.784,
        "songNumber": 58,
        "activePlayerCount": 144,
        "LinkVideo": "https://files.catbox.moe/t9p8wo.webm",
        "LinkMp3": "https://files.catbox.moe/7qdjgt.mp3",
        "annId": 24792,
        "aniListId": 129874,
        "kitsuId": 45249,
        "malId": 49926,
        "songDifficulty": 26.373985774028668,
        "vintage": "Fall 2021"
    },
    {
        "animeEng": "Gurren Lagann the Movie: The Lights in the Sky Are Stars",
        "animeRomaji": "Tengen Toppa Gurren Lagann: Lagann-hen",
        "songName": "Sora-iro Days -Tengen Toppa EDITION-",
        "artist": "Shoko Nakagawa",
        "type": "Insert Song",
        "correctCount": 7,
        "startTime": 69,
        "songDuration": 331.8,
        "songNumber": 59,
        "activePlayerCount": 143,
        "LinkVideo": "https://files.catbox.moe/adn8sp.webm",
        "LinkMp3": "https://files.catbox.moe/231bg3.mp3",
        "annId": 10576,
        "aniListId": 4565,
        "kitsuId": 3689,
        "malId": 4565,
        "songDifficulty": 13.407692624106808,
        "vintage": "Spring 2009"
    },
    {
        "animeEng": "Aikatsu!",
        "animeRomaji": "Aikatsu!",
        "songName": "SHINING LINE*",
        "artist": "Waka\u30fbFuuri\u30fbYuna from STAR\u2606ANIS",
        "type": "Opening 2",
        "correctCount": 53,
        "startTime": 59,
        "songDuration": 89.568,
        "songNumber": 60,
        "activePlayerCount": 144,
        "LinkVideo": "https://files.catbox.moe/v6361k.webm",
        "LinkMp3": "https://files.catbox.moe/17onnu.mp3",
        "annId": 15597,
        "aniListId": 15061,
        "kitsuId": 7205,
        "malId": 15061,
        "songDifficulty": 23.812965425531914,
        "vintage": "Fall 2013"
    },
    {
        "animeEng": "Beyblade Burst Sparking",
        "animeRomaji": "Beyblade Burst Super King",
        "songName": "Sparking Revolution",
        "artist": "Aska Tsuchiya\u30fbNaoki Endo",
        "type": "Opening 1",
        "correctCount": 27,
        "startTime": 12,
        "songDuration": 43.776,
        "songNumber": 61,
        "activePlayerCount": 145,
        "LinkVideo": "https://files.catbox.moe/0v0s6y.webm",
        "LinkMp3": "https://files.catbox.moe/4s1r75.mp3",
        "annId": 23168,
        "aniListId": 116786,
        "kitsuId": 43060,
        "malId": 41439,
        "songDifficulty": 19.84587166078629,
        "vintage": "Spring 2020"
    },
    {
        "animeEng": "Inuyasha",
        "animeRomaji": "Inuyasha",
        "songName": "Every Heart -Minna no Kimochi-",
        "artist": "BoA",
        "type": "Ending 4",
        "correctCount": 42,
        "startTime": 32,
        "songDuration": 94.368,
        "songNumber": 62,
        "activePlayerCount": 144,
        "LinkVideo": "https://files.catbox.moe/m5xjcx.webm",
        "LinkMp3": "https://files.catbox.moe/k0gk07.mp3",
        "annId": 159,
        "aniListId": 249,
        "kitsuId": 224,
        "malId": 249,
        "songDifficulty": 24.73911933126151,
        "vintage": "Fall 2000"
    },
    {
        "animeEng": "Gekijouban Jujutsu Kaisen 0",
        "animeRomaji": "Gekijouban Jujutsu Kaisen 0",
        "songName": "The Real You",
        "artist": "Toft Willingham",
        "type": "Insert Song",
        "correctCount": 1,
        "startTime": 37,
        "songDuration": 279.96,
        "songNumber": 63,
        "activePlayerCount": 144,
        "LinkVideo": "https://files.catbox.moe/7v3fdc.webm",
        "LinkMp3": "https://files.catbox.moe/akdd1e.mp3",
        "annId": 24193,
        "aniListId": 131573,
        "kitsuId": 44212,
        "malId": 48561,
        "songDifficulty": 11.944761160714286,
        "vintage": "Fall 2021",
        "correctPlayers": [
            "kainez"
        ]
    },
    {
        "animeEng": "Welcome to THE SPACE SHOW",
        "animeRomaji": "Uchuu Show e Youkoso",
        "songName": "Who I Was Born to Be",
        "artist": "Susan Boyle",
        "type": "Ending 1",
        "correctCount": 8,
        "startTime": 29,
        "songDuration": 241.104,
        "songNumber": 64,
        "activePlayerCount": 145,
        "LinkVideo": "https://files.catbox.moe/lncuzj.webm",
        "LinkMp3": "https://files.catbox.moe/x3ftky.mp3",
        "annId": 9174,
        "aniListId": 8115,
        "kitsuId": 5201,
        "malId": 8115,
        "songDifficulty": 11.8418915137816,
        "vintage": "Winter 2010"
    },
    {
        "animeEng": "Haven't You Heard? I'm Sakamoto",
        "animeRomaji": "Sakamoto desu ga?",
        "songName": "Nakushita Hibi ni Sayonara",
        "artist": "Suneohair",
        "type": "Ending 1",
        "correctCount": 34,
        "startTime": 39,
        "songDuration": 89.856,
        "songNumber": 65,
        "activePlayerCount": 146,
        "LinkVideo": "https://files.catbox.moe/4cqqu9.webm",
        "LinkMp3": "https://files.catbox.moe/2szg1v.mp3",
        "annId": 17991,
        "aniListId": 21595,
        "kitsuId": 11751,
        "malId": 32542,
        "songDifficulty": 15.562931446474087,
        "vintage": "Spring 2016"
    },
    {
        "animeEng": "Yawara! A Fashionable Judo Girl",
        "animeRomaji": "Yawara! A Fashionable Judo Girl",
        "songName": "Itsumo Soko ni Kimi ga Ita",
        "artist": "LAZY LOU's BOOGIE",
        "type": "Ending 4",
        "correctCount": 2,
        "startTime": 19,
        "songDuration": 88.992,
        "songNumber": 66,
        "activePlayerCount": 147,
        "LinkVideo": "https://files.catbox.moe/lqare1.webm",
        "LinkMp3": "https://files.catbox.moe/ea8txx.mp3",
        "annId": 1325,
        "aniListId": 691,
        "kitsuId": 632,
        "malId": 691,
        "songDifficulty": 10.027379760742187,
        "vintage": "Fall 1989",
        "correctPlayers": [
            "EruisKawaii",
            "LacusClyne"
        ]
    },
    {
        "animeEng": "Yu-Gi-Oh! Go Rush!!",
        "animeRomaji": "Yu-Gi-Oh! Go Rush!!",
        "songName": "One Way -Fresh Pop Rearrange-",
        "artist": "Toshiki Kumagai & Koko Fukushima",
        "type": "Ending 2",
        "correctCount": 7,
        "startTime": 3,
        "songDuration": 88.736,
        "songNumber": 67,
        "activePlayerCount": 147,
        "LinkVideo": "https://files.catbox.moe/vclndo.webm",
        "annId": 25064,
        "aniListId": 142842,
        "kitsuId": null,
        "malId": 50607,
        "songDifficulty": 28.571428571428573,
        "vintage": "Spring 2022"
    },
    {
        "animeEng": "One Piece",
        "animeRomaji": "One Piece",
        "songName": "New World",
        "artist": "Choo",
        "type": "Insert Song",
        "correctCount": 8,
        "startTime": 44,
        "songDuration": 116.352,
        "songNumber": 68,
        "activePlayerCount": 147,
        "LinkVideo": "https://files.catbox.moe/dvyj0f.webm",
        "LinkMp3": "https://files.catbox.moe/wu0bu3.mp3",
        "annId": 836,
        "aniListId": 21,
        "kitsuId": 12,
        "malId": 21,
        "songDifficulty": 27.079233628967724,
        "vintage": "Fall 1999"
    },
    {
        "animeEng": "Rizelmine",
        "animeRomaji": "Rizelmine",
        "songName": "Danna-sama e",
        "artist": "Rie Kugimiya",
        "type": "Ending 2",
        "correctCount": 18,
        "startTime": 55,
        "songDuration": 88.971532,
        "songNumber": 69,
        "activePlayerCount": 147,
        "LinkVideo": "https://files.catbox.moe/l2rv1p.webm",
        "LinkMp3": "https://files.catbox.moe/m0ilpo.mp3",
        "annId": 841,
        "aniListId": 197,
        "kitsuId": 174,
        "malId": 197,
        "songDifficulty": 19.74416177348726,
        "vintage": "Spring 2002"
    },
    {
        "animeEng": "Anime De Training! Xx",
        "animeRomaji": "Ani Tore!! XX: Hitotsu Yane no Shita de",
        "songName": "Cheer for You",
        "artist": "Miku Itou, Azumi Waki, Eri Suzuki, Kanon Takao, Maria Naganawa, Miyu Komaki",
        "type": "Ending 1",
        "correctCount": 17,
        "startTime": 0,
        "songDuration": 29.976,
        "songNumber": 70,
        "activePlayerCount": 147,
        "LinkVideo": "https://files.catbox.moe/90intb.webm",
        "LinkMp3": "https://files.catbox.moe/myjpvq.mp3",
        "annId": 18673,
        "aniListId": 21886,
        "kitsuId": 12459,
        "malId": 33746,
        "songDifficulty": 15.28998538138534,
        "vintage": "Fall 2016"
    },
    {
        "animeEng": "TsukiPro the Animation",
        "animeRomaji": "TsukiPro the Animation",
        "songName": "Shall We Dance?",
        "artist": "Natsuki Hanae & Yuuichirou Umehara",
        "type": "Insert Song",
        "correctCount": 8,
        "startTime": 0,
        "songDuration": 22.728,
        "songNumber": 71,
        "activePlayerCount": 146,
        "LinkVideo": "https://files.catbox.moe/uqqux5.webm",
        "LinkMp3": "https://files.catbox.moe/cbisib.mp3",
        "annId": 19898,
        "aniListId": 97904,
        "kitsuId": 13721,
        "malId": 34474,
        "songDifficulty": 13.40899856799078,
        "vintage": "Fall 2017"
    },
    {
        "animeEng": "Eureka Seven",
        "animeRomaji": "Koukyoushihen Eureka Seven",
        "songName": "Sakura",
        "artist": "NIRGILIS",
        "type": "Opening 4",
        "correctCount": 6,
        "startTime": 0,
        "songDuration": null,
        "songNumber": 72,
        "activePlayerCount": 144,
        "LinkVideo": "https://files.catbox.moe/6w5kui.webm",
        "LinkMp3": "https://files.catbox.moe/b78ucl.mp3",
        "annId": 4797,
        "aniListId": 237,
        "kitsuId": 212,
        "malId": 237,
        "songDifficulty": 26.486512942332897,
        "vintage": "Spring 2005"
    },
    {
        "animeEng": "Dimension W",
        "animeRomaji": "Dimension W",
        "songName": "Genesis",
        "artist": "STEREO DIVE FOUNDATION",
        "type": "Opening 1",
        "correctCount": 85,
        "startTime": 11,
        "songDuration": 90.072,
        "songNumber": 73,
        "activePlayerCount": 144,
        "LinkVideo": "https://files.catbox.moe/t1j3kl.webm",
        "LinkMp3": "https://files.catbox.moe/gl8vdc.mp3",
        "annId": 17285,
        "aniListId": 21256,
        "kitsuId": 11170,
        "malId": 31163,
        "songDifficulty": 36.06779550209205,
        "vintage": "Winter 2016"
    },
    {
        "animeEng": "Gigantor",
        "animeRomaji": "Tetsujin 28-gou",
        "songName": "Susume Shoutarou",
        "artist": "Nishirokugou Shounen Gasshou-dan",
        "type": "Ending 1",
        "correctCount": 65,
        "startTime": 7,
        "songDuration": 62.76,
        "songNumber": 74,
        "activePlayerCount": 145,
        "LinkVideo": "https://files.catbox.moe/c9wj0p.webm",
        "LinkMp3": "https://files.catbox.moe/xx9yar.mp3",
        "annId": 1293,
        "aniListId": 2686,
        "kitsuId": 2448,
        "malId": 2686,
        "songDifficulty": 15.145725010611205,
        "vintage": "Fall 1963"
    },
    {
        "animeEng": "Today in Class 5-2",
        "animeRomaji": "Kyou no 5 no 2",
        "songName": "Nisemono",
        "artist": "Friends",
        "type": "Opening 1",
        "correctCount": 9,
        "startTime": 0,
        "songDuration": 90,
        "songNumber": 75,
        "activePlayerCount": 145,
        "LinkVideo": "https://files.catbox.moe/nh2suw.webm",
        "LinkMp3": "https://files.catbox.moe/k6nu9p.mp3",
        "annId": 10167,
        "aniListId": 4903,
        "kitsuId": 3842,
        "malId": 4903,
        "songDifficulty": 15.49731432022319,
        "vintage": "Fall 2008"
    },
    {
        "animeEng": "City Hunter: Shinjuku Private Eyes",
        "animeRomaji": "City Hunter: Shinjuku Private Eyes",
        "songName": "MR. PRIVATE EYE",
        "artist": "Yuko Ohtaki",
        "type": "Insert Song",
        "correctCount": 16,
        "startTime": 10,
        "songDuration": 64.512,
        "songNumber": 76,
        "activePlayerCount": 145,
        "LinkVideo": "https://files.catbox.moe/ogvxkm.webm",
        "LinkMp3": "https://files.catbox.moe/ancrho.mp3",
        "annId": 21247,
        "aniListId": 101345,
        "kitsuId": 41082,
        "malId": 37516,
        "songDifficulty": 16.82829595993388,
        "vintage": "Winter 2019"
    },
    {
        "animeEng": "Sayonara Zetsubou Sensei",
        "animeRomaji": "Sayonara Zetsubou Sensei",
        "songName": "Zessei Bijin",
        "artist": "Zetsubou Shoujo-tachi",
        "type": "Ending 1",
        "correctCount": 29,
        "startTime": 45,
        "songDuration": 88.368,
        "songNumber": 77,
        "activePlayerCount": 145,
        "LinkVideo": "https://files.catbox.moe/g9mkaz.webm",
        "LinkMp3": "https://files.catbox.moe/18bb4y.mp3",
        "annId": 7767,
        "aniListId": 2605,
        "kitsuId": 2369,
        "malId": 2605,
        "songDifficulty": 21.611022960092644,
        "vintage": "Summer 2007"
    },
    {
        "animeEng": "Uncle From Another World",
        "animeRomaji": "Isekai Ojisan",
        "songName": "story",
        "artist": "Mayu Maeshima",
        "type": "Opening 1",
        "correctCount": 69,
        "startTime": 12,
        "songDuration": 88.272,
        "songNumber": 78,
        "activePlayerCount": 145,
        "LinkVideo": "https://files.catbox.moe/9ya3br.webm",
        "LinkMp3": "https://files.catbox.moe/1u3kkl.mp3",
        "annId": 24466,
        "aniListId": 135806,
        "kitsuId": 44773,
        "malId": 49220,
        "songDifficulty": 33.11499135030472,
        "vintage": "Summer 2022"
    },
    {
        "animeEng": "Chihayafuru 3",
        "animeRomaji": "Chihayafuru 3",
        "songName": "COLORFUL",
        "artist": "99RadioService",
        "type": "Opening 1",
        "correctCount": 58,
        "startTime": 22,
        "songDuration": 70.008,
        "songNumber": 79,
        "activePlayerCount": 145,
        "LinkVideo": "https://files.catbox.moe/yvkmw3.webm",
        "LinkMp3": "https://files.catbox.moe/tdvtzd.mp3",
        "annId": 21851,
        "aniListId": 101215,
        "kitsuId": 40998,
        "malId": 37379,
        "songDifficulty": 22.503824013157896,
        "vintage": "Fall 2019"
    },
    {
        "animeEng": "Girls' Last Tour",
        "animeRomaji": "Shoujo Shuumatsu Ryokou",
        "songName": "Hitomi ni Utsuru Keshiki",
        "artist": "MAYUKO & Luminous",
        "type": "Opening 1",
        "correctCount": 55,
        "startTime": 17,
        "songDuration": 69.552,
        "songNumber": 80,
        "activePlayerCount": 145,
        "LinkVideo": "https://files.catbox.moe/2a4l4k.webm",
        "LinkMp3": "https://files.catbox.moe/hwsfv1.mp3",
        "annId": 19827,
        "aniListId": 99420,
        "kitsuId": 13597,
        "malId": 35838,
        "songDifficulty": 24.612726085969427,
        "vintage": "Fall 2017"
    },
    {
        "animeEng": "Why the Hell Are You Here, Teacher!?",
        "animeRomaji": "Nande Koko ni Sensei ga!?",
        "songName": "Ringo-iro Memories",
        "artist": "Yuuko Gotou",
        "type": "Ending 2",
        "correctCount": 65,
        "startTime": 22,
        "songDuration": 59.376,
        "songNumber": 81,
        "activePlayerCount": 145,
        "LinkVideo": "https://files.catbox.moe/wfbo4r.webm",
        "LinkMp3": "https://files.catbox.moe/jvgio9.mp3",
        "annId": 21469,
        "aniListId": 104325,
        "kitsuId": 42060,
        "malId": 38397,
        "songDifficulty": 25.55941243562472,
        "vintage": "Spring 2019"
    },
    {
        "animeEng": "Bus Gamer",
        "animeRomaji": "Bus Gamer",
        "songName": "Train",
        "artist": "Kenichi Suzumura",
        "type": "Ending 1",
        "correctCount": 10,
        "startTime": 6,
        "songDuration": 88.848,
        "songNumber": 82,
        "activePlayerCount": 145,
        "LinkVideo": "https://files.catbox.moe/kw347s.webm",
        "LinkMp3": "https://files.catbox.moe/3hzlor.mp3",
        "annId": 8956,
        "aniListId": 3389,
        "kitsuId": 2976,
        "malId": 3389,
        "songDifficulty": 15.909754136029411,
        "vintage": "Winter 2008"
    },
    {
        "animeEng": "Aikatsu!",
        "animeRomaji": "Aikatsu!",
        "songName": "Alice Blue no Kiss",
        "artist": "Rey",
        "type": "Insert Song",
        "correctCount": 21,
        "startTime": 12,
        "songDuration": 43.968,
        "songNumber": 83,
        "activePlayerCount": 145,
        "LinkVideo": "https://files.catbox.moe/6p2mz4.webm",
        "LinkMp3": "https://files.catbox.moe/tbn1gq.mp3",
        "annId": 14566,
        "aniListId": 15061,
        "kitsuId": 7205,
        "malId": 15061,
        "songDifficulty": 21.213078997461928,
        "vintage": "Fall 2012"
    },
    {
        "animeEng": "Is It Wrong to Try to Pick Up Girls in a Dungeon?",
        "animeRomaji": "DanMachi",
        "songName": "Hey World",
        "artist": "Yuka Iguchi",
        "type": "Opening 1",
        "correctCount": 92,
        "startTime": 44,
        "songDuration": 89.568,
        "songNumber": 84,
        "activePlayerCount": 145,
        "LinkVideo": "https://files.catbox.moe/8tp020.webm",
        "LinkMp3": "https://files.catbox.moe/om3nxv.mp3",
        "annId": 19317,
        "aniListId": 21660,
        "kitsuId": 11851,
        "malId": 32801,
        "songDifficulty": 43.02078974895397,
        "vintage": "Fall 2016"
    },
    {
        "animeEng": "Neko Neko Fantasia",
        "animeRomaji": "Neko Neko Fantasia",
        "songName": "Neko Neko Gensoukyoku",
        "artist": "Mika Ikeuchi",
        "type": "Ending 1",
        "correctCount": 2,
        "startTime": 138,
        "songDuration": 178.056,
        "songNumber": 85,
        "activePlayerCount": 141,
        "LinkVideo": "https://files.catbox.moe/c4u2a7.webm",
        "LinkMp3": "https://files.catbox.moe/43uvo7.mp3",
        "annId": 6373,
        "aniListId": 8496,
        "kitsuId": 5361,
        "malId": 8496,
        "songDifficulty": 7.015670789740359,
        "vintage": "Fall 1991",
        "correctPlayers": [
            "exmax8",
            "scooter_papa"
        ]
    }
]