[
    {
        "animeEng": "Mobile Suit Gundam Unicorn",
        "animeRomaji": "Kidou Senshi Gundam UC",
        "songName": "RE:I AM",
        "artist": "Aimer",
        "type": "Ending 6",
        "correctCount": 40,
        "startTime": 223,
        "songDuration": 342.744,
        "songNumber": 1,
        "activePlayerCount": 83,
        "LinkVideo": "https://files.catbox.moe/hu2v5a.webm",
        "LinkMp3": "https://files.catbox.moe/5ypiew.mp3",
        "annId": 10806,
        "aniListId": 6336,
        "kitsuId": 4525,
        "malId": 6336,
        "songDifficulty": 29.867844313665547,
        "vintage": "Winter 2010"
    },
    {
        "animeEng": "Black Butler: Book of Circus",
        "animeRomaji": "Kuroshitsuji: Book of Circus",
        "songName": "ENAMEL",
        "artist": "SID",
        "type": "Opening 1",
        "correctCount": 29,
        "startTime": 42,
        "songDuration": 87.576,
        "songNumber": 2,
        "activePlayerCount": 84,
        "LinkVideo": "https://files.catbox.moe/czw10c.webm",
        "LinkMp3": "https://files.catbox.moe/7rpbhf.mp3",
        "annId": 16030,
        "aniListId": 20606,
        "kitsuId": 8268,
        "malId": 22145,
        "songDifficulty": 24.524943474386056,
        "vintage": "Summer 2014"
    },
    {
        "animeEng": "Fullmetal Alchemist: The Sacred Star of Milos",
        "animeRomaji": "Hagane no Renkinjutsushi: Milos no Seinaru Hoshi",
        "songName": "GOOD LUCK MY WAY",
        "artist": "L'Arc~en~Ciel",
        "type": "Ending 1",
        "correctCount": 15,
        "startTime": 106,
        "songDuration": 260.016,
        "songNumber": 3,
        "activePlayerCount": 84,
        "LinkVideo": "https://files.catbox.moe/tf0sj2.webm",
        "LinkMp3": "https://files.catbox.moe/hlqcwd.mp3",
        "annId": 12180,
        "aniListId": 9135,
        "kitsuId": 5613,
        "malId": 9135,
        "songDifficulty": 12.437295668740981,
        "vintage": "Summer 2011"
    },
    {
        "animeEng": "Dr. Slump",
        "animeRomaji": "Dr. Slump & Arale-chan",
        "songName": "Ara Ara Arale-chan",
        "artist": "Ado Mizumori & Koorogi '73",
        "type": "Ending 1",
        "correctCount": 43,
        "startTime": 20,
        "songDuration": 71.64,
        "songNumber": 4,
        "activePlayerCount": 85,
        "LinkVideo": "https://files.catbox.moe/2i8zl0.webm",
        "LinkMp3": "https://files.catbox.moe/b864mj.mp3",
        "annId": 971,
        "aniListId": 2222,
        "kitsuId": 2013,
        "malId": 2222,
        "songDifficulty": 19.758449388586957,
        "vintage": "Spring 1981"
    },
    {
        "animeEng": "Monster Kid",
        "animeRomaji": "Kaibutsu-kun",
        "songName": "Yukai Tsuukai Kaibutsu-kun",
        "artist": "Masako Nozawa",
        "type": "Opening 1",
        "correctCount": 79,
        "startTime": 10,
        "songDuration": 59.136,
        "songNumber": 5,
        "activePlayerCount": 84,
        "LinkVideo": "https://files.catbox.moe/gs76kf.webm",
        "LinkMp3": "https://files.catbox.moe/dpbkzb.mp3",
        "annId": 1851,
        "aniListId": 3130,
        "kitsuId": 2814,
        "malId": 3130,
        "songDifficulty": 25.21979695431472,
        "vintage": "Summer 1980"
    },
    {
        "animeEng": "Argonavis from BanG Dream!",
        "animeRomaji": "Argonavis from BanG Dream!",
        "songName": "REVOLUTION",
        "artist": "GYROAXIA",
        "type": "Insert Song",
        "correctCount": 14,
        "startTime": 68,
        "songDuration": 99.552,
        "songNumber": 6,
        "activePlayerCount": 84,
        "LinkVideo": "https://files.catbox.moe/uetgmu.webm",
        "LinkMp3": "https://files.catbox.moe/98vab9.mp3",
        "annId": 23027,
        "aniListId": 113051,
        "kitsuId": 42688,
        "malId": 40677,
        "songDifficulty": 23.2056399109543,
        "vintage": "Spring 2020"
    },
    {
        "animeEng": "Hugtto! Precure",
        "animeRomaji": "Hugtto! Precure",
        "songName": "LOVE&LOVE",
        "artist": "Nao Tamura & Yukari Tamura",
        "type": "Insert Song",
        "correctCount": 12,
        "startTime": 18,
        "songDuration": 61.464,
        "songNumber": 7,
        "activePlayerCount": 84,
        "LinkVideo": "https://files.catbox.moe/xecn4c.webm",
        "LinkMp3": "https://files.catbox.moe/1oyi79.mp3",
        "annId": 20473,
        "aniListId": 100661,
        "kitsuId": 13972,
        "malId": 36593,
        "songDifficulty": 13.566252587991718,
        "vintage": "Winter 2018"
    },
    {
        "animeEng": "Ninjala",
        "animeRomaji": "Ninjala",
        "songName": "Maybe Baby",
        "artist": "Kyary Pamyu Pamyu",
        "type": "Opening 1",
        "correctCount": 20,
        "startTime": 13,
        "songDuration": 89.112,
        "songNumber": 8,
        "activePlayerCount": 84,
        "LinkVideo": "https://files.catbox.moe/kx0wkt.webm",
        "LinkMp3": "https://files.catbox.moe/3q15c7.mp3",
        "annId": 24968,
        "aniListId": 142274,
        "kitsuId": null,
        "malId": 50418,
        "songDifficulty": 16.313132945751736,
        "vintage": "Winter 2022"
    },
    {
        "animeEng": "School Rumble: 2nd Semester",
        "animeRomaji": "School Rumble Ni Gakki",
        "songName": "Sentimental Generation",
        "artist": "Ami Tokito",
        "type": "Opening 1",
        "correctCount": 27,
        "startTime": 48,
        "songDuration": 89.568,
        "songNumber": 9,
        "activePlayerCount": 85,
        "LinkVideo": "https://files.catbox.moe/zaz3a6.webm",
        "LinkMp3": "https://files.catbox.moe/031iap.mp3",
        "annId": 6375,
        "aniListId": 846,
        "kitsuId": 750,
        "malId": 846,
        "songDifficulty": 19.875501152293158,
        "vintage": "Spring 2006"
    },
    {
        "animeEng": "Code Geass: Lelouch of the Rebellion",
        "animeRomaji": "Code Geass: Hangyaku no Lelouch",
        "songName": "Innocent Days",
        "artist": "Hitomi",
        "type": "Insert Song",
        "correctCount": 71,
        "startTime": 3,
        "songDuration": 35.424,
        "songNumber": 10,
        "activePlayerCount": 85,
        "LinkVideo": "https://files.catbox.moe/j38478.webm",
        "LinkMp3": "https://files.catbox.moe/1ekp1f.mp3",
        "annId": 6704,
        "aniListId": 1575,
        "kitsuId": 1415,
        "malId": 1575,
        "songDifficulty": 34.98274680472133,
        "vintage": "Fall 2006"
    },
    {
        "animeEng": "Wild Adapter",
        "animeRomaji": "Wild Adapter",
        "songName": "Hyouryousha",
        "artist": "Toshiyuki Morikawa & Hideo Ishikawa",
        "type": "Opening 1",
        "correctCount": 8,
        "startTime": 59,
        "songDuration": 89.76,
        "songNumber": 11,
        "activePlayerCount": 86,
        "LinkVideo": "https://files.catbox.moe/8qqpem.webm",
        "LinkMp3": "https://files.catbox.moe/4fy8aw.mp3",
        "annId": 14180,
        "aniListId": 13843,
        "kitsuId": 7046,
        "malId": 13843,
        "songDifficulty": 9.431385193565202,
        "vintage": "Winter 2014"
    },
    {
        "animeEng": "Haruka Nogizaka's Secret Purezza",
        "animeRomaji": "Nogizaka Haruka no Himitsu: Purezza",
        "songName": "Le Secret",
        "artist": "Mamiko Noto",
        "type": "Insert Song",
        "correctCount": 52,
        "startTime": 0,
        "songDuration": 24.624,
        "songNumber": 12,
        "activePlayerCount": 86,
        "LinkVideo": "https://files.catbox.moe/i5knk3.webm",
        "LinkMp3": "https://files.catbox.moe/uo8acb.mp3",
        "annId": 10619,
        "aniListId": 6023,
        "kitsuId": 4387,
        "malId": 6023,
        "songDifficulty": 23.014344296212922,
        "vintage": "Fall 2009"
    },
    {
        "animeEng": "Blassreiter",
        "animeRomaji": "Blassreiter",
        "songName": "sweet lies",
        "artist": "Kanako Itou",
        "type": "Ending 4",
        "correctCount": 10,
        "startTime": 18,
        "songDuration": 228.024,
        "songNumber": 13,
        "activePlayerCount": 86,
        "LinkVideo": "https://files.catbox.moe/hj5kl0.webm",
        "LinkMp3": "https://files.catbox.moe/tg3oxj.mp3",
        "annId": 9069,
        "aniListId": 3407,
        "kitsuId": 2989,
        "malId": 3407,
        "songDifficulty": 18.15915199669187,
        "vintage": "Spring 2008"
    },
    {
        "animeEng": "FLCL Progressive",
        "animeRomaji": "FLCL Progressive",
        "songName": "I think I can (Fool on cool version)",
        "artist": "the pillows",
        "type": "Insert Song",
        "correctCount": 19,
        "startTime": 124,
        "songDuration": 172.875396,
        "songNumber": 14,
        "activePlayerCount": 86,
        "LinkVideo": "https://files.catbox.moe/pfr4p0.webm",
        "LinkMp3": "https://files.catbox.moe/62fj2k.mp3",
        "annId": 20791,
        "aniListId": 21746,
        "kitsuId": 11961,
        "malId": 33010,
        "songDifficulty": 17.470932262569832,
        "vintage": "Summer 2018"
    },
    {
        "animeEng": "GJ Club@",
        "animeRomaji": "GJ-bu@",
        "songName": "Mousou\u2605Koukan Nikki",
        "artist": "Otome Shinto",
        "type": "Opening 1",
        "correctCount": 50,
        "startTime": 28,
        "songDuration": 88.776,
        "songNumber": 15,
        "activePlayerCount": 87,
        "LinkVideo": "https://files.catbox.moe/6r2pbb.webm",
        "LinkMp3": "https://files.catbox.moe/t22hrm.mp3",
        "annId": 15810,
        "aniListId": 20567,
        "kitsuId": 8007,
        "malId": 21635,
        "songDifficulty": 26.222349526428353,
        "vintage": "Spring 2014"
    },
    {
        "animeEng": "RErideD: Derrida, who leaps through time",
        "animeRomaji": "RErideD: Tokigoe no Derrida",
        "songName": "Toki no Tsubasa",
        "artist": "Himika Akaneya",
        "type": "Ending 3",
        "correctCount": 8,
        "startTime": 31,
        "songDuration": 88.187872,
        "songNumber": 16,
        "activePlayerCount": 87,
        "LinkVideo": "https://files.catbox.moe/6z2ctz.webm",
        "LinkMp3": "https://files.catbox.moe/y1kxw5.mp3",
        "annId": 20763,
        "aniListId": 99413,
        "kitsuId": 13613,
        "malId": 35835,
        "songDifficulty": 10.177149437393345,
        "vintage": "Fall 2018"
    },
    {
        "animeEng": "Tropical-Rouge! Pretty Cure",
        "animeRomaji": "Tropical-Rouge! Precure",
        "songName": "Viva! Spark! Tropical-Rouge! Precure",
        "artist": "Machico",
        "type": "Opening 1",
        "correctCount": 66,
        "startTime": 51,
        "songDuration": 88.824,
        "songNumber": 17,
        "activePlayerCount": 88,
        "LinkVideo": "https://files.catbox.moe/hrs4gg.webm",
        "LinkMp3": "https://files.catbox.moe/jl1q09.mp3",
        "annId": 23900,
        "aniListId": 126905,
        "kitsuId": 43821,
        "malId": 44191,
        "songDifficulty": 39.001051441977566,
        "vintage": "Winter 2021"
    },
    {
        "animeEng": "Neon Genesis Evangelion",
        "animeRomaji": "Shinseiki Evangelion",
        "songName": "Fly Me to the Moon (Aya Bossa Techno Version)",
        "artist": "Aya",
        "type": "Ending 5",
        "correctCount": 83,
        "startTime": 10,
        "songDuration": 64.296,
        "songNumber": 18,
        "activePlayerCount": 88,
        "LinkVideo": "https://files.catbox.moe/bimelr.webm",
        "LinkMp3": "https://files.catbox.moe/qe8mf5.mp3",
        "annId": 49,
        "aniListId": 30,
        "kitsuId": 21,
        "malId": 30,
        "songDifficulty": 68.6592356687898,
        "vintage": "Fall 1995"
    },
    {
        "animeEng": "Softenni!",
        "animeRomaji": "Softenni!",
        "songName": "Tsumasakidachi",
        "artist": "Kanae Itou",
        "type": "Ending 1",
        "correctCount": 15,
        "startTime": 15,
        "songDuration": 89.208,
        "songNumber": 19,
        "activePlayerCount": 88,
        "LinkVideo": "https://files.catbox.moe/0q54s1.webm",
        "LinkMp3": "https://files.catbox.moe/nhry1v.mp3",
        "annId": 12115,
        "aniListId": 10109,
        "kitsuId": 6038,
        "malId": 10109,
        "songDifficulty": 11.811921678259544,
        "vintage": "Spring 2011"
    },
    {
        "animeEng": "KJ File",
        "animeRomaji": "KJ File",
        "songName": "Kokumu Kaijuu Gesoramari",
        "artist": "Kana Hoshizaki & Nobuhiko Kashiwara",
        "type": "Insert Song",
        "correctCount": 12,
        "startTime": 3,
        "songDuration": 34.968,
        "songNumber": 20,
        "activePlayerCount": 88,
        "LinkVideo": "https://files.catbox.moe/zkn6mk.webm",
        "LinkMp3": "https://files.catbox.moe/5u5l6t.mp3",
        "annId": 25662,
        "aniListId": 148492,
        "kitsuId": null,
        "malId": 51773,
        "songDifficulty": 16.7860939366043,
        "vintage": "Summer 2022"
    },
    {
        "animeEng": "Haganai",
        "animeRomaji": "Boku wa Tomodachi ga Sukunai",
        "songName": "Zannen-kei Rinjin-bu \u2605\u2605\u2606",
        "artist": "Tomodachi Tsukuri-tai",
        "type": "Opening 1",
        "correctCount": 74,
        "startTime": 16,
        "songDuration": 89.664,
        "songNumber": 21,
        "activePlayerCount": 88,
        "LinkVideo": "https://files.catbox.moe/qwe01n.webm",
        "LinkMp3": "https://files.catbox.moe/4wzz6n.mp3",
        "annId": 12983,
        "aniListId": 10719,
        "kitsuId": 6316,
        "malId": 10719,
        "songDifficulty": 25.70933086692042,
        "vintage": "Fall 2011"
    },
    {
        "animeEng": "My Hero Academia The Movie: Two Heroes",
        "animeRomaji": "Boku no Hero Academia The Movie: Futari no Hero",
        "songName": "Long Hope Philia",
        "artist": "Masaki Suda",
        "type": "Ending 1",
        "correctCount": 40,
        "startTime": 229,
        "songDuration": 289.32,
        "songNumber": 22,
        "activePlayerCount": 88,
        "LinkVideo": "https://files.catbox.moe/58nphe.webm",
        "LinkMp3": "https://files.catbox.moe/36a74l.mp3",
        "annId": 20443,
        "aniListId": 100723,
        "kitsuId": 14084,
        "malId": 36896,
        "songDifficulty": 15.240674678911443,
        "vintage": "Summer 2018"
    },
    {
        "animeEng": "Love Live! The School Idol Movie",
        "animeRomaji": "Love Live! The School Idol Movie",
        "songName": "?\u2190HEARTBEAT",
        "artist": "Yoshino Nanjou, Aina Kusuda, Sora Tokui",
        "type": "Insert Song",
        "correctCount": 35,
        "startTime": 5,
        "songDuration": 79.056,
        "songNumber": 23,
        "activePlayerCount": 88,
        "LinkVideo": "https://files.catbox.moe/l5wuch.webm",
        "LinkMp3": "https://files.catbox.moe/x8aikd.mp3",
        "annId": 16742,
        "aniListId": 20766,
        "kitsuId": 8531,
        "malId": 24997,
        "songDifficulty": 29.120575010867203,
        "vintage": "Spring 2015"
    },
    {
        "animeEng": "Star\u2606Twinkle Precure: Hoshi no Uta ni Omoi o Komete",
        "animeRomaji": "Star\u2606Twinkle Precure: Hoshi no Uta ni Omoi o Komete",
        "songName": "Twinkle Stars",
        "artist": "Rina Chinen",
        "type": "Ending 1",
        "correctCount": 10,
        "startTime": 56,
        "songDuration": 116.304,
        "songNumber": 24,
        "activePlayerCount": 88,
        "LinkVideo": "https://files.catbox.moe/t5govr.webm",
        "LinkMp3": "https://files.catbox.moe/i7m7jt.mp3",
        "annId": 22254,
        "aniListId": 109737,
        "kitsuId": 42660,
        "malId": 38850,
        "songDifficulty": 13.89585128185046,
        "vintage": "Fall 2019"
    },
    {
        "animeEng": "Teekyuu",
        "animeRomaji": "Teekyuu",
        "songName": "Botsuraku Kizoku no Tame no Teekyuu",
        "artist": "Yui Watanabe",
        "type": "Opening 1",
        "correctCount": 86,
        "startTime": 0,
        "songDuration": 29.88,
        "songNumber": 25,
        "activePlayerCount": 88,
        "LinkVideo": "https://files.catbox.moe/i8atlw.webm",
        "LinkMp3": "https://files.catbox.moe/mybe4o.mp3",
        "annId": 14613,
        "aniListId": 15125,
        "kitsuId": 7217,
        "malId": 15125,
        "songDifficulty": 44.88385975890916,
        "vintage": "Fall 2012"
    },
    {
        "animeEng": "Vandread Turbulence",
        "animeRomaji": "Vandread Gekitou-hen",
        "songName": "JUSTICE",
        "artist": "Aki Kudou",
        "type": "Insert Song",
        "correctCount": 29,
        "startTime": 24,
        "songDuration": 85.488,
        "songNumber": 26,
        "activePlayerCount": 88,
        "LinkVideo": "https://files.catbox.moe/w0hhub.webm",
        "LinkMp3": "https://files.catbox.moe/wtzyr1.mp3",
        "annId": 2344,
        "aniListId": 1111,
        "kitsuId": 996,
        "malId": 1111,
        "songDifficulty": 17.016247449925817,
        "vintage": "Fall 2002"
    },
    {
        "animeEng": "Ace of the Diamond",
        "animeRomaji": "Daiya no Ace",
        "songName": "Perfect HERO",
        "artist": "Tom-H@ck featuring Masayoshi Ooishi",
        "type": "Opening 2",
        "correctCount": 50,
        "startTime": 58,
        "songDuration": 89.049898,
        "songNumber": 27,
        "activePlayerCount": 89,
        "LinkVideo": "https://files.catbox.moe/nntiv6.webm",
        "LinkMp3": "https://files.catbox.moe/o0451i.mp3",
        "annId": 15337,
        "aniListId": 18689,
        "kitsuId": 7699,
        "malId": 18689,
        "songDifficulty": 28.25091355846774,
        "vintage": "Fall 2013"
    },
    {
        "animeEng": "Kuroko's Basketball",
        "animeRomaji": "Kuroko no Basuke",
        "songName": "FANTASTIC TUNE",
        "artist": "Kensho Ono",
        "type": "Ending 2",
        "correctCount": 19,
        "startTime": 6,
        "songDuration": 89.064,
        "songNumber": 28,
        "activePlayerCount": 89,
        "LinkVideo": "https://files.catbox.moe/o90inn.webm",
        "LinkMp3": "https://files.catbox.moe/mj80us.mp3",
        "annId": 15002,
        "aniListId": 16894,
        "kitsuId": 7545,
        "malId": 16894,
        "songDifficulty": 23.272409014780944,
        "vintage": "Fall 2013"
    },
    {
        "animeEng": "Haikyu!! To the Top",
        "animeRomaji": "Haikyu!! To the Top",
        "songName": "Kessen Spirit",
        "artist": "CHiCO with HoneyWorks",
        "type": "Ending 1",
        "correctCount": 64,
        "startTime": 39,
        "songDuration": 88.032,
        "songNumber": 29,
        "activePlayerCount": 89,
        "LinkVideo": "https://files.catbox.moe/rkb4w3.webm",
        "LinkMp3": "https://files.catbox.moe/uhpnrm.mp3",
        "annId": 22438,
        "aniListId": 106625,
        "kitsuId": 42059,
        "malId": 38883,
        "songDifficulty": 21.25982223731884,
        "vintage": "Winter 2020"
    },
    {
        "animeEng": "School Babysitters",
        "animeRomaji": "Gakuen Babysitters",
        "songName": "Oshiete yo",
        "artist": "Hyorotto Danshi",
        "type": "Ending 1",
        "correctCount": 16,
        "startTime": 18,
        "songDuration": 90.048,
        "songNumber": 30,
        "activePlayerCount": 90,
        "LinkVideo": "https://files.catbox.moe/f9oxvi.webm",
        "LinkMp3": "https://files.catbox.moe/vth5gx.mp3",
        "annId": 19400,
        "aniListId": 98503,
        "kitsuId": 13265,
        "malId": 35222,
        "songDifficulty": 15.67142551095592,
        "vintage": "Winter 2018"
    },
    {
        "animeEng": "Knight Hunters",
        "animeRomaji": "Wei\u00df Kreuz",
        "songName": "Oh Mercy",
        "artist": "Wei\u00df",
        "type": "Insert Song",
        "correctCount": 11,
        "startTime": 13,
        "songDuration": 57.408,
        "songNumber": 31,
        "activePlayerCount": 91,
        "LinkVideo": "https://files.catbox.moe/z68ll1.webm",
        "LinkMp3": "https://files.catbox.moe/zbbadr.mp3",
        "annId": 254,
        "aniListId": 447,
        "kitsuId": 410,
        "malId": 447,
        "songDifficulty": 9.520566076929313,
        "vintage": "Spring 1998"
    },
    {
        "animeEng": "Re:Zero: Starting Life in Another World",
        "animeRomaji": "Re:Zero kara Hajimeru Isekai Seikatsu",
        "songName": "Realize",
        "artist": "Konomi Suzuki",
        "type": "Opening 1",
        "correctCount": 70,
        "startTime": 54,
        "songDuration": 88.056,
        "songNumber": 32,
        "activePlayerCount": 91,
        "LinkVideo": "https://files.catbox.moe/b3o2ky.webm",
        "LinkMp3": "https://files.catbox.moe/k5vt7c.mp3",
        "annId": 22005,
        "aniListId": 108632,
        "kitsuId": 42198,
        "malId": 39587,
        "songDifficulty": 41.42168441693952,
        "vintage": "Summer 2020"
    },
    {
        "animeEng": "Love & Berry: Dress Up and Dance - Magic of Happiness",
        "animeRomaji": "Oshare Majo Love and Berry: Shiawase no Mahou",
        "songName": "Angelunlun",
        "artist": "Akiko Yajima",
        "type": "Insert Song",
        "correctCount": 3,
        "startTime": 2,
        "songDuration": 58.152,
        "songNumber": 33,
        "activePlayerCount": 91,
        "LinkVideo": "https://files.catbox.moe/t40s7v.webm",
        "LinkMp3": "https://files.catbox.moe/ql17vc.mp3",
        "annId": 7613,
        "aniListId": 3362,
        "kitsuId": 2957,
        "malId": 3362,
        "songDifficulty": 11.592840308058786,
        "vintage": "Winter 2007",
        "correctPlayers": [
            "Keiko",
            "sxl",
            "watashiii"
        ]
    },
    {
        "animeEng": "X",
        "animeRomaji": "X",
        "songName": "eX Dream",
        "artist": "Myuji",
        "type": "Opening 1",
        "correctCount": 14,
        "startTime": 35,
        "songDuration": 80.016,
        "songNumber": 34,
        "activePlayerCount": 91,
        "LinkVideo": "https://files.catbox.moe/zy9eri.webm",
        "LinkMp3": "https://files.catbox.moe/3d1rt8.mp3",
        "annId": 464,
        "aniListId": 156,
        "kitsuId": 134,
        "malId": 156,
        "songDifficulty": 16.677578204073885,
        "vintage": "Fall 2001"
    },
    {
        "animeEng": "Magical Girl Lyrical Nanoha StrikerS",
        "animeRomaji": "Mahou Shoujo Lyrical Nanoha StrikerS",
        "songName": "SECRET AMBITION",
        "artist": "Nana Mizuki",
        "type": "Opening 1",
        "correctCount": 28,
        "startTime": 2,
        "songDuration": 107.988348,
        "songNumber": 35,
        "activePlayerCount": 91,
        "LinkVideo": "https://files.catbox.moe/adbsw5.webm",
        "LinkMp3": "https://files.catbox.moe/6m7pqv.mp3",
        "annId": 6828,
        "aniListId": 1915,
        "kitsuId": 1725,
        "malId": 1915,
        "songDifficulty": 21.836079096417283,
        "vintage": "Spring 2007"
    },
    {
        "animeEng": "Samurai Champloo",
        "animeRomaji": "Samurai Champloo",
        "songName": "FLY",
        "artist": "[SMALL CIRCLE OF FRIENDS] feat.AZUMA RIKI",
        "type": "Ending 4",
        "correctCount": 31,
        "startTime": 24,
        "songDuration": 152.088,
        "songNumber": 36,
        "activePlayerCount": 91,
        "LinkVideo": "https://files.catbox.moe/fx56pf.webm",
        "LinkMp3": "https://files.catbox.moe/b5wf1h.mp3",
        "annId": 2636,
        "aniListId": 205,
        "kitsuId": 181,
        "malId": 205,
        "songDifficulty": 29.561535019019914,
        "vintage": "Spring 2004"
    },
    {
        "animeEng": "What's Michael?",
        "animeRomaji": "What's Michael?",
        "songName": "SoPPo!",
        "artist": "P.J.",
        "type": "Insert Song",
        "correctCount": 7,
        "startTime": 57,
        "songDuration": 178.08,
        "songNumber": 37,
        "activePlayerCount": 91,
        "LinkVideo": "https://files.catbox.moe/2td5ud.webm",
        "LinkMp3": "https://files.catbox.moe/o34gz9.mp3",
        "annId": 3336,
        "aniListId": 12005,
        "kitsuId": 6642,
        "malId": 12005,
        "songDifficulty": 16.335521460004458,
        "vintage": "Fall 1985"
    },
    {
        "animeEng": "Student Council's Discretion",
        "animeRomaji": "Seitokai no Ichizon",
        "songName": "Ue Ue Shita Shita Hidari Migi Hidari Migi B A - Shiina Shimai Ver.",
        "artist": "Hekiyou Gakuen Seitokai Fukukaichou to Kaikei",
        "type": "Ending 8",
        "correctCount": 49,
        "startTime": 31,
        "songDuration": 90.528,
        "songNumber": 38,
        "activePlayerCount": 91,
        "LinkVideo": "https://files.catbox.moe/22mzcf.webm",
        "LinkMp3": "https://files.catbox.moe/1ey9t8.mp3",
        "annId": 10587,
        "aniListId": 5909,
        "kitsuId": 4332,
        "malId": 5909,
        "songDifficulty": 23.310059223248818,
        "vintage": "Fall 2009"
    },
    {
        "animeEng": "Shounan Bakusouzoku",
        "animeRomaji": "Shounan Bakusouzoku",
        "songName": "Ride on Dream ~Hashiriya-tachi no Theme~",
        "artist": "Gakuro",
        "type": "Insert Song",
        "correctCount": 2,
        "startTime": 29,
        "songDuration": 85.889136,
        "songNumber": 39,
        "activePlayerCount": 90,
        "LinkVideo": "https://files.catbox.moe/ebvb2v.webm",
        "LinkMp3": "https://files.catbox.moe/xifexg.mp3",
        "annId": 731,
        "aniListId": 2463,
        "kitsuId": 2237,
        "malId": 2463,
        "songDifficulty": 13.346652371066433,
        "vintage": "Summer 1986",
        "correctPlayers": [
            "Keiko",
            "Zurer"
        ]
    },
    {
        "animeEng": "Bakemonogatari",
        "animeRomaji": "Bakemonogatari",
        "songName": "staple stable",
        "artist": "Chiwa Saito",
        "type": "Opening 1",
        "correctCount": 70,
        "startTime": 1,
        "songDuration": 88.56,
        "songNumber": 40,
        "activePlayerCount": 90,
        "LinkVideo": "https://files.catbox.moe/zyjq8p.webm",
        "LinkMp3": "https://files.catbox.moe/fhmb5d.mp3",
        "annId": 10196,
        "aniListId": 5081,
        "kitsuId": 3919,
        "malId": 5081,
        "songDifficulty": 39.72827650425461,
        "vintage": "Summer 2009"
    },
    {
        "animeEng": "Wake Up, Girls! Beyond the Bottom",
        "animeRomaji": "Wake Up, Girls! Beyond the Bottom",
        "songName": "Beyond the Bottom",
        "artist": "Wake Up, Girls!",
        "type": "Ending 1",
        "correctCount": 3,
        "startTime": 242,
        "songDuration": 320.088,
        "songNumber": 41,
        "activePlayerCount": 90,
        "LinkVideo": "https://files.catbox.moe/mj718i.webm",
        "LinkMp3": "https://files.catbox.moe/yw33vy.mp3",
        "annId": 17367,
        "aniListId": 21107,
        "kitsuId": 10845,
        "malId": 30419,
        "songDifficulty": 15.500153921771522,
        "vintage": "Fall 2015",
        "correctPlayers": [
            "TheOnlyOne",
            "blissfulyoshi",
            "Pratasz"
        ]
    },
    {
        "animeEng": "Ergo Proxy",
        "animeRomaji": "Ergo Proxy",
        "songName": "PARANOID ANDROID",
        "artist": "RADIOHEAD",
        "type": "Ending 1",
        "correctCount": 65,
        "startTime": 46,
        "songDuration": 88.728,
        "songNumber": 42,
        "activePlayerCount": 88,
        "LinkVideo": "https://files.catbox.moe/ne6kma.webm",
        "LinkMp3": "https://files.catbox.moe/630sa3.mp3",
        "annId": 5115,
        "aniListId": 790,
        "kitsuId": 705,
        "malId": 790,
        "songDifficulty": 29.696162247664958,
        "vintage": "Winter 2006"
    },
    {
        "animeEng": "Little Akane",
        "animeRomaji": "Akane-chan",
        "songName": "Akane-chan",
        "artist": "Minori Matsushima",
        "type": "Opening 1",
        "correctCount": 77,
        "startTime": 29,
        "songDuration": 91.2,
        "songNumber": 43,
        "activePlayerCount": 87,
        "LinkVideo": "https://files.catbox.moe/w93bhe.webm",
        "LinkMp3": "https://files.catbox.moe/hfzikl.mp3",
        "annId": 1071,
        "aniListId": 18635,
        "kitsuId": 9186,
        "malId": 18635,
        "songDifficulty": 18.969767024776036,
        "vintage": "Spring 1968"
    },
    {
        "animeEng": "Inazuma Eleven GO: Chrono Stone",
        "animeRomaji": "Inazuma Eleven GO: Chrono Stone",
        "songName": "Te o Tsunagou",
        "artist": "Yuka Terasaki, Takashi Oohara, Sayaka Kitahara",
        "type": "Ending 2",
        "correctCount": 4,
        "startTime": 7,
        "songDuration": 84.008352,
        "songNumber": 44,
        "activePlayerCount": 87,
        "LinkVideo": "https://files.catbox.moe/5g1lt5.webm",
        "LinkMp3": "https://files.catbox.moe/00loks.mp3",
        "annId": 14151,
        "aniListId": 13261,
        "kitsuId": 6927,
        "malId": 13261,
        "songDifficulty": 10.477597933289006,
        "vintage": "Spring 2012",
        "correctPlayers": [
            "Keiko",
            "Carlos1218",
            "kneesoxluver",
            "GyroInmobile"
        ]
    },
    {
        "animeEng": "Future Robo Daltanias",
        "animeRomaji": "Mirai Robo Daltanias",
        "songName": "Daltanias no Uta",
        "artist": "Mitsuko Horie, Koorogi '73, Columbia Yurikago Kai",
        "type": "Opening 1",
        "correctCount": 10,
        "startTime": 11,
        "songDuration": 68.136,
        "songNumber": 45,
        "activePlayerCount": 87,
        "LinkVideo": "https://files.catbox.moe/kg5woa.webm",
        "LinkMp3": "https://files.catbox.moe/vhlloa.mp3",
        "annId": 2278,
        "aniListId": 4411,
        "kitsuId": 3598,
        "malId": 4411,
        "songDifficulty": 6.704553642066004,
        "vintage": "Winter 1979"
    },
    {
        "animeEng": "Student Council's Discretion",
        "animeRomaji": "Seitokai no Ichizon",
        "songName": "Mousou Fetish!",
        "artist": "Hekiyou Gakuen Seitokai",
        "type": "Ending 1",
        "correctCount": 42,
        "startTime": 9,
        "songDuration": 89.88,
        "songNumber": 46,
        "activePlayerCount": 87,
        "LinkVideo": "https://files.catbox.moe/fgc5op.webm",
        "LinkMp3": "https://files.catbox.moe/y85q55.mp3",
        "annId": 10587,
        "aniListId": 5909,
        "kitsuId": 4332,
        "malId": 5909,
        "songDifficulty": 26.5915379018847,
        "vintage": "Fall 2009"
    },
    {
        "animeEng": "Gunslinger Girl",
        "animeRomaji": "Gunslinger Girl",
        "songName": "DOPO IL SOGNO ~Yume no Ato ni~",
        "artist": "op.",
        "type": "Ending 1",
        "correctCount": 28,
        "startTime": 15,
        "songDuration": 68.784,
        "songNumber": 47,
        "activePlayerCount": 87,
        "LinkVideo": "https://files.catbox.moe/wdh67o.webm",
        "LinkMp3": "https://files.catbox.moe/7o5e6x.mp3",
        "annId": 2947,
        "aniListId": 134,
        "kitsuId": 113,
        "malId": 134,
        "songDifficulty": 18.8268483951253,
        "vintage": "Fall 2003"
    },
    {
        "animeEng": "100% Teacher Pascal",
        "animeRomaji": "100% Pascal-sensei",
        "songName": "100% Pascal-sensei",
        "artist": "Hana Satou",
        "type": "Opening 1",
        "correctCount": 69,
        "startTime": 12,
        "songDuration": 59.016,
        "songNumber": 48,
        "activePlayerCount": 87,
        "LinkVideo": "https://files.catbox.moe/a26y8y.webm",
        "LinkMp3": "https://files.catbox.moe/6zbv9v.mp3",
        "annId": 19094,
        "aniListId": 97638,
        "kitsuId": 13433,
        "malId": 34052,
        "songDifficulty": 24.405723868817958,
        "vintage": "Spring 2017"
    },
    {
        "animeEng": "Welcome to the NHK",
        "animeRomaji": "NHK ni Youkoso!",
        "songName": "Youkoso! Hitoribocchi",
        "artist": "Pearl Kyoudai",
        "type": "Insert Song",
        "correctCount": 23,
        "startTime": 53,
        "songDuration": 144.428538,
        "songNumber": 49,
        "activePlayerCount": 87,
        "LinkVideo": "https://files.catbox.moe/fscxwb.webm",
        "LinkMp3": "https://files.catbox.moe/17xseu.mp3",
        "annId": 6357,
        "aniListId": 1210,
        "kitsuId": 1088,
        "malId": 1210,
        "songDifficulty": 21.419183227075422,
        "vintage": "Summer 2006"
    },
    {
        "animeEng": "Duel Masters Flash",
        "animeRomaji": "Shinseiki Duel Masters Flash",
        "songName": "Kagayaku Toki",
        "artist": "Masanosuke",
        "type": "Opening 1",
        "correctCount": 63,
        "startTime": 0,
        "songDuration": 15.504,
        "songNumber": 50,
        "activePlayerCount": 87,
        "LinkVideo": "https://files.catbox.moe/zr37ac.webm",
        "LinkMp3": "https://files.catbox.moe/8e76dg.mp3",
        "annId": 7966,
        "aniListId": 10525,
        "kitsuId": 6222,
        "malId": 10525,
        "songDifficulty": 20.23855714597902,
        "vintage": "Spring 2006"
    },
    {
        "animeEng": "Snow White with the Red Hair",
        "animeRomaji": "Akagami no Shirayuki-hime",
        "songName": "Yasashii Kibou",
        "artist": "Saori Hayami",
        "type": "Ending 2",
        "correctCount": 73,
        "startTime": 55,
        "songDuration": 154.8255,
        "songNumber": 51,
        "activePlayerCount": 87,
        "LinkVideo": "https://files.catbox.moe/a7nbo3.webm",
        "LinkMp3": "https://files.catbox.moe/fedunb.mp3",
        "annId": 17777,
        "aniListId": 21258,
        "kitsuId": 11179,
        "malId": 31173,
        "songDifficulty": 33.28409164507772,
        "vintage": "Winter 2016"
    },
    {
        "animeEng": "Detroit Metal City",
        "animeRomaji": "Detroit Metal City",
        "songName": "Ano Ko o Rape",
        "artist": "Yuji Ueda",
        "type": "Insert Song",
        "correctCount": 68,
        "startTime": 0,
        "songDuration": 29.04,
        "songNumber": 52,
        "activePlayerCount": 87,
        "LinkVideo": "https://files.catbox.moe/2wx242.webm",
        "LinkMp3": "https://files.catbox.moe/21el7q.mp3",
        "annId": 10172,
        "aniListId": 3702,
        "kitsuId": 3202,
        "malId": 3702,
        "songDifficulty": 44.81820441632232,
        "vintage": "Summer 2008"
    },
    {
        "animeEng": "The Seven Deadly Sins: Dragon's Judgement",
        "animeRomaji": "Nanatsu no Taizai: Fundo no Shinpan",
        "songName": "Hikari Are",
        "artist": "Akihito Okano",
        "type": "Opening 1",
        "correctCount": 19,
        "startTime": 2,
        "songDuration": 86.688,
        "songNumber": 53,
        "activePlayerCount": 87,
        "LinkVideo": "https://files.catbox.moe/dev9in.webm",
        "LinkMp3": "https://files.catbox.moe/ucmeqv.mp3",
        "annId": 23363,
        "aniListId": 116752,
        "kitsuId": 43458,
        "malId": 41491,
        "songDifficulty": 17.700543692942414,
        "vintage": "Winter 2021"
    },
    {
        "animeEng": "Naruto",
        "animeRomaji": "Naruto",
        "songName": "Haruka Kanata",
        "artist": "ASIAN KUNG-FU GENERATION",
        "type": "Opening 2",
        "correctCount": 79,
        "startTime": 30,
        "songDuration": 88.032,
        "songNumber": 54,
        "activePlayerCount": 87,
        "LinkVideo": "https://files.catbox.moe/6uutr8.webm",
        "LinkMp3": "https://files.catbox.moe/9q8taa.mp3",
        "annId": 1825,
        "aniListId": 20,
        "kitsuId": 11,
        "malId": 20,
        "songDifficulty": 60.021525240783795,
        "vintage": "Fall 2002"
    },
    {
        "animeEng": "RErideD: Derrida, who leaps through time",
        "animeRomaji": "RErideD: Tokigoe no Derrida",
        "songName": "Toki no Tsubasa",
        "artist": "M\u30fbA\u30fbO & Himika Akaneya",
        "type": "Ending 4",
        "correctCount": 13,
        "startTime": 56,
        "songDuration": 88.56,
        "songNumber": 55,
        "activePlayerCount": 87,
        "LinkVideo": "https://files.catbox.moe/2e6m8g.webm",
        "LinkMp3": "https://files.catbox.moe/cfn1od.mp3",
        "annId": 20763,
        "aniListId": 99413,
        "kitsuId": 13613,
        "malId": 35835,
        "songDifficulty": 15.005967752461217,
        "vintage": "Fall 2018"
    },
    {
        "animeEng": "BanG Dream! Girls Band Party! Pico Fever!",
        "animeRomaji": "BanG Dream! Garupa\u2606Pico: Fever",
        "songName": "Pico Taru Mono, Fever!",
        "artist": "Aimi\u00d7Ayane Sakura\u00d7Ami Maeshima\u00d7Aina Aiba\u00d7Miku Itou\u00d7Raychell\u00d7Amane Shindou",
        "type": "Ending 1",
        "correctCount": 82,
        "startTime": 0,
        "songDuration": 28.752,
        "songNumber": 56,
        "activePlayerCount": 87,
        "LinkVideo": "https://files.catbox.moe/w84aie.webm",
        "LinkMp3": "https://files.catbox.moe/9rto7e.mp3",
        "annId": 24418,
        "aniListId": 135171,
        "kitsuId": null,
        "malId": 49123,
        "songDifficulty": 38.89236024262131,
        "vintage": "Fall 2021"
    },
    {
        "animeEng": "Barakamon",
        "animeRomaji": "Barakamon",
        "songName": "Rashisa",
        "artist": "SUPER BEAVER",
        "type": "Opening 1",
        "correctCount": 71,
        "startTime": 49,
        "songDuration": 90.072,
        "songNumber": 57,
        "activePlayerCount": 88,
        "LinkVideo": "https://files.catbox.moe/dyxtxj.webm",
        "LinkMp3": "https://files.catbox.moe/0rkce2.mp3",
        "annId": 16083,
        "aniListId": 20722,
        "kitsuId": 8026,
        "malId": 22789,
        "songDifficulty": 36.42283986054862,
        "vintage": "Summer 2014"
    },
    {
        "animeEng": "Shakugan no Shana III (Final)",
        "animeRomaji": "Shakugan no Shana III (Final)",
        "songName": "u/n",
        "artist": "Mami Kawada",
        "type": "Ending 3",
        "correctCount": 31,
        "startTime": 91,
        "songDuration": 128.688,
        "songNumber": 58,
        "activePlayerCount": 88,
        "LinkVideo": "https://files.catbox.moe/61r7o3.webm",
        "LinkMp3": "https://files.catbox.moe/a5ylux.mp3",
        "annId": 13003,
        "aniListId": 6773,
        "kitsuId": 4709,
        "malId": 6773,
        "songDifficulty": 20.879857850808555,
        "vintage": "Fall 2011"
    },
    {
        "animeEng": "Majestic Prince",
        "animeRomaji": "Ginga Kikoutai Majestic Prince",
        "songName": "Watashi wa Souzou Suru",
        "artist": "Natsumi Kon",
        "type": "Opening 1",
        "correctCount": 11,
        "startTime": 39,
        "songDuration": 87.432,
        "songNumber": 59,
        "activePlayerCount": 88,
        "LinkVideo": "https://files.catbox.moe/hfqpn3.webm",
        "LinkMp3": "https://files.catbox.moe/w90im6.mp3",
        "annId": 14971,
        "aniListId": 15863,
        "kitsuId": 7325,
        "malId": 15863,
        "songDifficulty": 18.37313034188034,
        "vintage": "Spring 2013"
    },
    {
        "animeEng": "Neon Genesis Evangelion: Death & Rebirth",
        "animeRomaji": "Shinseiki Evangelion Gekijouban: Shi to Shinsei",
        "songName": "Bay side love story -from Tokyo-",
        "artist": "Masami Okui",
        "type": "Insert Song",
        "correctCount": 79,
        "startTime": 0,
        "songDuration": 29.472,
        "songNumber": 60,
        "activePlayerCount": 88,
        "LinkVideo": "https://files.catbox.moe/cex2gf.webm",
        "LinkMp3": "https://files.catbox.moe/8w6x5g.mp3",
        "annId": 418,
        "aniListId": 31,
        "kitsuId": 22,
        "malId": 31,
        "songDifficulty": 25.343218554075236,
        "vintage": "Winter 1997"
    },
    {
        "animeEng": "Heidi, A Girl of the Alps",
        "animeRomaji": "Alps no Shoujo Heidi",
        "songName": "Peter to Watashi",
        "artist": "Kumiko Oosugi",
        "type": "Insert Song",
        "correctCount": 28,
        "startTime": 5,
        "songDuration": 49.848,
        "songNumber": 61,
        "activePlayerCount": 88,
        "LinkVideo": "https://files.catbox.moe/w79ocu.webm",
        "LinkMp3": "https://files.catbox.moe/9u49ax.mp3",
        "annId": 433,
        "aniListId": 2225,
        "kitsuId": 2016,
        "malId": 2225,
        "songDifficulty": 20.889759114583335,
        "vintage": "Winter 1974"
    },
    {
        "animeEng": "This Boy Can Fight Aliens!",
        "animeRomaji": "Kono Danshi, Uchuujin to Tatakaemasu.",
        "songName": "Toumei Nostalgia",
        "artist": "Akiko Shikata",
        "type": "Ending 1",
        "correctCount": 6,
        "startTime": 65,
        "songDuration": 281.136,
        "songNumber": 62,
        "activePlayerCount": 88,
        "LinkVideo": "https://files.catbox.moe/7meb0x.webm",
        "LinkMp3": "https://files.catbox.moe/ma43im.mp3",
        "annId": 13312,
        "aniListId": 11355,
        "kitsuId": 6498,
        "malId": 11355,
        "songDifficulty": 9.988082212827772,
        "vintage": "Fall 2011"
    },
    {
        "animeEng": "My Hero Academia",
        "animeRomaji": "Boku no Hero Academia",
        "songName": "Ashiato",
        "artist": "the peggies",
        "type": "Ending 1",
        "correctCount": 30,
        "startTime": 44,
        "songDuration": 89.448,
        "songNumber": 63,
        "activePlayerCount": 88,
        "LinkVideo": "https://files.catbox.moe/fic1gy.webm",
        "LinkMp3": "https://files.catbox.moe/nra5hr.mp3",
        "annId": 23862,
        "aniListId": 117193,
        "kitsuId": 43108,
        "malId": 41587,
        "songDifficulty": 27.25915068363084,
        "vintage": "Winter 2021"
    },
    {
        "animeEng": "Pop Team Epic",
        "animeRomaji": "Poputepipikku",
        "songName": "Kokoro no Taiju",
        "artist": "Hiromi Igarashi & Rei Matsuzaki",
        "type": "Insert Song",
        "correctCount": 19,
        "startTime": 22,
        "songDuration": 88.2,
        "songNumber": 64,
        "activePlayerCount": 88,
        "LinkVideo": "https://files.catbox.moe/ucajqj.webm",
        "LinkMp3": "https://files.catbox.moe/c3v2zt.mp3",
        "annId": 20287,
        "aniListId": 98549,
        "kitsuId": 13319,
        "malId": 35330,
        "songDifficulty": 19.600257659475915,
        "vintage": "Winter 2018"
    },
    {
        "animeEng": "Armed Girl's Machiavellism",
        "animeRomaji": "Busou Shoujo Machiavellism",
        "songName": "Shocking Blue",
        "artist": "Miku Itou",
        "type": "Opening 1",
        "correctCount": 46,
        "startTime": 51,
        "songDuration": 88.56,
        "songNumber": 65,
        "activePlayerCount": 88,
        "LinkVideo": "https://files.catbox.moe/8nipiy.webm",
        "LinkMp3": "https://files.catbox.moe/rmdl95.mp3",
        "annId": 18970,
        "aniListId": 21851,
        "kitsuId": 12265,
        "malId": 33475,
        "songDifficulty": 20.977705269112654,
        "vintage": "Spring 2017"
    },
    {
        "animeEng": "Kabaneri of the Iron Fortress",
        "animeRomaji": "Koutetsujou no Kabaneri",
        "songName": "1coma",
        "artist": "Mika Kobayashi",
        "type": "Insert Song",
        "correctCount": 50,
        "startTime": 25,
        "songDuration": 105.96,
        "songNumber": 66,
        "activePlayerCount": 88,
        "LinkVideo": "https://files.catbox.moe/ljya6z.webm",
        "LinkMp3": "https://files.catbox.moe/fuc8wn.mp3",
        "annId": 16595,
        "aniListId": 21196,
        "kitsuId": 10036,
        "malId": 28623,
        "songDifficulty": 27.696663245564363,
        "vintage": "Spring 2016"
    },
    {
        "animeEng": "Clannad",
        "animeRomaji": "Clannad",
        "songName": "Kage Futatsu",
        "artist": "riya",
        "type": "Insert Song",
        "correctCount": 37,
        "startTime": 61,
        "songDuration": 141.48,
        "songNumber": 67,
        "activePlayerCount": 88,
        "LinkVideo": "https://files.catbox.moe/jhqyur.webm",
        "LinkMp3": "https://files.catbox.moe/ujyn9f.mp3",
        "annId": 7809,
        "aniListId": 2167,
        "kitsuId": 1962,
        "malId": 2167,
        "songDifficulty": 16.654498619124684,
        "vintage": "Fall 2007"
    },
    {
        "animeEng": "Maquia: When the Promised Flower Blooms",
        "animeRomaji": "Sayoasa",
        "songName": "Vi\u0101tor",
        "artist": "rionos",
        "type": "Ending 1",
        "correctCount": 27,
        "startTime": 42,
        "songDuration": 263.064,
        "songNumber": 68,
        "activePlayerCount": 88,
        "LinkVideo": "https://files.catbox.moe/yudj3g.webm",
        "LinkMp3": "https://files.catbox.moe/ooo2fw.mp3",
        "annId": 19848,
        "aniListId": 99457,
        "kitsuId": 13612,
        "malId": 35851,
        "songDifficulty": 19.816275769090744,
        "vintage": "Winter 2018"
    },
    {
        "animeEng": "Kai Doh Maru",
        "animeRomaji": "Kai Doh Maru",
        "songName": "Kaidoumaru Engi Emaki",
        "artist": "Yutaka Fukuoka",
        "type": "Opening 1",
        "correctCount": 2,
        "startTime": 2,
        "songDuration": 174.744,
        "songNumber": 69,
        "activePlayerCount": 88,
        "LinkVideo": "https://files.catbox.moe/aed3j1.webm",
        "LinkMp3": "https://files.catbox.moe/1bxwdf.mp3",
        "annId": 306,
        "aniListId": 1622,
        "kitsuId": 1457,
        "malId": 1622,
        "songDifficulty": 11.156872617000598,
        "vintage": "Fall 2001",
        "correctPlayers": [
            "LelPop",
            "Kiishua"
        ]
    },
    {
        "animeEng": "Okawari-Boy Starzan S",
        "animeRomaji": "Okawari-Boy Starzan S",
        "songName": "Koisuru Kimochi wa Doughnuts no Naka",
        "artist": "Takano Ai",
        "type": "Ending 1",
        "correctCount": 2,
        "startTime": 8,
        "songDuration": 65.208,
        "songNumber": 70,
        "activePlayerCount": 87,
        "LinkVideo": "https://files.catbox.moe/r6jkel.webm",
        "LinkMp3": "https://files.catbox.moe/jdafny.mp3",
        "annId": 7805,
        "aniListId": 8799,
        "kitsuId": 5498,
        "malId": 8799,
        "songDifficulty": 7.291900875061516,
        "vintage": "Winter 1984",
        "correctPlayers": [
            "megahello",
            "Pratasz"
        ]
    },
    {
        "animeEng": "Good Luck! Ninomiya-kun",
        "animeRomaji": "Goshuushou-sama Ninomiya-kun",
        "songName": "Yubikiri",
        "artist": "Mai Kadowaki & Miyuki Sawashiro",
        "type": "Opening 1",
        "correctCount": 23,
        "startTime": 23,
        "songDuration": 89.311118,
        "songNumber": 71,
        "activePlayerCount": 87,
        "LinkVideo": "https://files.catbox.moe/8kyqrz.webm",
        "LinkMp3": "https://files.catbox.moe/13lnuv.mp3",
        "annId": 8032,
        "aniListId": 2494,
        "kitsuId": 2264,
        "malId": 2494,
        "songDifficulty": 14.482309966216215,
        "vintage": "Fall 2007"
    },
    {
        "animeEng": "Rozen Maiden",
        "animeRomaji": "Rozen Maiden",
        "songName": "Kinjirareta Asobi",
        "artist": "ALI PROJECT",
        "type": "Opening 1",
        "correctCount": 58,
        "startTime": 30,
        "songDuration": 90.878438,
        "songNumber": 72,
        "activePlayerCount": 88,
        "LinkVideo": "https://files.catbox.moe/tbhs94.webm",
        "LinkMp3": "https://files.catbox.moe/6n0tie.mp3",
        "annId": 4463,
        "aniListId": 64,
        "kitsuId": 45,
        "malId": 64,
        "songDifficulty": 31.831333052592175,
        "vintage": "Fall 2004"
    },
    {
        "animeEng": "Date A Live III",
        "animeRomaji": "Date A Live III",
        "songName": "I swear",
        "artist": "sweet ARMS",
        "type": "Opening 1",
        "correctCount": 46,
        "startTime": 62,
        "songDuration": 100.368,
        "songNumber": 73,
        "activePlayerCount": 88,
        "LinkVideo": "https://files.catbox.moe/57oth8.webm",
        "LinkMp3": "https://files.catbox.moe/pmqfz0.mp3",
        "annId": 21509,
        "aniListId": 100722,
        "kitsuId": 14040,
        "malId": 36633,
        "songDifficulty": 27.628593547307194,
        "vintage": "Winter 2019"
    },
    {
        "animeEng": "Kabaneri of the Iron Fortress",
        "animeRomaji": "Koutetsujou no Kabaneri",
        "songName": "Through My Blood",
        "artist": "Mika Kobayashi",
        "type": "Insert Song",
        "correctCount": 43,
        "startTime": 92,
        "songDuration": 189.528,
        "songNumber": 74,
        "activePlayerCount": 87,
        "LinkVideo": "https://files.catbox.moe/0mkggf.webm",
        "LinkMp3": "https://files.catbox.moe/qvzeyi.mp3",
        "annId": 16595,
        "aniListId": 21196,
        "kitsuId": 10036,
        "malId": 28623,
        "songDifficulty": 29.49633149720065,
        "vintage": "Spring 2016"
    },
    {
        "animeEng": "Pok\u00e9mon",
        "animeRomaji": "Pocket Monsters",
        "songName": "1\u30fb2\u30fb3",
        "artist": "Karaage Shimai",
        "type": "Opening 3",
        "correctCount": 26,
        "startTime": 0,
        "songDuration": 87.576,
        "songNumber": 75,
        "activePlayerCount": 87,
        "LinkVideo": "https://files.catbox.moe/u66rdw.webm",
        "LinkMp3": "https://files.catbox.moe/k9jkli.mp3",
        "annId": 22559,
        "aniListId": 112153,
        "kitsuId": 42534,
        "malId": 40351,
        "songDifficulty": 28.954185793087486,
        "vintage": "Fall 2019"
    },
    {
        "animeEng": "Minami-ke: Thirds",
        "animeRomaji": "Minami-ke: Okaeri",
        "songName": "Curry no Uta",
        "artist": "Daisuke Ono",
        "type": "Insert Song",
        "correctCount": 5,
        "startTime": 5,
        "songDuration": 60.048,
        "songNumber": 76,
        "activePlayerCount": 87,
        "LinkVideo": "https://files.catbox.moe/sipkzj.webm",
        "LinkMp3": "https://files.catbox.moe/7rc6mi.mp3",
        "annId": 10388,
        "aniListId": 5162,
        "kitsuId": 3959,
        "malId": 5162,
        "songDifficulty": 15.864096447970269,
        "vintage": "Winter 2009",
        "correctPlayers": [
            "Swords",
            "Keiko",
            "MinoriChiharaFan",
            "kneesoxluver",
            "tertium"
        ]
    },
    {
        "animeEng": "The Moment You Fall in Love",
        "animeRomaji": "Suki ni Naru Sono Shunkan o: Kokuhaku Jikkou Iinkai",
        "songName": "Suki to Suki no Houteishiki",
        "artist": "HoneyWorks meets Mafumafu",
        "type": "Insert Song",
        "correctCount": 15,
        "startTime": 87,
        "songDuration": 144.264,
        "songNumber": 77,
        "activePlayerCount": 87,
        "LinkVideo": "https://files.catbox.moe/lgx4gh.webm",
        "LinkMp3": "https://files.catbox.moe/e8h130.mp3",
        "annId": 18587,
        "aniListId": 21757,
        "kitsuId": 12001,
        "malId": 33036,
        "songDifficulty": 19.801530934343436,
        "vintage": "Fall 2016"
    },
    {
        "animeEng": "Yakiniku-ten Sengoku",
        "animeRomaji": "Yakiniku-ten Sengoku",
        "songName": "YAKINIKU\u2665TABETAI",
        "artist": "Sengoku Musume San Ninshuu",
        "type": "Opening 1",
        "correctCount": 62,
        "startTime": 0,
        "songDuration": 23.736,
        "songNumber": 78,
        "activePlayerCount": 86,
        "LinkVideo": "https://files.catbox.moe/a5u1t8.webm",
        "LinkMp3": "https://files.catbox.moe/jhyh9l.mp3",
        "annId": 20201,
        "aniListId": 103181,
        "kitsuId": 41633,
        "malId": 36626,
        "songDifficulty": 20.22633296607906,
        "vintage": "Fall 2017"
    },
    {
        "animeEng": "RGB Adventure",
        "animeRomaji": "RGB Adventure",
        "songName": "Death! Death! RGB Deathroad",
        "artist": "Atsushi Imaruoka/Masanori Katsuragi/Atsushi Ono",
        "type": "Ending 1",
        "correctCount": 3,
        "startTime": 21,
        "songDuration": 88.944,
        "songNumber": 79,
        "activePlayerCount": 86,
        "LinkVideo": "https://files.catbox.moe/ukh87e.webm",
        "LinkMp3": "https://files.catbox.moe/oi4fzo.mp3",
        "annId": 22998,
        "aniListId": 3372,
        "kitsuId": 2964,
        "malId": 3372,
        "songDifficulty": 8.30871295725613,
        "vintage": "Fall 2006",
        "correctPlayers": [
            "Rukawa11",
            "watashiii",
            "shadowpandax"
        ]
    },
    {
        "animeEng": "Pichu Bros. in Party Panic!",
        "animeRomaji": "Boku-tachi Pichu Brothers: Party wa Oosawagi! no Maki",
        "songName": "Nyarth no Party",
        "artist": "Inuko Inuyama feat. Musashi to Kojirou",
        "type": "Insert Song",
        "correctCount": 83,
        "startTime": 39,
        "songDuration": 80.112,
        "songNumber": 80,
        "activePlayerCount": 86,
        "LinkVideo": "https://files.catbox.moe/486a9s.webm",
        "LinkMp3": "https://files.catbox.moe/gqtxyn.mp3",
        "annId": 15664,
        "aniListId": 6877,
        "kitsuId": 4763,
        "malId": 6877,
        "songDifficulty": 52.08980791284404,
        "vintage": "Summer 2003"
    },
    {
        "animeEng": "Alien Nine",
        "animeRomaji": "Alien Nine",
        "songName": "Flower Psychedelic~type KUMI~",
        "artist": "Kaori Shimizu",
        "type": "Opening 2",
        "correctCount": 25,
        "startTime": 45,
        "songDuration": 88.368,
        "songNumber": 81,
        "activePlayerCount": 86,
        "LinkVideo": "https://files.catbox.moe/eikgzf.webm",
        "LinkMp3": "https://files.catbox.moe/6bf00d.mp3",
        "annId": 784,
        "aniListId": 1177,
        "kitsuId": 1057,
        "malId": 1177,
        "songDifficulty": 18.474135890151516,
        "vintage": "Spring 2001"
    },
    {
        "animeEng": "BanG Dream! Morfonication",
        "animeRomaji": "BanG Dream! Morfonication",
        "songName": "fly with the night",
        "artist": "Morfonica",
        "type": "Insert Song",
        "correctCount": 39,
        "startTime": 12,
        "songDuration": 102.384,
        "songNumber": 82,
        "activePlayerCount": 86,
        "LinkVideo": "https://files.catbox.moe/2fh5zz.webm",
        "LinkMp3": "https://files.catbox.moe/j0oexa.mp3",
        "annId": 25749,
        "aniListId": 146501,
        "kitsuId": null,
        "malId": 51989,
        "songDifficulty": 24.4107344438326,
        "vintage": "Summer 2022"
    },
    {
        "animeEng": "Cannon Busters",
        "animeRomaji": "Cannon Busters",
        "songName": "Regardless",
        "artist": "Mansa Imani",
        "type": "Ending 1",
        "correctCount": 28,
        "startTime": 51,
        "songDuration": 89.784,
        "songNumber": 83,
        "activePlayerCount": 86,
        "LinkVideo": "https://files.catbox.moe/wpsw8p.webm",
        "LinkMp3": "https://files.catbox.moe/vakrrq.mp3",
        "annId": 22448,
        "aniListId": 111131,
        "kitsuId": 13697,
        "malId": 40256,
        "songDifficulty": 21.667181182614556,
        "vintage": "Summer 2019"
    },
    {
        "animeEng": "Digimon Fusion",
        "animeRomaji": "Digimon Xros Wars",
        "songName": "Sora Mau Yuusha! X5",
        "artist": "Kouji Wada",
        "type": "Insert Song",
        "correctCount": 13,
        "startTime": 17,
        "songDuration": 102.384,
        "songNumber": 84,
        "activePlayerCount": 86,
        "LinkVideo": "https://files.catbox.moe/42092r.webm",
        "LinkMp3": "https://files.catbox.moe/bv4r0b.mp3",
        "annId": 11450,
        "aniListId": 8624,
        "kitsuId": 5404,
        "malId": 8624,
        "songDifficulty": 19.031544895201062,
        "vintage": "Summer 2010"
    },
    {
        "animeEng": "Naruto Shippuuden: Shippuu! \"Konoha Gakuen\" Den",
        "animeRomaji": "Naruto Shippuuden: Shippuu! \"Konoha Gakuen\" Den",
        "songName": "Michi ~to you all",
        "artist": "aluto",
        "type": "Ending 1",
        "correctCount": 5,
        "startTime": 3,
        "songDuration": 37.176,
        "songNumber": 85,
        "activePlayerCount": 83,
        "LinkVideo": "https://files.catbox.moe/aouajg.webm",
        "LinkMp3": "https://files.catbox.moe/o7g4re.mp3",
        "annId": 13113,
        "aniListId": 4134,
        "kitsuId": 3484,
        "malId": 4134,
        "songDifficulty": 15.18561944072733,
        "vintage": "Winter 2008",
        "correctPlayers": [
            "Keiko",
            "cracudinhamilk",
            "Pabloblade",
            "MinoriChiharaFan",
            "shadowpandax"
        ]
    }
]