[
    {
        "animeEng": "The Demon Girl Next Door",
        "animeRomaji": "Machikado Mazoku",
        "songName": "Machikado Tangent",
        "artist": "shami momo",
        "type": "Opening 1",
        "correctCount": 66,
        "startTime": 44,
        "songDuration": 90.168,
        "songNumber": 1,
        "activePlayerCount": 123,
        "LinkVideo": "https://files.catbox.moe/fh0qq0.webm",
        "LinkMp3": "https://files.catbox.moe/5kxs3p.mp3",
        "annId": 22008,
        "aniListId": 107490,
        "kitsuId": 42137,
        "malId": 39071,
        "songDifficulty": 28.596441884107083,
        "vintage": "Summer 2019"
    },
    {
        "animeEng": "Hayate the Combat Butler! Cuties",
        "animeRomaji": "Hayate no Gotoku! Cuties",
        "songName": "Heroine wa Koko ni Iru!",
        "artist": "Ryoko Shiraishi",
        "type": "Ending 1",
        "correctCount": 2,
        "startTime": 43,
        "songDuration": 88.224,
        "songNumber": 2,
        "activePlayerCount": 127,
        "LinkVideo": "https://files.catbox.moe/4amv63.webm",
        "LinkMp3": "https://files.catbox.moe/94lkkh.mp3",
        "annId": 15186,
        "aniListId": 16982,
        "kitsuId": 7561,
        "malId": 16982,
        "songDifficulty": 11.9134936420134,
        "vintage": "Spring 2013",
        "correctPlayers": [
            "doomchicken",
            "theyingster"
        ]
    },
    {
        "animeEng": "Gibiate",
        "animeRomaji": "Gibiate",
        "songName": "GIBIATE",
        "artist": "Yoshida Brothers feat. SUGIZO",
        "type": "Opening 1",
        "correctCount": 44,
        "startTime": 55,
        "songDuration": 87.264,
        "songNumber": 3,
        "activePlayerCount": 131,
        "LinkVideo": "https://files.catbox.moe/u97clp.webm",
        "LinkMp3": "https://files.catbox.moe/wphcko.mp3",
        "annId": 22314,
        "aniListId": 110446,
        "kitsuId": 43124,
        "malId": 40074,
        "songDifficulty": 21.737063637262658,
        "vintage": "Summer 2020"
    },
    {
        "animeEng": "Dai-Guard",
        "animeRomaji": "Chikyuu Bouei Kigyou Dai-Guard",
        "songName": "Rojiura no Uchuu Shounen",
        "artist": "The Cobratwisters",
        "type": "Opening 1",
        "correctCount": 6,
        "startTime": 44,
        "songDuration": 84.713646,
        "songNumber": 4,
        "activePlayerCount": 132,
        "LinkVideo": "https://files.catbox.moe/ym7bx7.webm",
        "LinkMp3": "https://files.catbox.moe/pdmazn.mp3",
        "annId": 890,
        "aniListId": 1312,
        "kitsuId": 1177,
        "malId": 1312,
        "songDifficulty": 15.34184768800813,
        "vintage": "Fall 1999"
    },
    {
        "animeEng": "Slow Loop",
        "animeRomaji": "Slow Loop",
        "songName": "Shuwa Shuwa",
        "artist": "Three\u221eLoop",
        "type": "Ending 1",
        "correctCount": 66,
        "startTime": 42,
        "songDuration": 89.568,
        "songNumber": 5,
        "activePlayerCount": 135,
        "LinkVideo": "https://files.catbox.moe/8znfxh.webm",
        "LinkMp3": "https://files.catbox.moe/1p85c3.mp3",
        "annId": 23892,
        "aniListId": 127549,
        "kitsuId": 44381,
        "malId": 45425,
        "songDifficulty": 26.336419092465754,
        "vintage": "Winter 2022"
    },
    {
        "animeEng": "Seitokai Yakuindomo Movie 2",
        "animeRomaji": "Seitokai Yakuindomo Movie 2",
        "songName": "Shounen Shoujo Attention",
        "artist": "Triple Booking",
        "type": "Ending 1",
        "correctCount": 8,
        "startTime": 69,
        "songDuration": 231.624,
        "songNumber": 6,
        "activePlayerCount": 133,
        "LinkVideo": "https://files.catbox.moe/rgoqnz.webm",
        "LinkMp3": "https://files.catbox.moe/f42s34.mp3",
        "annId": 23501,
        "aniListId": 113692,
        "kitsuId": 44497,
        "malId": 40814,
        "songDifficulty": 8.308712099736937,
        "vintage": "Winter 2021"
    },
    {
        "animeEng": "Ghost in the Shell: Stand Alone Complex",
        "animeRomaji": "Koukaku Kidoutai: Stand Alone Complex",
        "songName": "Lithium Flower",
        "artist": "Scott Matthew",
        "type": "Ending 1",
        "correctCount": 41,
        "startTime": 57,
        "songDuration": 90.264,
        "songNumber": 7,
        "activePlayerCount": 135,
        "LinkVideo": "https://files.catbox.moe/ogprku.webm",
        "LinkMp3": "https://files.catbox.moe/xfwf1u.mp3",
        "annId": 910,
        "aniListId": 467,
        "kitsuId": 429,
        "malId": 467,
        "songDifficulty": 21.67610868259477,
        "vintage": "Fall 2002"
    },
    {
        "animeEng": "Gunbuster",
        "animeRomaji": "Gunbuster",
        "songName": "Top o Nerae! ~Fly High~",
        "artist": "Noriko Hidaka & Rei Sakuma",
        "type": "Insert Song",
        "correctCount": 15,
        "startTime": 37,
        "songDuration": 227.052424,
        "songNumber": 8,
        "activePlayerCount": 136,
        "LinkVideo": "https://files.catbox.moe/xtu8nm.webm",
        "LinkMp3": "https://files.catbox.moe/3vwpx5.mp3",
        "annId": 466,
        "aniListId": 949,
        "kitsuId": 841,
        "malId": 949,
        "songDifficulty": 22.077816047235444,
        "vintage": "Fall 1988"
    },
    {
        "animeEng": "Yomigaeru Sora: Rescue Wings",
        "animeRomaji": "Yomigaeru Sora: Rescue Wings",
        "songName": "Hyokkori Hyoutanjima",
        "artist": "Yoko Maekawa feat. Young Fresh",
        "type": "Opening 2",
        "correctCount": 13,
        "startTime": 18,
        "songDuration": 62.568,
        "songNumber": 9,
        "activePlayerCount": 137,
        "LinkVideo": "https://files.catbox.moe/ib5qxz.webm",
        "LinkMp3": "https://files.catbox.moe/zggqs1.mp3",
        "annId": 6234,
        "aniListId": 798,
        "kitsuId": 712,
        "malId": 798,
        "songDifficulty": 16.74276613609813,
        "vintage": "Winter 2006"
    },
    {
        "animeEng": "Persona 3 the Movie #4 Winter of Rebirth",
        "animeRomaji": "Persona 3 the Movie #4 Winter of Rebirth",
        "songName": "Kimi no Kioku",
        "artist": "Yumi Kawamura",
        "type": "Ending 1",
        "correctCount": 43,
        "startTime": 248,
        "songDuration": 355.608,
        "songNumber": 10,
        "activePlayerCount": 139,
        "LinkVideo": "https://files.catbox.moe/u3vh05.webm",
        "LinkMp3": "https://files.catbox.moe/5e7d7l.mp3",
        "annId": 17257,
        "aniListId": 21248,
        "kitsuId": 11167,
        "malId": 31149,
        "songDifficulty": 26.478743654822335,
        "vintage": "Winter 2016"
    },
    {
        "animeEng": "Haikyu!! Second Season",
        "animeRomaji": "Haikyu!! Second Season",
        "songName": "Hatsunetsu",
        "artist": "tacica",
        "type": "Ending 2",
        "correctCount": 47,
        "startTime": 59,
        "songDuration": 89.568,
        "songNumber": 11,
        "activePlayerCount": 141,
        "LinkVideo": "https://files.catbox.moe/2n0kmp.webm",
        "LinkMp3": "https://files.catbox.moe/yz69hp.mp3",
        "annId": 16660,
        "aniListId": 20992,
        "kitsuId": 10076,
        "malId": 28891,
        "songDifficulty": 17.042468482150287,
        "vintage": "Fall 2015"
    },
    {
        "animeEng": "Aiura",
        "animeRomaji": "Aiura",
        "songName": "Kani\u2606Do-Luck!",
        "artist": "Aiu\u2665Love",
        "type": "Opening 1",
        "correctCount": 66,
        "startTime": 12,
        "songDuration": 59.112,
        "songNumber": 12,
        "activePlayerCount": 142,
        "LinkVideo": "https://files.catbox.moe/ogxg34.webm",
        "LinkMp3": "https://files.catbox.moe/outlry.mp3",
        "annId": 15125,
        "aniListId": 17082,
        "kitsuId": 7576,
        "malId": 17082,
        "songDifficulty": 27.969337449318097,
        "vintage": "Spring 2013"
    },
    {
        "animeEng": "Kamisama Kiss 2",
        "animeRomaji": "Kamisama Hajimemashita\u25ce",
        "songName": "Kamisama Hajimemashita",
        "artist": "Suzuko Mimori featuring Hanae",
        "type": "Insert Song",
        "correctCount": 45,
        "startTime": 1,
        "songDuration": 92.232,
        "songNumber": 13,
        "activePlayerCount": 143,
        "LinkVideo": "https://files.catbox.moe/ziq7ak.webm",
        "LinkMp3": "https://files.catbox.moe/zbbwqy.mp3",
        "annId": 16255,
        "aniListId": 20801,
        "kitsuId": 8716,
        "malId": 25681,
        "songDifficulty": 21.96612134822028,
        "vintage": "Winter 2015"
    },
    {
        "animeEng": "Bleach",
        "animeRomaji": "Bleach",
        "songName": "Song for...",
        "artist": "ROOKiEZ is PUNK'D",
        "type": "Ending 26",
        "correctCount": 8,
        "startTime": 46,
        "songDuration": 88.8,
        "songNumber": 14,
        "activePlayerCount": 146,
        "LinkVideo": "https://files.catbox.moe/cwvb66.webm",
        "LinkMp3": "https://files.catbox.moe/jqqzvb.mp3",
        "annId": 4240,
        "aniListId": 269,
        "kitsuId": 244,
        "malId": 269,
        "songDifficulty": 17.84538402422693,
        "vintage": "Fall 2004"
    },
    {
        "animeEng": "Buso Renkin",
        "animeRomaji": "Buso Renkin",
        "songName": "Makka na Chikai",
        "artist": "Yoshiki Fukuyama",
        "type": "Opening 1",
        "correctCount": 51,
        "startTime": 24,
        "songDuration": 91.7943,
        "songNumber": 15,
        "activePlayerCount": 147,
        "LinkVideo": "https://files.catbox.moe/idc2sp.webm",
        "LinkMp3": "https://files.catbox.moe/qwyxzb.mp3",
        "annId": 6601,
        "aniListId": 1536,
        "kitsuId": 1377,
        "malId": 1536,
        "songDifficulty": 23.61399345064832,
        "vintage": "Fall 2006"
    },
    {
        "animeEng": "Magical Girl Site",
        "animeRomaji": "Mahou Shoujo Site",
        "songName": "Changing point",
        "artist": "Ryuusei Nakao",
        "type": "Opening 2",
        "correctCount": 57,
        "startTime": 53,
        "songDuration": 88.344,
        "songNumber": 16,
        "activePlayerCount": 148,
        "LinkVideo": "https://files.catbox.moe/khzme6.webm",
        "LinkMp3": "https://files.catbox.moe/vpspql.mp3",
        "annId": 20511,
        "aniListId": 100010,
        "kitsuId": 14137,
        "malId": 36266,
        "songDifficulty": 25.52518005106465,
        "vintage": "Spring 2018"
    },
    {
        "animeEng": "Neon Genesis Evangelion: Death & Rebirth",
        "animeRomaji": "Shinseiki Evangelion Gekijouban: Shi to Shinsei",
        "songName": "Bay side love story -from Tokyo-",
        "artist": "Masami Okui",
        "type": "Insert Song",
        "correctCount": 98,
        "startTime": 0,
        "songDuration": 29.472,
        "songNumber": 17,
        "activePlayerCount": 148,
        "LinkVideo": "https://files.catbox.moe/cex2gf.webm",
        "LinkMp3": "https://files.catbox.moe/8w6x5g.mp3",
        "annId": 418,
        "aniListId": 31,
        "kitsuId": 22,
        "malId": 31,
        "songDifficulty": 25.1469873495407,
        "vintage": "Winter 1997"
    },
    {
        "animeEng": "Yo-kai Watch",
        "animeRomaji": "Youkai Watch",
        "songName": "Yuugara o Tomodachi",
        "artist": "King Cream Soda",
        "type": "Opening 3",
        "correctCount": 21,
        "startTime": 54,
        "songDuration": 84.024,
        "songNumber": 18,
        "activePlayerCount": 148,
        "LinkVideo": "https://files.catbox.moe/zl5yzs.webm",
        "LinkMp3": "https://files.catbox.moe/je3j2o.mp3",
        "annId": 16937,
        "aniListId": 19157,
        "kitsuId": 8010,
        "malId": 19157,
        "songDifficulty": 18.45437757297904,
        "vintage": "Summer 2015"
    },
    {
        "animeEng": "Space Brothers",
        "animeRomaji": "Uchuu Kyoudai",
        "songName": "Eureka",
        "artist": "Sukima Switch",
        "type": "Opening 2",
        "correctCount": 22,
        "startTime": 23,
        "songDuration": 89.448,
        "songNumber": 19,
        "activePlayerCount": 148,
        "LinkVideo": "https://files.catbox.moe/rm13rz.webm",
        "LinkMp3": "https://files.catbox.moe/vrj2m8.mp3",
        "annId": 13890,
        "aniListId": 12431,
        "kitsuId": 6729,
        "malId": 12431,
        "songDifficulty": 19.337889755011137,
        "vintage": "Spring 2012"
    },
    {
        "animeEng": "Reign: The Conqueror",
        "animeRomaji": "Alexander Senki",
        "songName": "Anata no Kiss o Kazoemasho -You Were Mine-",
        "artist": "Yuki Koyanagi",
        "type": "Opening 1",
        "correctCount": 5,
        "startTime": 83,
        "songDuration": 217.344,
        "songNumber": 20,
        "activePlayerCount": 149,
        "LinkVideo": "https://files.catbox.moe/0w13in.webm",
        "LinkMp3": "https://files.catbox.moe/b36j5j.mp3",
        "annId": 2276,
        "aniListId": 1442,
        "kitsuId": 1295,
        "malId": 1442,
        "songDifficulty": 5.960859479027962,
        "vintage": "Summer 1999",
        "correctPlayers": [
            "Rukawa11",
            "AKl",
            "KaedeTakagaki",
            "Goatonaspork",
            "noearstheotaku"
        ]
    },
    {
        "animeEng": "Wagnaria!! 3",
        "animeRomaji": "Working!!!",
        "songName": "Matsuge ni LOCK",
        "artist": "Jun Fukuyama, Daisuke Ono, Hiroshi Kamiya",
        "type": "Ending 1",
        "correctCount": 30,
        "startTime": 28,
        "songDuration": 89.232,
        "songNumber": 21,
        "activePlayerCount": 152,
        "LinkVideo": "https://files.catbox.moe/tpvbyt.webm",
        "LinkMp3": "https://files.catbox.moe/wexmoi.mp3",
        "annId": 16648,
        "aniListId": 20819,
        "kitsuId": 8712,
        "malId": 25879,
        "songDifficulty": 15.171628364183512,
        "vintage": "Summer 2015"
    },
    {
        "animeEng": "The Slayers",
        "animeRomaji": "The Slayers",
        "songName": "Get along",
        "artist": "Masami Okui & Megumi Hayashibara",
        "type": "Opening 1",
        "correctCount": 58,
        "startTime": 16,
        "songDuration": 94.56,
        "songNumber": 22,
        "activePlayerCount": 152,
        "LinkVideo": "https://files.catbox.moe/a8zdlz.webm",
        "LinkMp3": "https://files.catbox.moe/e8h56c.mp3",
        "annId": 657,
        "aniListId": 534,
        "kitsuId": 493,
        "malId": 534,
        "songDifficulty": 29.55436351816831,
        "vintage": "Spring 1995"
    },
    {
        "animeEng": "Aquarion Evol",
        "animeRomaji": "Aquarion Evol",
        "songName": "Paradoxical Zoo",
        "artist": "AKINO with bless4",
        "type": "Opening 2",
        "correctCount": 76,
        "startTime": 45,
        "songDuration": 89.664,
        "songNumber": 23,
        "activePlayerCount": 152,
        "LinkVideo": "https://files.catbox.moe/qawmw1.webm",
        "LinkMp3": "https://files.catbox.moe/hxu73a.mp3",
        "annId": 12547,
        "aniListId": 10447,
        "kitsuId": 6185,
        "malId": 10447,
        "songDifficulty": 24.822565832249676,
        "vintage": "Winter 2012"
    },
    {
        "animeEng": "Spooky Kitaro",
        "animeRomaji": "Gegege no Kitarou",
        "songName": "Natsu no Mamono",
        "artist": "Tsuru",
        "type": "Ending 4",
        "correctCount": 1,
        "startTime": 18,
        "songDuration": 58.56,
        "songNumber": 24,
        "activePlayerCount": 152,
        "LinkVideo": "https://files.catbox.moe/ljbflo.webm",
        "LinkMp3": "https://files.catbox.moe/21t1u2.mp3",
        "annId": 7616,
        "aniListId": 2165,
        "kitsuId": 1960,
        "malId": 2165,
        "songDifficulty": 7.878557158679497,
        "vintage": "Spring 2007",
        "correctPlayers": [
            "zuinal"
        ]
    },
    {
        "animeEng": "Naruto",
        "animeRomaji": "Naruto",
        "songName": "Speed",
        "artist": "analogfish",
        "type": "Ending 10",
        "correctCount": 40,
        "startTime": 12,
        "songDuration": 89.07602,
        "songNumber": 25,
        "activePlayerCount": 152,
        "LinkVideo": "https://files.catbox.moe/fpfg56.webm",
        "LinkMp3": "https://files.catbox.moe/e05gf8.mp3",
        "annId": 1825,
        "aniListId": 20,
        "kitsuId": 11,
        "malId": 20,
        "songDifficulty": 36.69521817585302,
        "vintage": "Fall 2002"
    },
    {
        "animeEng": "Sarazanmai",
        "animeRomaji": "Sarazanmai",
        "songName": "Houkago Kappa",
        "artist": "Teiko",
        "type": "Insert Song",
        "correctCount": 21,
        "startTime": 2,
        "songDuration": 83.808,
        "songNumber": 26,
        "activePlayerCount": 153,
        "LinkVideo": "https://files.catbox.moe/599bla.webm",
        "LinkMp3": "https://files.catbox.moe/tl3ztd.mp3",
        "annId": 21544,
        "aniListId": 101261,
        "kitsuId": 41017,
        "malId": 37426,
        "songDifficulty": 18.091725557572612,
        "vintage": "Spring 2019"
    },
    {
        "animeEng": "Tenjho Tenge",
        "animeRomaji": "Tenjou Tenge",
        "songName": "Aishitene Motto",
        "artist": "Aiko Kayo",
        "type": "Ending 1",
        "correctCount": 29,
        "startTime": 35,
        "songDuration": 89.136,
        "songNumber": 27,
        "activePlayerCount": 153,
        "LinkVideo": "https://files.catbox.moe/m8boa2.webm",
        "LinkMp3": "https://files.catbox.moe/0aerb1.mp3",
        "annId": 3541,
        "aniListId": 174,
        "kitsuId": 151,
        "malId": 174,
        "songDifficulty": 16.38128277972028,
        "vintage": "Spring 2004"
    },
    {
        "animeEng": "Star\u2606Twinkle Precure: Hoshi no Uta ni Omoi o Komete",
        "animeRomaji": "Star\u2606Twinkle Precure: Hoshi no Uta ni Omoi o Komete",
        "songName": "Twinkle Stars",
        "artist": "Eimi Naruse, Kiyono Yasuno, Konomi Kohara, Mikako Komatsu, Sumire Uesaka",
        "type": "Insert Song",
        "correctCount": 11,
        "startTime": 274,
        "songDuration": 408.96,
        "songNumber": 28,
        "activePlayerCount": 154,
        "LinkVideo": "https://files.catbox.moe/mfv6ml.webm",
        "LinkMp3": "https://files.catbox.moe/wsg0dc.mp3",
        "annId": 22254,
        "aniListId": 109737,
        "kitsuId": 42660,
        "malId": 38850,
        "songDifficulty": 17.41980680717054,
        "vintage": "Fall 2019"
    },
    {
        "animeEng": "Cutey Honey",
        "animeRomaji": "Cutey Honey",
        "songName": "Cutey Honey",
        "artist": "Yoko Maekawa",
        "type": "Opening 1",
        "correctCount": 80,
        "startTime": 17,
        "songDuration": 88.8,
        "songNumber": 29,
        "activePlayerCount": 154,
        "LinkVideo": "https://files.catbox.moe/o3qdvi.webm",
        "LinkMp3": "https://files.catbox.moe/hy5o4d.mp3",
        "annId": 564,
        "aniListId": 1661,
        "kitsuId": 1492,
        "malId": 1661,
        "songDifficulty": 27.952213062959558,
        "vintage": "Fall 1973"
    },
    {
        "animeEng": "Bokurano",
        "animeRomaji": "Bokurano",
        "songName": "Uninstall",
        "artist": "Chiaki Ishikawa",
        "type": "Opening 1",
        "correctCount": 104,
        "startTime": 32,
        "songDuration": 88.368,
        "songNumber": 30,
        "activePlayerCount": 154,
        "LinkVideo": "https://files.catbox.moe/6tvx3r.webm",
        "LinkMp3": "https://files.catbox.moe/g7p9nf.mp3",
        "annId": 7213,
        "aniListId": 1690,
        "kitsuId": 1518,
        "malId": 1690,
        "songDifficulty": 37.43942063452535,
        "vintage": "Spring 2007"
    },
    {
        "animeEng": "New Theatrical Movie Initial D Legend 3: Dream",
        "animeRomaji": "Shin Gekijouban Initial D Legend 3: Mugen",
        "songName": "September's 7th Day (D version)",
        "artist": "BACKDRAFT SMITHS",
        "type": "Insert Song",
        "correctCount": 15,
        "startTime": 112,
        "songDuration": 152.526358,
        "songNumber": 31,
        "activePlayerCount": 154,
        "LinkVideo": "https://files.catbox.moe/8prq57.webm",
        "LinkMp3": "https://files.catbox.moe/5l4nfn.mp3",
        "annId": 17511,
        "aniListId": 21289,
        "kitsuId": 11053,
        "malId": 30952,
        "songDifficulty": 12.48376326971112,
        "vintage": "Winter 2016"
    },
    {
        "animeEng": "The iDOLM@STER Cinderella Girls",
        "animeRomaji": "The iDOLM@STER Cinderella Girls",
        "songName": "TOKIMEKI Escalate",
        "artist": "Haruka Yoshimura",
        "type": "Insert Song",
        "correctCount": 15,
        "startTime": 33,
        "songDuration": 90.48,
        "songNumber": 32,
        "activePlayerCount": 154,
        "LinkVideo": "https://files.catbox.moe/gd5ljh.webm",
        "LinkMp3": "https://files.catbox.moe/s5aigt.mp3",
        "annId": 16098,
        "aniListId": 20693,
        "kitsuId": 8777,
        "malId": 23587,
        "songDifficulty": 23.75495808710175,
        "vintage": "Winter 2015"
    },
    {
        "animeEng": "Just Because!",
        "animeRomaji": "Just Because!",
        "songName": "behind",
        "artist": "Karin Isobe, Yuna Yoshino, Lynn",
        "type": "Ending 1",
        "correctCount": 33,
        "startTime": 18,
        "songDuration": 88.56,
        "songNumber": 33,
        "activePlayerCount": 154,
        "LinkVideo": "https://files.catbox.moe/mi9q1b.webm",
        "LinkMp3": "https://files.catbox.moe/3rl4hp.mp3",
        "annId": 19945,
        "aniListId": 98820,
        "kitsuId": 13530,
        "malId": 35639,
        "songDifficulty": 17.963112388850888,
        "vintage": "Fall 2017"
    },
    {
        "animeEng": "22/7 (Nanabun no Nijyuuni)",
        "animeRomaji": "22/7",
        "songName": "Ikirukoto ni Raku ni Naritai",
        "artist": "Sally Amaki",
        "type": "Ending 3",
        "correctCount": 14,
        "startTime": 20,
        "songDuration": 89.112,
        "songNumber": 34,
        "activePlayerCount": 155,
        "LinkVideo": "https://files.catbox.moe/wmvw9v.webm",
        "LinkMp3": "https://files.catbox.moe/6hvgwe.mp3",
        "annId": 22353,
        "aniListId": 99807,
        "kitsuId": 42456,
        "malId": 40148,
        "songDifficulty": 17.421552061089077,
        "vintage": "Winter 2020"
    },
    {
        "animeEng": "Lil' Red Riding Hood Cha-Cha",
        "animeRomaji": "Akazukin Chacha",
        "songName": "Chacha ni Omakase",
        "artist": "Masami Suzuki, Tomo Sakurai, Mayumi Akado",
        "type": "Ending 2",
        "correctCount": 2,
        "startTime": 43,
        "songDuration": 88.2,
        "songNumber": 35,
        "activePlayerCount": 156,
        "LinkVideo": "https://files.catbox.moe/26pnqe.webm",
        "LinkMp3": "https://files.catbox.moe/oefk4m.mp3",
        "annId": 539,
        "aniListId": 103,
        "kitsuId": 82,
        "malId": 103,
        "songDifficulty": 16.48874551741803,
        "vintage": "Winter 1994",
        "correctPlayers": [
            "Rukawa11",
            "Deafness"
        ]
    },
    {
        "animeEng": "Wake Up, Girls!: The Movie",
        "animeRomaji": "Wake Up, Girls!: The Movie",
        "songName": "Tachiagare!",
        "artist": "Wake Up, Girls!",
        "type": "Ending 1",
        "correctCount": 94,
        "startTime": 247,
        "songDuration": 288.072,
        "songNumber": 36,
        "activePlayerCount": 154,
        "LinkVideo": "https://files.catbox.moe/8z3gon.webm",
        "LinkMp3": "https://files.catbox.moe/39buca.mp3",
        "annId": 15713,
        "aniListId": 20512,
        "kitsuId": 8200,
        "malId": 21189,
        "songDifficulty": 27.80412290292515,
        "vintage": "Winter 2014"
    },
    {
        "animeEng": "Doraemon",
        "animeRomaji": "Doraemon",
        "songName": "Moonlight Blue",
        "artist": "Wasabi Mizuta, Megumi Oohara, Subaru Kimura, Tomokazu Seki",
        "type": "Insert Song",
        "correctCount": 21,
        "startTime": 8,
        "songDuration": 175.056,
        "songNumber": 37,
        "activePlayerCount": 155,
        "LinkVideo": "https://files.catbox.moe/k6481n.webm",
        "LinkMp3": "https://files.catbox.moe/ah8p71.mp3",
        "annId": 14223,
        "aniListId": 8687,
        "kitsuId": 5443,
        "malId": 8687,
        "songDifficulty": 26.31106126237624,
        "vintage": "Spring 2005"
    },
    {
        "animeEng": "Little Nemo: Adventures in Slumberland",
        "animeRomaji": "Little Nemo",
        "songName": "Little Nemo",
        "artist": "Melissa Manchester",
        "type": "Opening 1",
        "correctCount": 112,
        "startTime": 64,
        "songDuration": 154.104,
        "songNumber": 38,
        "activePlayerCount": 155,
        "LinkVideo": "https://files.catbox.moe/458xrx.webm",
        "LinkMp3": "https://files.catbox.moe/i8wqhj.mp3",
        "annId": 4287,
        "aniListId": 2286,
        "kitsuId": 2071,
        "malId": 2286,
        "songDifficulty": 25.83689190147504,
        "vintage": "Summer 1989"
    },
    {
        "animeEng": "Persona 4 The Animation",
        "animeRomaji": "Persona 4 The Animation",
        "songName": "Hito no Mono",
        "artist": "Tamari",
        "type": "Insert Song",
        "correctCount": 8,
        "startTime": 2,
        "songDuration": 31.32,
        "songNumber": 39,
        "activePlayerCount": 157,
        "LinkVideo": "https://files.catbox.moe/cinne7.webm",
        "LinkMp3": "https://files.catbox.moe/l0qjcx.mp3",
        "annId": 12870,
        "aniListId": 10588,
        "kitsuId": 6255,
        "malId": 10588,
        "songDifficulty": 11.20825807225064,
        "vintage": "Fall 2011"
    },
    {
        "animeEng": "IyaPan",
        "animeRomaji": "Iya na Kao Sare Nagara Opantsu Misete Moraitai",
        "songName": "NEXT STAGE",
        "artist": "Akari Tsuda",
        "type": "Ending 1",
        "correctCount": 49,
        "startTime": 0,
        "songDuration": 28.776,
        "songNumber": 40,
        "activePlayerCount": 157,
        "LinkVideo": "https://files.catbox.moe/z603mc.webm",
        "LinkMp3": "https://files.catbox.moe/nula8r.mp3",
        "annId": 21119,
        "aniListId": 101970,
        "kitsuId": 41431,
        "malId": 37021,
        "songDifficulty": 17.215247844827587,
        "vintage": "Summer 2018"
    },
    {
        "animeEng": "Gungrave",
        "animeRomaji": "Gungrave",
        "songName": "Family",
        "artist": "Tsuneo Imahori",
        "type": "Opening 1",
        "correctCount": 24,
        "startTime": 57,
        "songDuration": 93.024,
        "songNumber": 41,
        "activePlayerCount": 157,
        "LinkVideo": "https://files.catbox.moe/p8gew5.webm",
        "LinkMp3": "https://files.catbox.moe/6zocyf.mp3",
        "annId": 2635,
        "aniListId": 267,
        "kitsuId": 242,
        "malId": 267,
        "songDifficulty": 18.56559755332497,
        "vintage": "Fall 2003"
    },
    {
        "animeEng": "Space Battleship TIRAMISU Zwei",
        "animeRomaji": "Uchuu Senkan Tiramisu II",
        "songName": "DURANDAL New ver.",
        "artist": "Kaito Ishikawa",
        "type": "Ending 1",
        "correctCount": 83,
        "startTime": 0,
        "songDuration": 14.288734,
        "songNumber": 42,
        "activePlayerCount": 158,
        "LinkVideo": "https://files.catbox.moe/piyvba.webm",
        "LinkMp3": "https://files.catbox.moe/qajkhx.mp3",
        "annId": 21136,
        "aniListId": 102978,
        "kitsuId": 41926,
        "malId": 37988,
        "songDifficulty": 21.015968717650104,
        "vintage": "Fall 2018"
    },
    {
        "animeEng": "Shina Dark: Kuroki Tsuki no Ou to Souheki no Tsuki no Himegimi",
        "animeRomaji": "Shina Dark: Kuroki Tsuki no Ou to Souheki no Tsuki no Himegimi",
        "songName": "Moon Legend",
        "artist": "Aira Yuuki",
        "type": "Insert Song",
        "correctCount": 8,
        "startTime": 5,
        "songDuration": 94.296,
        "songNumber": 43,
        "activePlayerCount": 158,
        "LinkVideo": "https://files.catbox.moe/kxuy11.webm",
        "LinkMp3": "https://files.catbox.moe/iwx068.mp3",
        "annId": 9013,
        "aniListId": 3642,
        "kitsuId": 3163,
        "malId": 3642,
        "songDifficulty": 12.558921315562186,
        "vintage": "Winter 2008"
    },
    {
        "animeEng": "Trapped in a Dating Sim: The World of Otome Games is Tough for Mobs",
        "animeRomaji": "MobSeka",
        "songName": "selfish",
        "artist": "Riko Azuna",
        "type": "Ending 1",
        "correctCount": 27,
        "startTime": 52,
        "songDuration": 89.472,
        "songNumber": 44,
        "activePlayerCount": 158,
        "LinkVideo": "https://files.catbox.moe/ip12n5.webm",
        "LinkMp3": "https://files.catbox.moe/0l76xz.mp3",
        "annId": 24993,
        "aniListId": 142074,
        "kitsuId": 45529,
        "malId": 50461,
        "songDifficulty": 19.37969342697961,
        "vintage": "Spring 2022"
    },
    {
        "animeEng": "Tonari no Seki-kun: The Master of Killing Time",
        "animeRomaji": "Tonari no Seki-kun",
        "songName": "Set Them Free",
        "artist": "Akira Jimbo feat. Ai Ikegami",
        "type": "Ending 1",
        "correctCount": 90,
        "startTime": 3,
        "songDuration": 44.112,
        "songNumber": 45,
        "activePlayerCount": 157,
        "LinkVideo": "https://files.catbox.moe/tl4wmo.webm",
        "LinkMp3": "https://files.catbox.moe/p5gby9.mp3",
        "annId": 15587,
        "aniListId": 18139,
        "kitsuId": 7761,
        "malId": 18139,
        "songDifficulty": 31.50612019230769,
        "vintage": "Winter 2014"
    },
    {
        "animeEng": "Aikatsu!: Nerawareta Mahou no Aikatsu! Card",
        "animeRomaji": "Aikatsu!: Nerawareta Mahou no Aikatsu! Card",
        "songName": "START DASH SENSATION",
        "artist": "Ruka\u30fbMona\u30fbMiki from AIKATSU\u2606STARS!",
        "type": "Ending 1",
        "correctCount": 60,
        "startTime": 41,
        "songDuration": 106.752,
        "songNumber": 46,
        "activePlayerCount": 157,
        "LinkVideo": "https://files.catbox.moe/lllkje.webm",
        "LinkMp3": "https://files.catbox.moe/29e85j.mp3",
        "annId": 18548,
        "aniListId": 98332,
        "kitsuId": 12256,
        "malId": 32806,
        "songDifficulty": 27.814735190382283,
        "vintage": "Summer 2016"
    },
    {
        "animeEng": "Nekomonogatari (Black)",
        "animeRomaji": "Nekomonogatari (Black)",
        "songName": "perfect slumbers",
        "artist": "Yui Horie",
        "type": "Opening 1",
        "correctCount": 92,
        "startTime": 18,
        "songDuration": 88.056,
        "songNumber": 47,
        "activePlayerCount": 155,
        "LinkVideo": "https://files.catbox.moe/hgkt35.webm",
        "LinkMp3": "https://files.catbox.moe/8aie0n.mp3",
        "annId": 14954,
        "aniListId": 15689,
        "kitsuId": 7294,
        "malId": 15689,
        "songDifficulty": 28.623321535022356,
        "vintage": "Fall 2012"
    },
    {
        "animeEng": "Vassalord",
        "animeRomaji": "Vassalord",
        "songName": "Nessun dorma",
        "artist": "Luciano Pavarotti",
        "type": "Opening 1",
        "correctCount": 59,
        "startTime": 48,
        "songDuration": 78.792,
        "songNumber": 48,
        "activePlayerCount": 159,
        "LinkVideo": "https://files.catbox.moe/a07wzq.webm",
        "LinkMp3": "https://files.catbox.moe/4c4qzj.mp3",
        "annId": 14851,
        "aniListId": 15933,
        "kitsuId": 7343,
        "malId": 15933,
        "songDifficulty": 17.55101786950502,
        "vintage": "Winter 2013"
    },
    {
        "animeEng": "Live Animation Heart \u00d7 Algorhythm",
        "animeRomaji": "Live Animation Heart \u00d7 Algorhythm",
        "songName": "subroutine",
        "artist": "Minori Suzuki & Xiao Wu",
        "type": "Insert Song",
        "correctCount": 4,
        "startTime": 58,
        "songDuration": 130.872,
        "songNumber": 49,
        "activePlayerCount": 159,
        "LinkVideo": "https://files.catbox.moe/r1r5g6.webm",
        "LinkMp3": "https://files.catbox.moe/n92upq.mp3",
        "annId": 24782,
        "aniListId": 149097,
        "kitsuId": 41743,
        "malId": 37167,
        "songDifficulty": 6.811509602864583,
        "vintage": "Summer 2017",
        "correctPlayers": [
            "EruisKawaii",
            "AKl",
            "theyingster",
            "kaghey"
        ]
    },
    {
        "animeEng": "Stigma of the Wind",
        "animeRomaji": "Kaze no Stigma",
        "songName": "Matataki no Kioku",
        "artist": "Ayumi Fujimura, Yuka Inokuchi, Shizuka Itou",
        "type": "Ending 2",
        "correctCount": 9,
        "startTime": 50,
        "songDuration": 90.048,
        "songNumber": 50,
        "activePlayerCount": 157,
        "LinkVideo": "https://files.catbox.moe/vlxflc.webm",
        "LinkMp3": "https://files.catbox.moe/y6y681.mp3",
        "annId": 7473,
        "aniListId": 1691,
        "kitsuId": 1519,
        "malId": 1691,
        "songDifficulty": 6.186514491170444,
        "vintage": "Spring 2007"
    },
    {
        "animeEng": "Beastars",
        "animeRomaji": "Beastars",
        "songName": "Yasashii Suisei",
        "artist": "YOASOBI",
        "type": "Ending 1",
        "correctCount": 100,
        "startTime": 35,
        "songDuration": 86.976,
        "songNumber": 51,
        "activePlayerCount": 156,
        "LinkVideo": "https://files.catbox.moe/c1eusr.webm",
        "LinkMp3": "https://files.catbox.moe/v17ka9.mp3",
        "annId": 23749,
        "aniListId": 114194,
        "kitsuId": 42904,
        "malId": 40935,
        "songDifficulty": 44.97138694840227,
        "vintage": "Winter 2021"
    },
    {
        "animeEng": "Space Brothers #0",
        "animeRomaji": "Uchuu Kyoudai #0",
        "songName": "Raiu Kekkou",
        "artist": "The Cro-Magnons",
        "type": "Insert Song",
        "correctCount": 6,
        "startTime": 46,
        "songDuration": 75.36,
        "songNumber": 52,
        "activePlayerCount": 156,
        "LinkVideo": "https://files.catbox.moe/hon154.webm",
        "LinkMp3": "https://files.catbox.moe/jsdbye.mp3",
        "annId": 16209,
        "aniListId": 20559,
        "kitsuId": 8358,
        "malId": 22583,
        "songDifficulty": 5.424963874691273,
        "vintage": "Summer 2014"
    },
    {
        "animeEng": "Akiba's Trip: The Animation",
        "animeRomaji": "Akiba's Trip: The Animation",
        "songName": "Ikken Rakuchaku Goyoujin",
        "artist": "Earphones",
        "type": "Opening 1",
        "correctCount": 38,
        "startTime": 35,
        "songDuration": 89.376,
        "songNumber": 53,
        "activePlayerCount": 157,
        "LinkVideo": "https://files.catbox.moe/erqmuv.webm",
        "LinkMp3": "https://files.catbox.moe/96m078.mp3",
        "annId": 18734,
        "aniListId": 97636,
        "kitsuId": 12532,
        "malId": 34051,
        "songDifficulty": 20.67603366292984,
        "vintage": "Winter 2017"
    },
    {
        "animeEng": "Vazzrock the Animation",
        "animeRomaji": "Vazzrock the Animation",
        "songName": "Fly High",
        "artist": "VAZZY",
        "type": "Opening 1",
        "correctCount": 0,
        "startTime": 8,
        "songDuration": 89.28,
        "songNumber": 54,
        "activePlayerCount": 157,
        "LinkVideo": "https://files.catbox.moe/z6qay5.webm",
        "LinkMp3": "https://files.catbox.moe/i4tob5.mp3",
        "annId": 25695,
        "aniListId": 125910,
        "kitsuId": 46509,
        "malId": 43771,
        "songDifficulty": 19.198259205345174,
        "vintage": "Fall 2022"
    },
    {
        "animeEng": "As Miss Beelzebub likes.",
        "animeRomaji": "Beelzebub-jou no Okinimesu Mama.",
        "songName": "Akuma de Koiwazurai",
        "artist": "Saori Oonishi, Misaki Kuno, Ai Kakuma",
        "type": "Ending 1",
        "correctCount": 13,
        "startTime": 23,
        "songDuration": 89.023776,
        "songNumber": 55,
        "activePlayerCount": 159,
        "LinkVideo": "https://files.catbox.moe/htle8l.webm",
        "LinkMp3": "https://files.catbox.moe/xbmxzx.mp3",
        "annId": 20847,
        "aniListId": 101505,
        "kitsuId": 41218,
        "malId": 37716,
        "songDifficulty": 14.191487838951996,
        "vintage": "Fall 2018"
    },
    {
        "animeEng": "Itsudatte My Santa!",
        "animeRomaji": "Itsudatte My Santa!",
        "songName": "my saint",
        "artist": "Aya Hirano",
        "type": "Ending 2",
        "correctCount": 8,
        "startTime": 41,
        "songDuration": 79.776,
        "songNumber": 56,
        "activePlayerCount": 160,
        "LinkVideo": "https://files.catbox.moe/f5yxia.webm",
        "LinkMp3": "https://files.catbox.moe/71r897.mp3",
        "annId": 5979,
        "aniListId": 588,
        "kitsuId": 543,
        "malId": 588,
        "songDifficulty": 10.796530221254772,
        "vintage": "Fall 2005"
    },
    {
        "animeEng": "ClassicaLoid",
        "animeRomaji": "ClassicaLoid",
        "songName": "ClassicaLoid ~ClassicaLoid no Theme~",
        "artist": "Tomoyasu Hotei & Steve Lipson",
        "type": "Opening 1",
        "correctCount": 103,
        "startTime": 57,
        "songDuration": 88.104,
        "songNumber": 57,
        "activePlayerCount": 160,
        "LinkVideo": "https://files.catbox.moe/zyj0b7.webm",
        "LinkMp3": "https://files.catbox.moe/6q1i3z.mp3",
        "annId": 19801,
        "aniListId": 98546,
        "kitsuId": 13317,
        "malId": 35334,
        "songDifficulty": 26.93676519520852,
        "vintage": "Fall 2017"
    },
    {
        "animeEng": "Love, Chunibyo & Other Delusions!",
        "animeRomaji": "Chu-2 Byo demo Koi ga Shitai!",
        "songName": "INSIDE IDENTITY",
        "artist": "Black Raison d'\u00eatre",
        "type": "Ending 1",
        "correctCount": 96,
        "startTime": 20,
        "songDuration": 88.92,
        "songNumber": 58,
        "activePlayerCount": 161,
        "LinkVideo": "https://files.catbox.moe/e38tmi.webm",
        "LinkMp3": "https://files.catbox.moe/usqxvq.mp3",
        "annId": 14448,
        "aniListId": 14741,
        "kitsuId": 7160,
        "malId": 14741,
        "songDifficulty": 24.043748766771902,
        "vintage": "Fall 2012"
    },
    {
        "animeEng": "Oniku Daisuki! Zeushi-kun 2",
        "animeRomaji": "Oniku Daisuki! Zeushi-kun 2",
        "songName": "Oniku Japanesque!",
        "artist": "Kana Hanazawa",
        "type": "Opening 1",
        "correctCount": 96,
        "startTime": 4,
        "songDuration": 41.256,
        "songNumber": 59,
        "activePlayerCount": 161,
        "LinkVideo": "https://files.catbox.moe/1s9zvg.webm",
        "LinkMp3": "https://files.catbox.moe/03oif0.mp3",
        "annId": 23267,
        "aniListId": 119794,
        "kitsuId": 9999,
        "malId": 28185,
        "songDifficulty": 25.672823570173065,
        "vintage": "Fall 2014"
    },
    {
        "animeEng": "Fist of the North Star 2",
        "animeRomaji": "Hokuto no Ken 2",
        "songName": "TOUGH BOY",
        "artist": "TOM\u2605CAT",
        "type": "Opening 1",
        "correctCount": 38,
        "startTime": 30,
        "songDuration": 92.576368,
        "songNumber": 60,
        "activePlayerCount": 161,
        "LinkVideo": "https://files.catbox.moe/qrnohb.webm",
        "LinkMp3": "https://files.catbox.moe/rtpqy4.mp3",
        "annId": 2199,
        "aniListId": 1356,
        "kitsuId": 1210,
        "malId": 1356,
        "songDifficulty": 18.061752348895777,
        "vintage": "Winter 1987"
    },
    {
        "animeEng": "Saint Seiya: Legend of Sanctuary",
        "animeRomaji": "Saint Seiya: Legend of Sanctuary",
        "songName": "Mr. Deathmask",
        "artist": "Hiroaki Hirata",
        "type": "Insert Song",
        "correctCount": 8,
        "startTime": 44,
        "songDuration": 102.711704,
        "songNumber": 61,
        "activePlayerCount": 161,
        "LinkVideo": "https://files.catbox.moe/kdfhwt.webm",
        "LinkMp3": "https://files.catbox.moe/yf2jem.mp3",
        "annId": 14017,
        "aniListId": 10687,
        "kitsuId": 6293,
        "malId": 10687,
        "songDifficulty": 9.29942646715442,
        "vintage": "Spring 2014"
    },
    {
        "animeEng": "Lesson XX",
        "animeRomaji": "Lesson XX",
        "songName": "Itsuka Wakareru Kimi e",
        "artist": "REVOLVER",
        "type": "Ending 1",
        "correctCount": 5,
        "startTime": 127,
        "songDuration": 215.352,
        "songNumber": 62,
        "activePlayerCount": 159,
        "LinkVideo": "https://files.catbox.moe/qoh65i.webm",
        "LinkMp3": "https://files.catbox.moe/owcr9v.mp3",
        "annId": 4657,
        "aniListId": 1908,
        "kitsuId": 1718,
        "malId": 1908,
        "songDifficulty": 4.331436733912155,
        "vintage": "Spring 1995",
        "correctPlayers": [
            "shadismith",
            "theyingster",
            "ericisgay",
            "ArronChu",
            "quit_w"
        ]
    },
    {
        "animeEng": "Zombie Land Saga Revenge",
        "animeRomaji": "Zombie Land Saga Revenge",
        "songName": "Gekkou Survive",
        "artist": "FranChouChou",
        "type": "Insert Song",
        "correctCount": 18,
        "startTime": 9,
        "songDuration": 126.048,
        "songNumber": 63,
        "activePlayerCount": 159,
        "LinkVideo": "https://files.catbox.moe/fcciet.webm",
        "LinkMp3": "https://files.catbox.moe/jg8q0u.mp3",
        "annId": 24019,
        "aniListId": 110733,
        "kitsuId": 42467,
        "malId": 40174,
        "songDifficulty": 26.720143102083885,
        "vintage": "Spring 2021"
    },
    {
        "animeEng": "Hatena Illusion",
        "animeRomaji": "Hatena Illusion",
        "songName": "Hikari-iro no Uta",
        "artist": "Aina Suzuki",
        "type": "Ending 1",
        "correctCount": 14,
        "startTime": 42,
        "songDuration": 89.448,
        "songNumber": 64,
        "activePlayerCount": 159,
        "LinkVideo": "https://files.catbox.moe/v3te83.webm",
        "LinkMp3": "https://files.catbox.moe/nzidly.mp3",
        "annId": 22390,
        "aniListId": 98515,
        "kitsuId": 13704,
        "malId": 35252,
        "songDifficulty": 16.089322568516042,
        "vintage": "Winter 2020"
    },
    {
        "animeEng": "Boogiepop and Others",
        "animeRomaji": "Boogiepop wa Warawanai",
        "songName": "Whiteout",
        "artist": "Riko Azuna",
        "type": "Ending 1",
        "correctCount": 48,
        "startTime": 56,
        "songDuration": 89.064,
        "songNumber": 65,
        "activePlayerCount": 160,
        "LinkVideo": "https://files.catbox.moe/uqhe9f.webm",
        "LinkMp3": "https://files.catbox.moe/1ofdrj.mp3",
        "annId": 21201,
        "aniListId": 101283,
        "kitsuId": 41032,
        "malId": 37451,
        "songDifficulty": 21.2863344892118,
        "vintage": "Winter 2019"
    },
    {
        "animeEng": "Hanma Baki: Son of Ogre",
        "animeRomaji": "Hanma Baki: Son of Ogre",
        "songName": "Treasure Pleasure",
        "artist": "GRANRODEO",
        "type": "Opening 1",
        "correctCount": 13,
        "startTime": 4,
        "songDuration": 85.944,
        "songNumber": 66,
        "activePlayerCount": 161,
        "LinkVideo": "https://files.catbox.moe/zalha3.webm",
        "LinkMp3": "https://files.catbox.moe/fdut4j.mp3",
        "annId": 24512,
        "aniListId": 124195,
        "kitsuId": 43599,
        "malId": 42940,
        "songDifficulty": 18.18305766651766,
        "vintage": "Summer 2021"
    },
    {
        "animeEng": "Rainbow Days",
        "animeRomaji": "Niji-iro Days",
        "songName": "Rainbow Days!",
        "artist": "Kouki Uchiyama, Nobunaga Shimazaki, Takuya Eguchi, Yoshitsugu Matsuoka",
        "type": "Ending 1",
        "correctCount": 5,
        "startTime": 26,
        "songDuration": 89.088,
        "songNumber": 67,
        "activePlayerCount": 160,
        "LinkVideo": "https://files.catbox.moe/0cxnkn.webm",
        "LinkMp3": "https://files.catbox.moe/a6sq90.mp3",
        "annId": 17531,
        "aniListId": 21292,
        "kitsuId": 11323,
        "malId": 31414,
        "songDifficulty": 14.436077094516872,
        "vintage": "Winter 2016",
        "correctPlayers": [
            "Solosion",
            "zuinal",
            "theyingster",
            "anonimus_opinion",
            "Tapumomo_"
        ]
    },
    {
        "animeEng": "Perman",
        "animeRomaji": "Perman",
        "songName": "Perman wa Soko ni Iru",
        "artist": "Yoshiaki Furuta",
        "type": "Ending 2",
        "correctCount": 3,
        "startTime": 27,
        "songDuration": 73.704,
        "songNumber": 68,
        "activePlayerCount": 160,
        "LinkVideo": "https://files.catbox.moe/lq9l02.webm",
        "LinkMp3": "https://files.catbox.moe/dqazvd.mp3",
        "annId": 2008,
        "aniListId": 11595,
        "kitsuId": 6545,
        "malId": 11595,
        "songDifficulty": 15.89702708250398,
        "vintage": "Spring 1983",
        "correctPlayers": [
            "neoburnz",
            "Akaze",
            "Cofe"
        ]
    },
    {
        "animeEng": "Fate/Grand Order Absolute Demonic Front: Babylonia",
        "animeRomaji": "Fate/Grand Order: Zettai Majuu Sensen Babylonia",
        "songName": "Shikisai",
        "artist": "Maaya Sakamoto",
        "type": "Insert Song",
        "correctCount": 89,
        "startTime": 27,
        "songDuration": 209.616,
        "songNumber": 69,
        "activePlayerCount": 161,
        "LinkVideo": "https://files.catbox.moe/6fhzra.webm",
        "LinkMp3": "https://files.catbox.moe/nzld9g.mp3",
        "annId": 23547,
        "aniListId": 110851,
        "kitsuId": 42475,
        "malId": 40206,
        "songDifficulty": 26.16530095351609,
        "vintage": "Summer 2019"
    },
    {
        "animeEng": "ARP Backstage Pass",
        "animeRomaji": "ARP Backstage Pass",
        "songName": "Ishin Denshin",
        "artist": "SUPER RARE",
        "type": "Insert Song",
        "correctCount": 17,
        "startTime": 52,
        "songDuration": 95.184,
        "songNumber": 70,
        "activePlayerCount": 161,
        "LinkVideo": "https://files.catbox.moe/uwvuj0.webm",
        "LinkMp3": "https://files.catbox.moe/vu2xth.mp3",
        "annId": 22347,
        "aniListId": 110615,
        "kitsuId": 42879,
        "malId": 40137,
        "songDifficulty": 14.767381995292887,
        "vintage": "Winter 2020"
    },
    {
        "animeEng": "Revolutionary Girl Utena",
        "animeRomaji": "Shoujo Kakumei Utena",
        "songName": "Dona Dona",
        "artist": "Yasui Kazumi, NHK Tokyo Jidou Gasshou-dan",
        "type": "Insert Song",
        "correctCount": 23,
        "startTime": 79,
        "songDuration": 164.616,
        "songNumber": 71,
        "activePlayerCount": 162,
        "LinkVideo": "https://files.catbox.moe/jze15d.webm",
        "LinkMp3": "https://files.catbox.moe/ttwhwn.mp3",
        "annId": 207,
        "aniListId": 440,
        "kitsuId": 403,
        "malId": 440,
        "songDifficulty": 15.252320963541667,
        "vintage": "Spring 1997"
    },
    {
        "animeEng": "Ninjala",
        "animeRomaji": "Ninjala",
        "songName": "Ninja Re Bang Bang Steve Aoki Remix",
        "artist": "Kyary Pamyu Pamyu",
        "type": "Ending 1",
        "correctCount": 86,
        "startTime": 29,
        "songDuration": 58.248,
        "songNumber": 72,
        "activePlayerCount": 162,
        "LinkVideo": "https://files.catbox.moe/8jfmk2.webm",
        "LinkMp3": "https://files.catbox.moe/00jgcf.mp3",
        "annId": 23485,
        "aniListId": 123778,
        "kitsuId": 45765,
        "malId": 42658,
        "songDifficulty": 23.425859742411287,
        "vintage": "Spring 2020"
    },
    {
        "animeEng": "Nine",
        "animeRomaji": "Nine",
        "songName": "Manatsu no Runner",
        "artist": "Hiroaki Serizawa",
        "type": "Insert Song",
        "correctCount": 31,
        "startTime": 62,
        "songDuration": 116.696,
        "songNumber": 73,
        "activePlayerCount": 162,
        "LinkVideo": "https://files.catbox.moe/d2kcpc.webm",
        "LinkMp3": "https://files.catbox.moe/qcmz8y.mp3",
        "annId": 10670,
        "aniListId": 9242,
        "kitsuId": 5642,
        "malId": 9242,
        "songDifficulty": 17.83981017757836,
        "vintage": "Summer 1983"
    },
    {
        "animeEng": "Welcome to the Ballroom",
        "animeRomaji": "Ballroom e Youkoso",
        "songName": "I Wanna Dance With You",
        "artist": "Ray Dorsey",
        "type": "Insert Song",
        "correctCount": 30,
        "startTime": 15,
        "songDuration": 64.392,
        "songNumber": 74,
        "activePlayerCount": 162,
        "LinkVideo": "https://files.catbox.moe/wp3o6h.webm",
        "LinkMp3": "https://files.catbox.moe/ex4uo4.mp3",
        "annId": 18982,
        "aniListId": 98005,
        "kitsuId": 13068,
        "malId": 34636,
        "songDifficulty": 22.287181353519667,
        "vintage": "Summer 2017"
    },
    {
        "animeEng": "Rocket Girls",
        "animeRomaji": "Rocket Girls",
        "songName": "RISE",
        "artist": "ICHIKO",
        "type": "Opening 1",
        "correctCount": 18,
        "startTime": 55,
        "songDuration": 88.55358,
        "songNumber": 75,
        "activePlayerCount": 162,
        "LinkVideo": "https://files.catbox.moe/27g4o3.webm",
        "LinkMp3": "https://files.catbox.moe/70rwft.mp3",
        "annId": 7232,
        "aniListId": 1942,
        "kitsuId": 1751,
        "malId": 1942,
        "songDifficulty": 13.624555302099091,
        "vintage": "Winter 2007"
    },
    {
        "animeEng": "Mahoutsukai Sally",
        "animeRomaji": "Mahoutsukai Sally",
        "songName": "Mahoutsukai Sally",
        "artist": "Hiroko Asakawa",
        "type": "Opening 1",
        "correctCount": 67,
        "startTime": 3,
        "songDuration": 79.056,
        "songNumber": 76,
        "activePlayerCount": 162,
        "LinkVideo": "https://files.catbox.moe/053m4x.webm",
        "LinkMp3": "https://files.catbox.moe/vhwwac.mp3",
        "annId": 1695,
        "aniListId": 3875,
        "kitsuId": 3315,
        "malId": 3875,
        "songDifficulty": 38.08172299060543,
        "vintage": "Fall 1989"
    },
    {
        "animeEng": "Mobile Suit Gundam Thunderbolt: Bandit Flower",
        "animeRomaji": "Kidou Senshi Gundam Thunderbolt: Bandit Flower",
        "songName": "Kushimotobushi",
        "artist": "Tomomi Oda",
        "type": "Insert Song",
        "correctCount": 16,
        "startTime": 126,
        "songDuration": 175.56,
        "songNumber": 77,
        "activePlayerCount": 162,
        "LinkVideo": "https://files.catbox.moe/wn5frk.webm",
        "LinkMp3": "https://files.catbox.moe/6hojeu.mp3",
        "annId": 19893,
        "aniListId": 99547,
        "kitsuId": 14213,
        "malId": 35949,
        "songDifficulty": 16.656806738962047,
        "vintage": "Fall 2017"
    },
    {
        "animeEng": "D.C.: Da Capo",
        "animeRomaji": "D.C.: Da Capo",
        "songName": "Sakura Saku Mirai Koi Yume",
        "artist": "yozuca*",
        "type": "Opening 1",
        "correctCount": 67,
        "startTime": 52,
        "songDuration": 89.064,
        "songNumber": 78,
        "activePlayerCount": 162,
        "LinkVideo": "https://files.catbox.moe/z0p5my.webm",
        "LinkMp3": "https://files.catbox.moe/44zsyb.mp3",
        "annId": 2670,
        "aniListId": 62,
        "kitsuId": 43,
        "malId": 62,
        "songDifficulty": 20.83026547655532,
        "vintage": "Summer 2003"
    },
    {
        "animeEng": "Air",
        "animeRomaji": "Air",
        "songName": "Tori no Uta",
        "artist": "Lia",
        "type": "Opening 1",
        "correctCount": 99,
        "startTime": 33,
        "songDuration": 89.16,
        "songNumber": 79,
        "activePlayerCount": 162,
        "LinkVideo": "https://files.catbox.moe/22u19d.webm",
        "LinkMp3": "https://files.catbox.moe/34rfwb.mp3",
        "annId": 2480,
        "aniListId": 101,
        "kitsuId": 7660,
        "malId": 101,
        "songDifficulty": 39.17558782154341,
        "vintage": "Fall 2004"
    },
    {
        "animeEng": "City Hunter: Shinjuku Private Eyes",
        "animeRomaji": "City Hunter: Shinjuku Private Eyes",
        "songName": "Go Go Heaven",
        "artist": "Yoshiyuki Ohsawa",
        "type": "Insert Song",
        "correctCount": 68,
        "startTime": 0,
        "songDuration": 20.424,
        "songNumber": 80,
        "activePlayerCount": 163,
        "LinkVideo": "https://files.catbox.moe/b41g4v.webm",
        "LinkMp3": "https://files.catbox.moe/qihwm3.mp3",
        "annId": 21247,
        "aniListId": 101345,
        "kitsuId": 41082,
        "malId": 37516,
        "songDifficulty": 28.623335384959713,
        "vintage": "Winter 2019"
    },
    {
        "animeEng": "Alien Nine",
        "animeRomaji": "Alien Nine",
        "songName": "rebirth",
        "artist": "en avant, Noriko Shitaya",
        "type": "Ending 3",
        "correctCount": 12,
        "startTime": 66,
        "songDuration": 101.616,
        "songNumber": 81,
        "activePlayerCount": 162,
        "LinkVideo": "https://files.catbox.moe/jy1xbb.webm",
        "LinkMp3": "https://files.catbox.moe/mni7tw.mp3",
        "annId": 784,
        "aniListId": 1177,
        "kitsuId": 1057,
        "malId": 1177,
        "songDifficulty": 22.07840629788049,
        "vintage": "Spring 2001"
    },
    {
        "animeEng": "Bungaku Shoujo Memoir",
        "animeRomaji": "Bungaku Shoujo Memoir",
        "songName": "Aozora no Mukou",
        "artist": "Masumi Itou",
        "type": "Ending 1",
        "correctCount": 11,
        "startTime": 60,
        "songDuration": 88.824,
        "songNumber": 82,
        "activePlayerCount": 161,
        "LinkVideo": "https://files.catbox.moe/c2bx4n.webm",
        "LinkMp3": "https://files.catbox.moe/vjser3.mp3",
        "annId": 11682,
        "aniListId": 8481,
        "kitsuId": 5352,
        "malId": 8481,
        "songDifficulty": 11.316198364802421,
        "vintage": "Fall 2010"
    },
    {
        "animeEng": "Yo-kai Watch: The Movie",
        "animeRomaji": "Eiga Youkai Watch: Tanjou no Himitsu da Nyan!",
        "songName": "Geragerapou no Uta Kaeuta",
        "artist": "King Cream Soda",
        "type": "Opening 1",
        "correctCount": 3,
        "startTime": 23,
        "songDuration": 83.496,
        "songNumber": 83,
        "activePlayerCount": 161,
        "LinkVideo": "https://files.catbox.moe/rs05xj.webm",
        "LinkMp3": "https://files.catbox.moe/p66q5j.mp3",
        "annId": 16650,
        "aniListId": 20936,
        "kitsuId": 8813,
        "malId": 24591,
        "songDifficulty": 6.729987713278931,
        "vintage": "Fall 2014",
        "correctPlayers": [
            "mkby",
            "Kiishua",
            "SakuraFujima"
        ]
    },
    {
        "animeEng": "Pucchimiku\u266a D4DJ Petit Mix",
        "animeRomaji": "Pucchimiku\u266a D4DJ Petit Mix",
        "songName": "Floor Killer",
        "artist": "Merm4id",
        "type": "Insert Song",
        "correctCount": 17,
        "startTime": 32,
        "songDuration": 84.888,
        "songNumber": 84,
        "activePlayerCount": 161,
        "LinkVideo": "https://files.catbox.moe/ua3twd.webm",
        "LinkMp3": "https://files.catbox.moe/z8i1b9.mp3",
        "annId": 23993,
        "aniListId": 128563,
        "kitsuId": 44008,
        "malId": 45782,
        "songDifficulty": 16.292596563592657,
        "vintage": "Winter 2021"
    },
    {
        "animeEng": "Love Live! School Idol Project",
        "animeRomaji": "Love Live! School Idol Project",
        "songName": "Private Wars",
        "artist": "A-RISE",
        "type": "Insert Song",
        "correctCount": 68,
        "startTime": 2,
        "songDuration": 82.056,
        "songNumber": 85,
        "activePlayerCount": 155,
        "LinkVideo": "https://files.catbox.moe/14swry.webm",
        "LinkMp3": "https://files.catbox.moe/td4n9e.mp3",
        "annId": 14062,
        "aniListId": 15051,
        "kitsuId": 7203,
        "malId": 15051,
        "songDifficulty": 36.984685576077396,
        "vintage": "Winter 2013"
    }
]