[
    {
        "animeEng": "Half-Broken Music Box",
        "animeRomaji": "Kowarekake no Orgel",
        "songName": "Kowarekake no Orgel",
        "artist": "Hiromi Satou",
        "type": "Ending 1",
        "correctCount": 22,
        "startTime": 12,
        "songDuration": 103.248,
        "songNumber": 1,
        "activePlayerCount": 129,
        "LinkVideo": "https://files.catbox.moe/fmv1v5.webm",
        "LinkMp3": "https://files.catbox.moe/qing5g.mp3",
        "annId": 11348,
        "aniListId": 9213,
        "kitsuId": 5635,
        "malId": 9213,
        "songDifficulty": 16.509824454066266,
        "vintage": "Fall 2008"
    },
    {
        "animeEng": "F",
        "animeRomaji": "F",
        "songName": "LOVE AFFAIR",
        "artist": "Kojiro Shimizu",
        "type": "Opening 2",
        "correctCount": 0,
        "songDuration": null,
        "songNumber": 2,
        "activePlayerCount": 135,
        "LinkVideo": "https://files.catbox.moe/7aep1p.webm",
        "LinkMp3": "https://files.catbox.moe/59xxiv.mp3",
        "annId": 2195,
        "aniListId": 6055,
        "kitsuId": 4400,
        "malId": 6055,
        "songDifficulty": 15.663348826476794,
        "vintage": "Winter 1988"
    },
    {
        "animeEng": "Fruits Basket Season 2",
        "animeRomaji": "Fruits Basket 2nd Season",
        "songName": "Haseru Mirai",
        "artist": "Uta Arii",
        "type": "Insert Song",
        "correctCount": 24,
        "startTime": 84,
        "songDuration": 117.096,
        "songNumber": 3,
        "activePlayerCount": 139,
        "LinkVideo": "https://files.catbox.moe/z33u40.webm",
        "LinkMp3": "https://files.catbox.moe/o3c6yp.mp3",
        "annId": 22588,
        "aniListId": 111762,
        "kitsuId": 42554,
        "malId": 40417,
        "songDifficulty": 15.03464900784405,
        "vintage": "Spring 2020"
    },
    {
        "animeEng": "Batman Ninja",
        "animeRomaji": "Ninja Batman",
        "songName": "GAT-TAI",
        "artist": "Daisuke Hasegawa",
        "type": "Insert Song",
        "correctCount": 56,
        "startTime": 9,
        "songDuration": 69.980838,
        "songNumber": 4,
        "activePlayerCount": 142,
        "LinkVideo": "https://files.catbox.moe/lgxsge.webm",
        "LinkMp3": "https://files.catbox.moe/z20u4z.mp3",
        "annId": 20384,
        "aniListId": 100248,
        "kitsuId": 13911,
        "malId": 36517,
        "songDifficulty": 22.301986607142858,
        "vintage": "Spring 2018"
    },
    {
        "animeEng": "NieA under 7: Domestic Poor @nimation",
        "animeRomaji": "NieA_7",
        "songName": "Kage",
        "artist": "SION",
        "type": "Insert Song",
        "correctCount": 73,
        "startTime": 112,
        "songDuration": 209.4,
        "songNumber": 5,
        "activePlayerCount": 142,
        "LinkVideo": "https://files.catbox.moe/v89lpi.webm",
        "LinkMp3": "https://files.catbox.moe/njb1x6.mp3",
        "annId": 50,
        "aniListId": 800,
        "kitsuId": 714,
        "malId": 800,
        "songDifficulty": 27.553172831632654,
        "vintage": "Spring 2000"
    },
    {
        "animeEng": "Dinosaur King",
        "animeRomaji": "Kodai Ouja Kyouryuu King D-Kids Adventure",
        "songName": "Kyouryuu Dadanba",
        "artist": "Hiromichi Sato",
        "type": "Ending 2",
        "correctCount": 19,
        "startTime": 3,
        "songDuration": 88.728,
        "songNumber": 6,
        "activePlayerCount": 141,
        "LinkVideo": "https://files.catbox.moe/m2ae7c.webm",
        "LinkMp3": "https://files.catbox.moe/o1ojyw.mp3",
        "annId": 7519,
        "aniListId": 3576,
        "kitsuId": 3117,
        "malId": 3576,
        "songDifficulty": 23.707117032672738,
        "vintage": "Winter 2007"
    },
    {
        "animeEng": "High School Fleet",
        "animeRomaji": "Haifuri",
        "songName": "Ripple Effect",
        "artist": "Luna Haruna",
        "type": "Ending 1",
        "correctCount": 41,
        "startTime": 50,
        "songDuration": 89.064,
        "songNumber": 7,
        "activePlayerCount": 142,
        "LinkVideo": "https://files.catbox.moe/73u43q.webm",
        "LinkMp3": "https://files.catbox.moe/ruxalf.mp3",
        "annId": 19321,
        "aniListId": 97667,
        "kitsuId": 12579,
        "malId": 34125,
        "songDifficulty": 22.863845780795344,
        "vintage": "Winter 2017"
    },
    {
        "animeEng": "Guilty Crown: Lost Christmas",
        "animeRomaji": "Guilty Crown: Lost Christmas",
        "songName": "Planetes",
        "artist": "EGOIST",
        "type": "Ending 1",
        "correctCount": 30,
        "startTime": 98,
        "songDuration": 172.632,
        "songNumber": 8,
        "activePlayerCount": 144,
        "LinkVideo": "https://files.catbox.moe/e0trwk.webm",
        "LinkMp3": "https://files.catbox.moe/qtck64.mp3",
        "annId": 15217,
        "aniListId": 13411,
        "kitsuId": 6958,
        "malId": 13411,
        "songDifficulty": 17.599582481712563,
        "vintage": "Summer 2012"
    },
    {
        "animeEng": "Record of Grancrest War",
        "animeRomaji": "Grancrest Senki",
        "songName": "Rin",
        "artist": "ASCA",
        "type": "Opening 2",
        "correctCount": 29,
        "startTime": 37,
        "songDuration": 88.56,
        "songNumber": 9,
        "activePlayerCount": 144,
        "LinkVideo": "https://files.catbox.moe/xpbkn4.webm",
        "LinkMp3": "https://files.catbox.moe/xh8yvg.mp3",
        "annId": 19711,
        "aniListId": 97768,
        "kitsuId": 12705,
        "malId": 34279,
        "songDifficulty": 16.682779111102185,
        "vintage": "Winter 2018"
    },
    {
        "animeEng": "Dr. Stone Special Episode: Ryusui",
        "animeRomaji": "Dr. Stone Special Episode: Ryusui",
        "songName": "Good Morning [New] World!",
        "artist": "BURNOUT SYNDROMES",
        "type": "Opening 1",
        "correctCount": 79,
        "startTime": 52,
        "songDuration": 98.688,
        "songNumber": 10,
        "activePlayerCount": 144,
        "LinkVideo": "https://files.catbox.moe/84pq68.webm",
        "LinkMp3": "https://files.catbox.moe/vj5ozx.mp3",
        "annId": 25069,
        "aniListId": 142876,
        "kitsuId": 45615,
        "malId": 50612,
        "songDifficulty": 39.057510550378055,
        "vintage": "Summer 2022"
    },
    {
        "animeEng": "The Snow Queen",
        "animeRomaji": "Yuki no Jo-Oh",
        "songName": "Daisuki na Kimi ni",
        "artist": "Kazumasa Oda",
        "type": "Ending 1",
        "correctCount": 4,
        "startTime": 33,
        "songDuration": 88.632,
        "songNumber": 11,
        "activePlayerCount": 144,
        "LinkVideo": "https://files.catbox.moe/t2ikjk.webm",
        "LinkMp3": "https://files.catbox.moe/f0jloe.mp3",
        "annId": 5363,
        "aniListId": 754,
        "kitsuId": 676,
        "malId": 754,
        "songDifficulty": 13.84027811686198,
        "vintage": "Spring 2005",
        "correctPlayers": [
            "Deafness",
            "jankenpo",
            "anonimus_opinion",
            "watashiii"
        ]
    },
    {
        "animeEng": "Kiratto Pri\u2606Chan",
        "animeRomaji": "Kiratto Pri\u2606Chan",
        "songName": "Fortune Carat",
        "artist": "Suzuko Mimori",
        "type": "Insert Song",
        "correctCount": 27,
        "startTime": 84,
        "songDuration": 146.64,
        "songNumber": 12,
        "activePlayerCount": 144,
        "LinkVideo": "https://files.catbox.moe/hugk1a.webm",
        "LinkMp3": "https://files.catbox.moe/31q6lz.mp3",
        "annId": 21793,
        "aniListId": 108625,
        "kitsuId": 42114,
        "malId": 38804,
        "songDifficulty": 19.324652099609374,
        "vintage": "Spring 2019"
    },
    {
        "animeEng": "KanColle",
        "animeRomaji": "KanColle",
        "songName": "Susume! Kongou-gata Yon Shimai",
        "artist": "Kongou-gata Yon Shimai",
        "type": "Insert Song",
        "correctCount": 10,
        "startTime": 33,
        "songDuration": null,
        "songNumber": 13,
        "activePlayerCount": 144,
        "LinkVideo": "https://files.catbox.moe/csqtro.webm",
        "LinkMp3": "https://files.catbox.moe/56hjtu.mp3",
        "annId": 15814,
        "aniListId": 20553,
        "kitsuId": 8039,
        "malId": 21511,
        "songDifficulty": 28.88521552978847,
        "vintage": "Fall 2014"
    },
    {
        "animeEng": "Panda! Go, Panda!",
        "animeRomaji": "Panda Kopanda",
        "songName": "Mimi-chan to Panda Kopanda",
        "artist": "Ado Mizumori",
        "type": "Opening 1",
        "correctCount": 114,
        "startTime": 49,
        "songDuration": 118.128,
        "songNumber": 14,
        "activePlayerCount": 146,
        "LinkVideo": "https://files.catbox.moe/4q40ng.webm",
        "LinkMp3": "https://files.catbox.moe/2f02hs.mp3",
        "annId": 352,
        "aniListId": 2611,
        "kitsuId": 2375,
        "malId": 2611,
        "songDifficulty": 36.47057219261662,
        "vintage": "Fall 1972"
    },
    {
        "animeEng": "Macross Frontier: Sayonara no Tsubasa",
        "animeRomaji": "Macross Frontier: Sayonara no Tsubasa",
        "songName": "Nyan Nyan Final Attack Frontier Greatest \u2606 Hits!",
        "artist": "Megumi Nakajima & May'n",
        "type": "Insert Song",
        "correctCount": 72,
        "startTime": 15,
        "songDuration": 409.752,
        "songNumber": 15,
        "activePlayerCount": 146,
        "LinkVideo": "https://files.catbox.moe/z5ig8n.webm",
        "LinkMp3": "https://files.catbox.moe/z29qt8.mp3",
        "annId": 11821,
        "aniListId": 7222,
        "kitsuId": 4903,
        "malId": 7222,
        "songDifficulty": 33.668728298611114,
        "vintage": "Winter 2011"
    },
    {
        "animeEng": "Rainbow Days",
        "animeRomaji": "Niji-iro Days",
        "songName": "ONE-SIDED LOVE",
        "artist": "Sonar Pocket",
        "type": "Opening 2",
        "correctCount": 22,
        "startTime": 7,
        "songDuration": 89.088,
        "songNumber": 16,
        "activePlayerCount": 147,
        "LinkVideo": "https://files.catbox.moe/31754o.webm",
        "LinkMp3": "https://files.catbox.moe/ku1cet.mp3",
        "annId": 17531,
        "aniListId": 21292,
        "kitsuId": 11323,
        "malId": 31414,
        "songDifficulty": 15.439044356215847,
        "vintage": "Winter 2016"
    },
    {
        "animeEng": "Mr. Osomatsu",
        "animeRomaji": "Osomatsu-san",
        "songName": "nice to NEET you!",
        "artist": "AOP",
        "type": "Opening 1",
        "correctCount": 19,
        "startTime": 42,
        "songDuration": 87.816,
        "songNumber": 17,
        "activePlayerCount": 148,
        "LinkVideo": "https://files.catbox.moe/ricf5v.webm",
        "LinkMp3": "https://files.catbox.moe/swptwm.mp3",
        "annId": 23500,
        "aniListId": 120851,
        "kitsuId": 43551,
        "malId": 42391,
        "songDifficulty": 20.074771006866275,
        "vintage": "Fall 2020"
    },
    {
        "animeEng": "Haikyu!! Movie Shousha to Haisha",
        "animeRomaji": "Haikyu!! Movie Shousha to Haisha",
        "songName": "Ah Yeah!!",
        "artist": "Sukima Switch",
        "type": "Ending 1",
        "correctCount": 76,
        "startTime": 110,
        "songDuration": 297.384,
        "songNumber": 18,
        "activePlayerCount": 146,
        "LinkVideo": "https://files.catbox.moe/y083ch.webm",
        "LinkMp3": "https://files.catbox.moe/hn1h3c.mp3",
        "annId": 16891,
        "aniListId": 21244,
        "kitsuId": 10847,
        "malId": 30364,
        "songDifficulty": 36.7884715679677,
        "vintage": "Summer 2015"
    },
    {
        "animeEng": "Super Dimension Fortress Macross: Do You Remember Love?",
        "animeRomaji": "Choujikuu Yousai Macross: Ai, Oboete Imasu ka",
        "songName": "Sunset Beach",
        "artist": "Mari Iijima",
        "type": "Insert Song",
        "correctCount": 49,
        "startTime": 34,
        "songDuration": 65.112,
        "songNumber": 19,
        "activePlayerCount": 147,
        "LinkVideo": "https://files.catbox.moe/6tus95.webm",
        "LinkMp3": "https://files.catbox.moe/fp319j.mp3",
        "annId": 366,
        "aniListId": 1089,
        "kitsuId": 974,
        "malId": 1089,
        "songDifficulty": 29.619423867938263,
        "vintage": "Summer 1984"
    },
    {
        "animeEng": "Aikatsu Friends!: Kagayaki no Jewel",
        "animeRomaji": "Aikatsu Friends!: Kagayaki no Jewel",
        "songName": "Nice na to meet you!",
        "artist": "Mirai from BEST FRIENDS!",
        "type": "Insert Song",
        "correctCount": 10,
        "startTime": 72,
        "songDuration": 119.424,
        "songNumber": 20,
        "activePlayerCount": 146,
        "LinkVideo": "https://files.catbox.moe/rjuhrr.webm",
        "LinkMp3": "https://files.catbox.moe/erveb9.mp3",
        "annId": 22158,
        "aniListId": 107447,
        "kitsuId": 42169,
        "malId": 39078,
        "songDifficulty": 18.233769413945197,
        "vintage": "Spring 2019"
    },
    {
        "animeEng": "Initial D: Battle Stage 2",
        "animeRomaji": "Initial D: Battle Stage 2",
        "songName": "JUST FOR ME",
        "artist": "VIVI",
        "type": "Insert Song",
        "correctCount": 4,
        "startTime": 13,
        "songDuration": 148.08,
        "songNumber": 21,
        "activePlayerCount": 146,
        "LinkVideo": "https://files.catbox.moe/f5p734.webm",
        "LinkMp3": "https://files.catbox.moe/vubnso.mp3",
        "annId": 7986,
        "aniListId": 3931,
        "kitsuId": 3358,
        "malId": 3931,
        "songDifficulty": 15.316220092773438,
        "vintage": "Spring 2007",
        "correctPlayers": [
            "Carlos1218",
            "junninbr",
            "PoolNoodle",
            "Amano_Erika"
        ]
    },
    {
        "animeEng": "Shakugan no Shana Special: Off-Campus Class on Love and Onsen!",
        "animeRomaji": "Shakugan no Shana Tokubetsu-hen: Koi to Onsen no Kougai Gakushuu!",
        "songName": "Yoake Umarekuru Shoujo",
        "artist": "Yoko Takahashi",
        "type": "Ending 1",
        "correctCount": 50,
        "startTime": 9,
        "songDuration": 89.736,
        "songNumber": 22,
        "activePlayerCount": 145,
        "LinkVideo": "https://files.catbox.moe/1ulj8q.webm",
        "LinkMp3": "https://files.catbox.moe/34uxcz.mp3",
        "annId": 6821,
        "aniListId": 1531,
        "kitsuId": 1372,
        "malId": 1531,
        "songDifficulty": 28.83101267112125,
        "vintage": "Fall 2006"
    },
    {
        "animeEng": "Those Snow White Notes",
        "animeRomaji": "Mashiro no Oto",
        "songName": "BLIZZARD",
        "artist": "BURNOUT SYNDROMES",
        "type": "Opening 1",
        "correctCount": 85,
        "startTime": 34,
        "songDuration": 88.776,
        "songNumber": 23,
        "activePlayerCount": 144,
        "LinkVideo": "https://files.catbox.moe/lcluit.webm",
        "LinkMp3": "https://files.catbox.moe/0fvt70.mp3",
        "annId": 23554,
        "aniListId": 122348,
        "kitsuId": 44106,
        "malId": 42590,
        "songDifficulty": 36.559117002063985,
        "vintage": "Spring 2021"
    },
    {
        "animeEng": "Psychic School Wars",
        "animeRomaji": "Nerawareta Gakuen",
        "songName": "Gin-iro Hikousen",
        "artist": "supercell",
        "type": "Opening 1",
        "correctCount": 13,
        "startTime": 127,
        "songDuration": 402.576,
        "songNumber": 24,
        "activePlayerCount": 144,
        "LinkVideo": "https://files.catbox.moe/26c25s.webm",
        "LinkMp3": "https://files.catbox.moe/2etlgj.mp3",
        "annId": 14328,
        "aniListId": 14293,
        "kitsuId": 7110,
        "malId": 14293,
        "songDifficulty": 10.358006635545513,
        "vintage": "Fall 2012"
    },
    {
        "animeEng": "Saga of Tanya the Evil",
        "animeRomaji": "Youjo Senki",
        "songName": "Sensen no Realism",
        "artist": "Mako Niina",
        "type": "Ending 2",
        "correctCount": 67,
        "startTime": 17,
        "songDuration": 87.312,
        "songNumber": 25,
        "activePlayerCount": 143,
        "LinkVideo": "https://files.catbox.moe/85wpfg.webm",
        "LinkMp3": "https://files.catbox.moe/d9xy13.mp3",
        "annId": 18692,
        "aniListId": 21613,
        "kitsuId": 11794,
        "malId": 32615,
        "songDifficulty": 18.2361685486191,
        "vintage": "Winter 2017"
    },
    {
        "animeEng": "Kaiji: Ultimate Survivor",
        "animeRomaji": "Kaiji: Ultimate Survivor",
        "songName": "Mirai wa Bokura no Te no Naka",
        "artist": "Masato Hagiwara with Red Bonchiris",
        "type": "Opening 1",
        "correctCount": 104,
        "startTime": 16,
        "songDuration": 48.96,
        "songNumber": 26,
        "activePlayerCount": 144,
        "LinkVideo": "https://files.catbox.moe/z093wa.webm",
        "LinkMp3": "https://files.catbox.moe/0ak740.mp3",
        "annId": 8550,
        "aniListId": 3002,
        "kitsuId": 2713,
        "malId": 3002,
        "songDifficulty": 39.0835013872476,
        "vintage": "Fall 2007"
    },
    {
        "animeEng": "Beyond the Boundary: I'll Be Here - Future",
        "animeRomaji": "Gekijouban Kyoukai no Kanata: I'll Be Here - Mirai-hen",
        "songName": "Aitakatta Sora",
        "artist": "Minori Chihara",
        "type": "Ending 1",
        "correctCount": 5,
        "startTime": 17,
        "songDuration": null,
        "songNumber": 27,
        "activePlayerCount": 145,
        "LinkVideo": "https://files.catbox.moe/xl7ez9.webm",
        "LinkMp3": "https://files.catbox.moe/1nq3bj.mp3",
        "annId": 16584,
        "aniListId": 20963,
        "kitsuId": 10043,
        "malId": 28675,
        "songDifficulty": 19.02753183719906,
        "vintage": "Spring 2015",
        "correctPlayers": [
            "IronCraby",
            "Hejsan",
            "KaedeTakagaki",
            "anonimus_opinion",
            "sakuranabe"
        ]
    },
    {
        "animeEng": "Fisherman Sanpei",
        "animeRomaji": "Tsurikichi Sanpei",
        "songName": "Wakaki Tabibito",
        "artist": "MoJo",
        "type": "Opening 1",
        "correctCount": 4,
        "startTime": 44,
        "songDuration": 73.872,
        "songNumber": 28,
        "activePlayerCount": 145,
        "LinkVideo": "https://files.catbox.moe/wzsvtd.webm",
        "LinkMp3": "https://files.catbox.moe/asjl1t.mp3",
        "annId": 1654,
        "aniListId": 3137,
        "kitsuId": 2819,
        "malId": 3137,
        "songDifficulty": 6.170096691743828,
        "vintage": "Spring 1980",
        "correctPlayers": [
            "Rukawa11",
            "uhhuhher",
            "Shag",
            "shadowpandax"
        ]
    },
    {
        "animeEng": "Lemon Angel",
        "animeRomaji": "Lemon Angel",
        "songName": "Tasogare Lonely",
        "artist": "Lemon Angel",
        "type": "Insert Song",
        "correctCount": 3,
        "startTime": 26,
        "songDuration": 177.288,
        "songNumber": 29,
        "activePlayerCount": 145,
        "LinkVideo": "https://files.catbox.moe/90iid5.webm",
        "LinkMp3": "https://files.catbox.moe/8z7vdg.mp3",
        "annId": 381,
        "aniListId": 3205,
        "kitsuId": 2856,
        "malId": 3205,
        "songDifficulty": 12.75228815009124,
        "vintage": "Fall 1987",
        "correctPlayers": [
            "EruisKawaii",
            "Hejsan",
            "Shag"
        ]
    },
    {
        "animeEng": "Fafner Exodus",
        "animeRomaji": "Soukyuu no Fafner: Dead Aggressor - Exodus",
        "songName": "Sonotoki, Soukyuu e",
        "artist": "angela",
        "type": "Insert Song",
        "correctCount": 38,
        "startTime": 81,
        "songDuration": 144.048,
        "songNumber": 30,
        "activePlayerCount": 144,
        "LinkVideo": "https://files.catbox.moe/asuwyc.webm",
        "LinkMp3": "https://files.catbox.moe/rj6kzl.mp3",
        "annId": 15051,
        "aniListId": 17080,
        "kitsuId": 7575,
        "malId": 17080,
        "songDifficulty": 25.73762776080827,
        "vintage": "Winter 2015"
    },
    {
        "animeEng": "Puni Puni\u2605Poemy",
        "animeRomaji": "Puni Puni\u2605Poemy",
        "songName": "Kyou mo Watanabe Poemi-chan",
        "artist": "Yumiko Kobayashi",
        "type": "Insert Song",
        "correctCount": 34,
        "startTime": 10,
        "songDuration": 51.288,
        "songNumber": 31,
        "activePlayerCount": 144,
        "LinkVideo": "https://files.catbox.moe/c1di5k.webm",
        "LinkMp3": "https://files.catbox.moe/uuicpv.mp3",
        "annId": 865,
        "aniListId": 564,
        "kitsuId": 521,
        "malId": 564,
        "songDifficulty": 21.11130679232403,
        "vintage": "Winter 2001"
    },
    {
        "animeEng": "Engaged to the Unidentified",
        "animeRomaji": "Mikakunin de Shinkoukei",
        "songName": "Masshiro World",
        "artist": "Mikakuning!",
        "type": "Ending 1",
        "correctCount": 10,
        "startTime": 81,
        "songDuration": null,
        "songNumber": 32,
        "activePlayerCount": 145,
        "LinkVideo": "https://files.catbox.moe/hvpezc.webm",
        "LinkMp3": "https://files.catbox.moe/5x74kl.mp3",
        "annId": 15618,
        "aniListId": 20483,
        "kitsuId": 8027,
        "malId": 20541,
        "songDifficulty": 33.08236220674111,
        "vintage": "Winter 2014"
    },
    {
        "animeEng": "Overlord: Shikkoku no Senshi",
        "animeRomaji": "Overlord: Shikkoku no Senshi",
        "songName": "Laughter Slaughter",
        "artist": "OxT",
        "type": "Ending 1",
        "correctCount": 21,
        "startTime": 115,
        "songDuration": 198.024,
        "songNumber": 33,
        "activePlayerCount": 142,
        "LinkVideo": "https://files.catbox.moe/6w3aq2.webm",
        "LinkMp3": "https://files.catbox.moe/hi95sg.mp3",
        "annId": 20398,
        "aniListId": 98874,
        "kitsuId": 12915,
        "malId": 34428,
        "songDifficulty": 16.995409510023354,
        "vintage": "Winter 2017"
    },
    {
        "animeEng": "The World Yamizukan",
        "animeRomaji": "The World Yamizukan",
        "songName": "me to me",
        "artist": "MONO NO AWARE",
        "type": "Ending 1",
        "correctCount": 20,
        "startTime": 0,
        "songDuration": 29.352,
        "songNumber": 34,
        "activePlayerCount": 142,
        "LinkVideo": "https://files.catbox.moe/8b7pjk.webm",
        "LinkMp3": "https://files.catbox.moe/uquoun.mp3",
        "annId": 19334,
        "aniListId": 98442,
        "kitsuId": 13302,
        "malId": 35069,
        "songDifficulty": 12.494632320804195,
        "vintage": "Spring 2017"
    },
    {
        "animeEng": "Shinkansen Henkei Robo Shinkalion The Animation",
        "animeRomaji": "Shinkansen Henkei Robo Shinkalion The Animation",
        "songName": "Change! Shinkalion",
        "artist": "Kouichi Yamadera",
        "type": "Insert Song",
        "correctCount": 14,
        "startTime": 8,
        "songDuration": 53.016,
        "songNumber": 35,
        "activePlayerCount": 142,
        "LinkVideo": "https://files.catbox.moe/59xcn7.webm",
        "LinkMp3": "https://files.catbox.moe/clx7ax.mp3",
        "annId": 20288,
        "aniListId": 100620,
        "kitsuId": 14143,
        "malId": 36531,
        "songDifficulty": 20.64356881133781,
        "vintage": "Winter 2018"
    },
    {
        "animeEng": "Bibliophile Princess",
        "animeRomaji": "Mushikaburi-hime",
        "songName": "Kawabyoushi",
        "artist": "Kashitaro Ito",
        "type": "Ending 1",
        "correctCount": 5,
        "startTime": 29,
        "songDuration": 86.35,
        "songNumber": 36,
        "activePlayerCount": 143,
        "LinkVideo": "https://files.catbox.moe/nxeycv.webm",
        "annId": 25243,
        "aniListId": 144533,
        "kitsuId": null,
        "malId": 50923,
        "songDifficulty": 23.157894736842106,
        "vintage": "Fall 2022",
        "correctPlayers": [
            "EruisKawaii",
            "kar72",
            "KaedeTakagaki",
            "kneesoxluver",
            "SakuraFujima"
        ]
    },
    {
        "animeEng": "Duel Masters Versus Revolution Final",
        "animeRomaji": "Duel Masters Versus Revolution Final",
        "songName": "Stronger",
        "artist": "But by Fall",
        "type": "Ending 2",
        "correctCount": 0,
        "startTime": 12,
        "songDuration": 88.008,
        "songNumber": 37,
        "activePlayerCount": 144,
        "LinkVideo": "https://files.catbox.moe/d5w10j.webm",
        "LinkMp3": "https://files.catbox.moe/589hjw.mp3",
        "annId": 17999,
        "aniListId": 21603,
        "kitsuId": 11809,
        "malId": 32582,
        "songDifficulty": 11.817533572148617,
        "vintage": "Spring 2016"
    },
    {
        "animeEng": "Brynhildr in the Darkness",
        "animeRomaji": "Gokukoku no Brynhildr",
        "songName": "BRYNHILDR IN THE DARKNESS -Ver. EJECTED-",
        "artist": "Nao Tokisawa",
        "type": "Opening 1",
        "correctCount": 75,
        "startTime": 25,
        "songDuration": 88.056,
        "songNumber": 38,
        "activePlayerCount": 144,
        "LinkVideo": "https://files.catbox.moe/0j8iqs.webm",
        "LinkMp3": "https://files.catbox.moe/edb4y3.mp3",
        "annId": 15757,
        "aniListId": 20534,
        "kitsuId": 7996,
        "malId": 21431,
        "songDifficulty": 31.896913900414937,
        "vintage": "Spring 2014"
    },
    {
        "animeEng": "League of Nations Air Force Aviation Magic Band Luminous Witches",
        "animeRomaji": "Renmei Kuugun Koukuu Mahou Ongakutai Luminous Witches",
        "songName": "Flying Skyhigh",
        "artist": "Luminous Witches",
        "type": "Ending 11",
        "correctCount": 3,
        "startTime": 54,
        "songDuration": 214.978,
        "songNumber": 39,
        "activePlayerCount": 144,
        "LinkVideo": "https://files.catbox.moe/12acgq.webm",
        "annId": 24669,
        "aniListId": 103118,
        "kitsuId": 44227,
        "malId": 38006,
        "songDifficulty": 16.847826086956523,
        "vintage": "Summer 2022",
        "correctPlayers": [
            "EruisKawaii",
            "kneesoxluver",
            "SakuraFujima"
        ]
    },
    {
        "animeEng": "Pururun! Shizuku-chan",
        "animeRomaji": "Pururun! Shizuku-chan",
        "songName": "Shizuku-chan Ondo",
        "artist": "Kouji Onoda",
        "type": "Ending 2",
        "correctCount": 51,
        "startTime": 40,
        "songDuration": 90.048,
        "songNumber": 40,
        "activePlayerCount": 144,
        "LinkVideo": "https://files.catbox.moe/ezjwsv.webm",
        "LinkMp3": "https://files.catbox.moe/z8fzk4.mp3",
        "annId": 8039,
        "aniListId": 9426,
        "kitsuId": 5730,
        "malId": 9426,
        "songDifficulty": 29.923611817996743,
        "vintage": "Fall 2006"
    },
    {
        "animeEng": "Tiger & Bunny 2",
        "animeRomaji": "Tiger & Bunny 2",
        "songName": "AIDA",
        "artist": "ano",
        "type": "Ending 1",
        "correctCount": 9,
        "startTime": 37,
        "songDuration": 88.608,
        "songNumber": 41,
        "activePlayerCount": 145,
        "LinkVideo": "https://files.catbox.moe/sw3u8l.webm",
        "LinkMp3": "https://files.catbox.moe/311y7o.mp3",
        "annId": 24222,
        "aniListId": 117197,
        "kitsuId": 43224,
        "malId": 41595,
        "songDifficulty": 10.357901699236555,
        "vintage": "Spring 2022"
    },
    {
        "animeEng": "Strike the Blood: Kieta Seisou-hen",
        "animeRomaji": "Strike the Blood: Kieta Seisou-hen",
        "songName": "Akatsuki no Kaleido Blood",
        "artist": "Kishida Kyoudan &THE Akeboshi Rockets",
        "type": "Ending 2",
        "correctCount": 42,
        "startTime": 32,
        "songDuration": 89.016,
        "songNumber": 42,
        "activePlayerCount": 146,
        "LinkVideo": "https://files.catbox.moe/2okyou.webm",
        "LinkMp3": "https://files.catbox.moe/i5yy7v.mp3",
        "annId": 23018,
        "aniListId": 112324,
        "kitsuId": 42612,
        "malId": 40486,
        "songDifficulty": 21.95768498192149,
        "vintage": "Winter 2020"
    },
    {
        "animeEng": "Magical Girl Lyrical Nanoha",
        "animeRomaji": "Mahou Shoujo Lyrical Nanoha",
        "songName": "Little Wish ~lyrical step~",
        "artist": "Yukari Tamura",
        "type": "Ending 1",
        "correctCount": 47,
        "startTime": 34,
        "songDuration": 105.48,
        "songNumber": 43,
        "activePlayerCount": 146,
        "LinkVideo": "https://files.catbox.moe/67tt0e.webm",
        "LinkMp3": "https://files.catbox.moe/3bc58j.mp3",
        "annId": 4576,
        "aniListId": 76,
        "kitsuId": 56,
        "malId": 76,
        "songDifficulty": 24.89323517838405,
        "vintage": "Fall 2004"
    },
    {
        "animeEng": "Eiga Smile Precure: Ehon no Naka wa Minna Chiguhagu!",
        "animeRomaji": "Eiga Smile Precure: Ehon no Naka wa Minna Chiguhagu!",
        "songName": "Let's go! Smile Precure!",
        "artist": "Aya Ikeda",
        "type": "Opening 1",
        "correctCount": 30,
        "startTime": 24,
        "songDuration": 83.4,
        "songNumber": 44,
        "activePlayerCount": 147,
        "LinkVideo": "https://files.catbox.moe/5bj2vo.webm",
        "LinkMp3": "https://files.catbox.moe/vftd5x.mp3",
        "annId": 14431,
        "aniListId": 15307,
        "kitsuId": 7237,
        "malId": 15307,
        "songDifficulty": 38.67568345536136,
        "vintage": "Fall 2012"
    },
    {
        "animeEng": "The Lost Village",
        "animeRomaji": "Mayoiga",
        "songName": "Gensou Drive",
        "artist": "Ami Wajima",
        "type": "Opening 1",
        "correctCount": 64,
        "startTime": 41,
        "songDuration": 89.568,
        "songNumber": 45,
        "activePlayerCount": 147,
        "LinkVideo": "https://files.catbox.moe/8qwo6t.webm",
        "LinkMp3": "https://files.catbox.moe/pk7dca.mp3",
        "annId": 18052,
        "aniListId": 21567,
        "kitsuId": 11682,
        "malId": 32438,
        "songDifficulty": 19.32037413708087,
        "vintage": "Spring 2016"
    },
    {
        "animeEng": "Visual Prison",
        "animeRomaji": "Visual Prison",
        "songName": "AI=ZO",
        "artist": "Shougo Yano/Shun Horie",
        "type": "Insert Song",
        "correctCount": 15,
        "startTime": 63,
        "songDuration": 97.464,
        "songNumber": 46,
        "activePlayerCount": 147,
        "LinkVideo": "https://files.catbox.moe/sumilf.webm",
        "LinkMp3": "https://files.catbox.moe/ecgmx3.mp3",
        "annId": 24196,
        "aniListId": 131584,
        "kitsuId": 44234,
        "malId": 48567,
        "songDifficulty": 21.124189310320585,
        "vintage": "Fall 2021"
    },
    {
        "animeEng": "Today in Class 5-2",
        "animeRomaji": "Kyou no 5 no 2",
        "songName": "Momi no Ki",
        "artist": "Christelle Ciari",
        "type": "Insert Song",
        "correctCount": 6,
        "startTime": 38,
        "songDuration": 82.512,
        "songNumber": 47,
        "activePlayerCount": 148,
        "LinkVideo": "https://files.catbox.moe/mqyru2.webm",
        "LinkMp3": "https://files.catbox.moe/sgdki3.mp3",
        "annId": 10167,
        "aniListId": 4903,
        "kitsuId": 3842,
        "malId": 4903,
        "songDifficulty": 5.6364013671875,
        "vintage": "Fall 2008"
    },
    {
        "animeEng": "The IDOLM@STER",
        "animeRomaji": "The IDOLM@STER",
        "songName": "L\u30fbO\u30fbB\u30fbM",
        "artist": "765PRO ALLSTARS",
        "type": "Insert Song",
        "correctCount": 15,
        "startTime": 34,
        "songDuration": 200.112,
        "songNumber": 48,
        "activePlayerCount": 150,
        "LinkVideo": "https://files.catbox.moe/mpdg14.webm",
        "LinkMp3": "https://files.catbox.moe/cvj76e.mp3",
        "annId": 12436,
        "aniListId": 10278,
        "kitsuId": 6111,
        "malId": 10278,
        "songDifficulty": 20.656320831934185,
        "vintage": "Summer 2011"
    },
    {
        "animeEng": "Saint Seiya",
        "animeRomaji": "Saint Seiya",
        "songName": "Nebula Chain",
        "artist": "MAKE UP PROJECT",
        "type": "Insert Song",
        "correctCount": 27,
        "startTime": 48,
        "songDuration": 207.84,
        "songNumber": 49,
        "activePlayerCount": 150,
        "LinkVideo": "https://files.catbox.moe/x0j6jw.webm",
        "LinkMp3": "https://files.catbox.moe/d8bzgi.mp3",
        "annId": 429,
        "aniListId": 1254,
        "kitsuId": 1129,
        "malId": 1254,
        "songDifficulty": 19.504469243583415,
        "vintage": "Fall 1986"
    },
    {
        "animeEng": "Wake Up, Girls!",
        "animeRomaji": "Wake Up, Girls!",
        "songName": "Tachiagare!",
        "artist": "Wake Up, Girls!",
        "type": "Opening 1",
        "correctCount": 44,
        "startTime": 34,
        "songDuration": 89.04,
        "songNumber": 50,
        "activePlayerCount": 150,
        "LinkVideo": "https://files.catbox.moe/3nlkz7.webm",
        "LinkMp3": "https://files.catbox.moe/itn3xn.mp3",
        "annId": 15510,
        "aniListId": 19023,
        "kitsuId": 7774,
        "malId": 19023,
        "songDifficulty": 28.41006913777876,
        "vintage": "Winter 2014"
    },
    {
        "animeEng": "Berserk",
        "animeRomaji": "Berserk",
        "songName": "Ash Crow",
        "artist": "Susumu Hirasawa",
        "type": "Ending 3",
        "correctCount": 26,
        "startTime": 265,
        "songDuration": 320.177354,
        "songNumber": 51,
        "activePlayerCount": 153,
        "LinkVideo": "https://files.catbox.moe/0c8zrx.webm",
        "LinkMp3": "https://files.catbox.moe/0i0n6e.mp3",
        "annId": 18160,
        "aniListId": 21560,
        "kitsuId": 11655,
        "malId": 32379,
        "songDifficulty": 25.619036303783382,
        "vintage": "Summer 2016"
    },
    {
        "animeEng": "Fate/stay night: Unlimited Blade Works",
        "animeRomaji": "Fate/stay night: Unlimited Blade Works",
        "songName": "ideal white",
        "artist": "Mashiro Ayano",
        "type": "Opening 1",
        "correctCount": 81,
        "startTime": 6,
        "songDuration": 89.568,
        "songNumber": 52,
        "activePlayerCount": 152,
        "LinkVideo": "https://files.catbox.moe/eecywy.webm",
        "LinkMp3": "https://files.catbox.moe/vsf3fi.mp3",
        "annId": 15843,
        "aniListId": 19603,
        "kitsuId": 7882,
        "malId": 22297,
        "songDifficulty": 25.260676519165184,
        "vintage": "Fall 2014"
    },
    {
        "animeEng": "Ensemble Stars!",
        "animeRomaji": "EnStars",
        "songName": "Kangei\u2606Two wink Zatsugidan",
        "artist": "2wink",
        "type": "Insert Song",
        "correctCount": 23,
        "startTime": 0,
        "songDuration": 21.384,
        "songNumber": 53,
        "activePlayerCount": 152,
        "LinkVideo": "https://files.catbox.moe/cnkwce.webm",
        "LinkMp3": "https://files.catbox.moe/smtlre.mp3",
        "annId": 22259,
        "aniListId": 21512,
        "kitsuId": 11595,
        "malId": 32212,
        "songDifficulty": 19.638159208042975,
        "vintage": "Summer 2019"
    },
    {
        "animeEng": "Kiteretsu Daihyakka",
        "animeRomaji": "Kiteretsu Daihyakka",
        "songName": "Oyome-san ni Natte Agenaizo",
        "artist": "Kaori Moritani",
        "type": "Opening 1",
        "correctCount": 9,
        "startTime": 32,
        "songDuration": 88.971532,
        "songNumber": 54,
        "activePlayerCount": 152,
        "LinkVideo": "https://files.catbox.moe/ezqc46.webm",
        "LinkMp3": "https://files.catbox.moe/vzg5ht.mp3",
        "annId": 228,
        "aniListId": 6509,
        "kitsuId": 4586,
        "malId": 6509,
        "songDifficulty": 11.921544332592227,
        "vintage": "Winter 1988"
    },
    {
        "animeEng": "Haikyu!! Second Season",
        "animeRomaji": "Haikyu!! Second Season",
        "songName": "FLY HIGH!!",
        "artist": "BURNOUT SYNDROMES",
        "type": "Opening 2",
        "correctCount": 95,
        "startTime": 57,
        "songDuration": 89.568,
        "songNumber": 55,
        "activePlayerCount": 152,
        "LinkVideo": "https://files.catbox.moe/xx42fp.webm",
        "LinkMp3": "https://files.catbox.moe/a8ai6u.mp3",
        "annId": 16660,
        "aniListId": 20992,
        "kitsuId": 10076,
        "malId": 28891,
        "songDifficulty": 38.38631727284928,
        "vintage": "Fall 2015"
    },
    {
        "animeEng": "Gakkou no Kaidan",
        "animeRomaji": "Gakkou no Kaidan",
        "songName": "GooD Luck!!",
        "artist": "Merry clover",
        "type": "Ending 1",
        "correctCount": 3,
        "startTime": 66,
        "songDuration": 95.784,
        "songNumber": 56,
        "activePlayerCount": 152,
        "LinkVideo": "https://files.catbox.moe/xwcohs.webm",
        "LinkMp3": "https://files.catbox.moe/suecw2.mp3",
        "annId": 23123,
        "aniListId": 20888,
        "kitsuId": 8696,
        "malId": 22053,
        "songDifficulty": 8.386047248768762,
        "vintage": "Summer 2005",
        "correctPlayers": [
            "EruisKawaii",
            "Ouiaboo",
            "tingy"
        ]
    },
    {
        "animeEng": "Fuse: Memoirs of the Hunter Girl",
        "animeRomaji": "Fuse: Teppou Musume no Torimonochou",
        "songName": "Nokosareshi Mono no Uta",
        "artist": "Mariko Hamada",
        "type": "Insert Song",
        "correctCount": 6,
        "startTime": 51,
        "songDuration": 81.024,
        "songNumber": 57,
        "activePlayerCount": 150,
        "LinkVideo": "https://files.catbox.moe/ecly5c.webm",
        "LinkMp3": "https://files.catbox.moe/mkocoy.mp3",
        "annId": 14165,
        "aniListId": 13335,
        "kitsuId": 6942,
        "malId": 13335,
        "songDifficulty": 10.30605961726262,
        "vintage": "Fall 2012"
    },
    {
        "animeEng": "Tari Tari",
        "animeRomaji": "Tari Tari",
        "songName": "Kokoro no Senritsu",
        "artist": "Shirahamazaka Koukou Gasshou-bu",
        "type": "Insert Song",
        "correctCount": 89,
        "startTime": 55,
        "songDuration": 104.784,
        "songNumber": 58,
        "activePlayerCount": 152,
        "LinkVideo": "https://files.catbox.moe/90kocj.webm",
        "LinkMp3": "https://files.catbox.moe/i68e6f.mp3",
        "annId": 14167,
        "aniListId": 13333,
        "kitsuId": 6941,
        "malId": 13333,
        "songDifficulty": 35.22969146573604,
        "vintage": "Summer 2012"
    },
    {
        "animeEng": "AMAIM Warrior at the Borderline",
        "animeRomaji": "Kyoukai Senki",
        "songName": "enemy",
        "artist": "Blank Paper",
        "type": "Ending 2",
        "correctCount": 26,
        "startTime": 58,
        "songDuration": 88.728,
        "songNumber": 59,
        "activePlayerCount": 152,
        "LinkVideo": "https://files.catbox.moe/cnymqe.webm",
        "LinkMp3": "https://files.catbox.moe/0dj2xp.mp3",
        "annId": 25102,
        "aniListId": 143203,
        "kitsuId": 45703,
        "malId": 50678,
        "songDifficulty": 20.68229596870411,
        "vintage": "Spring 2022"
    },
    {
        "animeEng": "Action Heroine Cheer Fruits",
        "animeRomaji": "Action Heroine Cheer Fruits",
        "songName": "Hi no Ataru Basho (An Main Version)",
        "artist": "Tokimeki Kanshasai featuring Miku Itou, Erii Yamazaki, Rie Murakawa",
        "type": "Ending 3",
        "correctCount": 7,
        "startTime": 18,
        "songDuration": 86.28,
        "songNumber": 60,
        "activePlayerCount": 152,
        "LinkVideo": "https://files.catbox.moe/dt7las.webm",
        "LinkMp3": "https://files.catbox.moe/ivsp96.mp3",
        "annId": 19478,
        "aniListId": 98149,
        "kitsuId": 13539,
        "malId": 34800,
        "songDifficulty": 25.675675675675677,
        "vintage": "Summer 2017"
    },
    {
        "animeEng": "Yo-kai Watch",
        "animeRomaji": "Youkai Watch",
        "songName": "Gerappo Dance Train",
        "artist": "King Cream Soda",
        "type": "Opening 4",
        "correctCount": 95,
        "startTime": 3,
        "songDuration": 83.88,
        "songNumber": 61,
        "activePlayerCount": 152,
        "LinkVideo": "https://files.catbox.moe/0826dr.webm",
        "LinkMp3": "https://files.catbox.moe/9tm4g5.mp3",
        "annId": 13724,
        "aniListId": 19157,
        "kitsuId": 8010,
        "malId": 19157,
        "songDifficulty": 24.910872924629718,
        "vintage": "Winter 2014"
    },
    {
        "animeEng": "Heart and Yummie",
        "animeRomaji": "Omae Umasou da na",
        "songName": "HeartBeat",
        "artist": "Masaya Fujimori",
        "type": "Insert Song",
        "correctCount": 10,
        "startTime": 105,
        "songDuration": 243.456,
        "songNumber": 62,
        "activePlayerCount": 152,
        "LinkVideo": "https://files.catbox.moe/skjx9o.webm",
        "LinkMp3": "https://files.catbox.moe/p9n17p.mp3",
        "annId": 11715,
        "aniListId": 9204,
        "kitsuId": 5631,
        "malId": 9204,
        "songDifficulty": 10.12517541196166,
        "vintage": "Fall 2010"
    },
    {
        "animeEng": "Oreimo Season 2",
        "animeRomaji": "Oreimo Season 2",
        "songName": "Hoshikuzu Cosplay\u2606Witch! Desu! Omega",
        "artist": "Misaki Kuno",
        "type": "Opening 2",
        "correctCount": 47,
        "startTime": 46,
        "songDuration": 85.608,
        "songNumber": 63,
        "activePlayerCount": 152,
        "LinkVideo": "https://files.catbox.moe/pw9v6k.webm",
        "LinkMp3": "https://files.catbox.moe/kaoh2a.mp3",
        "annId": 14208,
        "aniListId": 13659,
        "kitsuId": 7006,
        "malId": 13659,
        "songDifficulty": 15.847744134066488,
        "vintage": "Spring 2013"
    },
    {
        "animeEng": "Kiratto Pri\u2606Chan",
        "animeRomaji": "Kiratto Pri\u2606Chan",
        "songName": "Kiratto Pri\u2606Chan Land",
        "artist": "Nanami Yamashita",
        "type": "Insert Song",
        "correctCount": 21,
        "startTime": 51,
        "songDuration": 139.674334,
        "songNumber": 64,
        "activePlayerCount": 153,
        "LinkVideo": "https://files.catbox.moe/sgki58.webm",
        "LinkMp3": "https://files.catbox.moe/00ppbp.mp3",
        "annId": 23131,
        "aniListId": 113990,
        "kitsuId": 43369,
        "malId": 40880,
        "songDifficulty": 18.005687766671933,
        "vintage": "Spring 2020"
    },
    {
        "animeEng": "Yowamushi Pedal Glory Line",
        "animeRomaji": "Yowamushi Pedal Glory Line",
        "songName": "Link",
        "artist": "LASTGASP",
        "type": "Insert Song",
        "correctCount": 5,
        "startTime": 17,
        "songDuration": 249,
        "songNumber": 65,
        "activePlayerCount": 154,
        "LinkVideo": "https://files.catbox.moe/wk8vfy.webm",
        "LinkMp3": "https://files.catbox.moe/uzaacd.mp3",
        "annId": 20190,
        "aniListId": 99476,
        "kitsuId": 13594,
        "malId": 35789,
        "songDifficulty": 16.26580063312568,
        "vintage": "Winter 2018",
        "correctPlayers": [
            "EruisKawaii",
            "Rukawa11",
            "kar72",
            "Shag",
            "Gabriel_Boric"
        ]
    },
    {
        "animeEng": "Horizon in the Middle of Nowhere",
        "animeRomaji": "Kyoukaisenjou no Horizon",
        "songName": "Tooshi Douka \u30fb Dance Version",
        "artist": "Chiwa Saito",
        "type": "Insert Song",
        "correctCount": 10,
        "startTime": 10,
        "songDuration": 97.272,
        "songNumber": 66,
        "activePlayerCount": 154,
        "LinkVideo": "https://files.catbox.moe/ieycnj.webm",
        "LinkMp3": "https://files.catbox.moe/2rji91.mp3",
        "annId": 12868,
        "aniListId": 10456,
        "kitsuId": 6187,
        "malId": 10456,
        "songDifficulty": 13.643802627979085,
        "vintage": "Fall 2011"
    },
    {
        "animeEng": "Master of Mosquiton '99",
        "animeRomaji": "Master of Mosquiton '99",
        "songName": "GOOD VIBRATION",
        "artist": "Cyber Nation Network",
        "type": "Opening 2",
        "correctCount": 9,
        "startTime": 45,
        "songDuration": 81.864,
        "songNumber": 67,
        "activePlayerCount": 155,
        "LinkVideo": "https://files.catbox.moe/rfzr25.webm",
        "LinkMp3": "https://files.catbox.moe/w7gdlb.mp3",
        "annId": 695,
        "aniListId": 1806,
        "kitsuId": 1625,
        "malId": 1806,
        "songDifficulty": 10.901635465204619,
        "vintage": "Summer 1997"
    },
    {
        "animeEng": "Kiki's Delivery Service",
        "animeRomaji": "Majo no Takkyuubin",
        "songName": "Rouge no Dengon",
        "artist": "Yumi Arai",
        "type": "Opening 1",
        "correctCount": 84,
        "startTime": 45,
        "songDuration": 97.056,
        "songNumber": 68,
        "activePlayerCount": 154,
        "LinkVideo": "https://files.catbox.moe/u4uqnu.webm",
        "LinkMp3": "https://files.catbox.moe/tkgfpl.mp3",
        "annId": 595,
        "aniListId": 512,
        "kitsuId": 471,
        "malId": 512,
        "songDifficulty": 26.665218217761556,
        "vintage": "Summer 1989"
    },
    {
        "animeEng": "YuruYuri Season 3",
        "animeRomaji": "Yuru Yuri San\u2606Hai!",
        "songName": "Acchu~ma Seishun!",
        "artist": "Nanamori Chuu\u2606Goraku-bu",
        "type": "Ending 1",
        "correctCount": 32,
        "startTime": 60,
        "songDuration": 89.496,
        "songNumber": 69,
        "activePlayerCount": 155,
        "LinkVideo": "https://files.catbox.moe/zerekn.webm",
        "LinkMp3": "https://files.catbox.moe/g0tlde.mp3",
        "annId": 16843,
        "aniListId": 21088,
        "kitsuId": 10742,
        "malId": 30279,
        "songDifficulty": 24.701526520478115,
        "vintage": "Fall 2015"
    },
    {
        "animeEng": "School Days",
        "animeRomaji": "School Days",
        "songName": "Innocent Blue",
        "artist": "DeviceHigh",
        "type": "Opening 1",
        "correctCount": 80,
        "startTime": 52,
        "songDuration": 89.568,
        "songNumber": 70,
        "activePlayerCount": 154,
        "LinkVideo": "https://files.catbox.moe/87oiu1.webm",
        "LinkMp3": "https://files.catbox.moe/bdur0m.mp3",
        "annId": 7815,
        "aniListId": 2476,
        "kitsuId": 2249,
        "malId": 2476,
        "songDifficulty": 23.532412091705552,
        "vintage": "Summer 2007"
    },
    {
        "animeEng": "Heaven's Lost Property",
        "animeRomaji": "Sora no Otoshimono",
        "songName": "fallen down",
        "artist": "Saori Hayami",
        "type": "Insert Song",
        "correctCount": 23,
        "startTime": 34,
        "songDuration": 82.32,
        "songNumber": 71,
        "activePlayerCount": 154,
        "LinkVideo": "https://files.catbox.moe/vnoni0.webm",
        "LinkMp3": "https://files.catbox.moe/rqc0dx.mp3",
        "annId": 10764,
        "aniListId": 5958,
        "kitsuId": 4363,
        "malId": 5958,
        "songDifficulty": 17.705772373051786,
        "vintage": "Fall 2009"
    },
    {
        "animeEng": "Transformers: Zone",
        "animeRomaji": "Transformers Z",
        "songName": "Ashita no Kimi e",
        "artist": "Ichiro Mizuki",
        "type": "Ending 1",
        "correctCount": 5,
        "startTime": 17,
        "songDuration": 59.448,
        "songNumber": 72,
        "activePlayerCount": 154,
        "LinkVideo": "https://files.catbox.moe/wcwong.webm",
        "LinkMp3": "https://files.catbox.moe/trjf5v.mp3",
        "annId": 2477,
        "aniListId": 6038,
        "kitsuId": 4395,
        "malId": 6038,
        "songDifficulty": 11.391411048139451,
        "vintage": "Summer 1990",
        "correctPlayers": [
            "EruisKawaii",
            "iloveyou",
            "amehaneyuki",
            "Cofe",
            "MK7"
        ]
    },
    {
        "animeEng": "Convenience Store Boy Friends",
        "animeRomaji": "Konbini Kareshi",
        "songName": "Stand Up Now",
        "artist": "Cellchrome",
        "type": "Opening 1",
        "correctCount": 34,
        "startTime": 28,
        "songDuration": 89.136,
        "songNumber": 73,
        "activePlayerCount": 154,
        "LinkVideo": "https://files.catbox.moe/77c4dy.webm",
        "LinkMp3": "https://files.catbox.moe/mied7v.mp3",
        "annId": 19475,
        "aniListId": 98631,
        "kitsuId": 13537,
        "malId": 35434,
        "songDifficulty": 16.971335515202703,
        "vintage": "Summer 2017"
    },
    {
        "animeEng": "Kujibiki\u2665Unbalance",
        "animeRomaji": "Kujibiki\u2665Unbalance",
        "songName": "Harmonies*",
        "artist": "Ai Nonaka & Ami Koshimizu",
        "type": "Ending 1",
        "correctCount": 1,
        "startTime": 2,
        "songDuration": 87,
        "songNumber": 74,
        "activePlayerCount": 155,
        "LinkVideo": "https://files.catbox.moe/5a4uxu.webm",
        "LinkMp3": "https://files.catbox.moe/yqk3kt.mp3",
        "annId": 6604,
        "aniListId": 1591,
        "kitsuId": 1431,
        "malId": 1591,
        "songDifficulty": 7.605258298285775,
        "vintage": "Fall 2006",
        "correctPlayers": [
            "watashiii"
        ]
    },
    {
        "animeEng": "Tales of Zestiria the X",
        "animeRomaji": "Tales of Zestiria the X",
        "songName": "BURN",
        "artist": "FLOW",
        "type": "Insert Song",
        "correctCount": 35,
        "startTime": 85,
        "songDuration": 119.592,
        "songNumber": 75,
        "activePlayerCount": 157,
        "LinkVideo": "https://files.catbox.moe/r4irkw.webm",
        "LinkMp3": "https://files.catbox.moe/7w1k2c.mp3",
        "annId": 18072,
        "aniListId": 21221,
        "kitsuId": 11023,
        "malId": 30911,
        "songDifficulty": 21.219551738882554,
        "vintage": "Summer 2016"
    },
    {
        "animeEng": "Puzzle & Dragons X",
        "animeRomaji": "PazuDora Cross",
        "songName": "Puzzle",
        "artist": "Natsume Mito",
        "type": "Ending 2",
        "correctCount": 1,
        "startTime": 5,
        "songDuration": 87.717676,
        "songNumber": 76,
        "activePlayerCount": 158,
        "LinkVideo": "https://files.catbox.moe/tgszoj.webm",
        "LinkMp3": "https://files.catbox.moe/lxgo7c.mp3",
        "annId": 18430,
        "aniListId": 21644,
        "kitsuId": 11846,
        "malId": 32772,
        "songDifficulty": 4.541042842008111,
        "vintage": "Summer 2016",
        "correctPlayers": [
            "kneesoxluver"
        ]
    },
    {
        "animeEng": "Digimon Fusion",
        "animeRomaji": "Digimon Xros Wars",
        "songName": "Never Give Up!",
        "artist": "Sonar Pocket",
        "type": "Opening 1",
        "correctCount": 8,
        "startTime": 24,
        "songDuration": 79.488,
        "songNumber": 77,
        "activePlayerCount": 159,
        "LinkVideo": "https://files.catbox.moe/k6a3ca.webm",
        "LinkMp3": "https://files.catbox.moe/vm35ac.mp3",
        "annId": 11450,
        "aniListId": 8624,
        "kitsuId": 5404,
        "malId": 8624,
        "songDifficulty": 16.88220508376082,
        "vintage": "Summer 2010"
    },
    {
        "animeEng": "Love Live! School Idol Project",
        "animeRomaji": "Love Live! School Idol Project",
        "songName": "Mogyutto \"love\" de Sekkinchuu!",
        "artist": "\u03bc's",
        "type": "Insert Song",
        "correctCount": 36,
        "startTime": 70,
        "songDuration": 334.8,
        "songNumber": 78,
        "activePlayerCount": 158,
        "LinkVideo": "https://files.catbox.moe/opwgqs.webm",
        "LinkMp3": "https://files.catbox.moe/jykhzt.mp3",
        "annId": 22080,
        "aniListId": 11033,
        "kitsuId": 6444,
        "malId": 11033,
        "songDifficulty": 29.168056402439024,
        "vintage": "Summer 2010"
    },
    {
        "animeEng": "Jewelpet Twinkle",
        "animeRomaji": "Jewelpet Twinkle",
        "songName": "Little\u2606Twinkle\u2606Star",
        "artist": "Ayana Taketatsu",
        "type": "Insert Song",
        "correctCount": 8,
        "startTime": 43,
        "songDuration": 150.98516,
        "songNumber": 79,
        "activePlayerCount": 156,
        "LinkVideo": "https://files.catbox.moe/ouh1ek.webm",
        "LinkMp3": "https://files.catbox.moe/8lfapo.mp3",
        "annId": 11285,
        "aniListId": 8217,
        "kitsuId": 5249,
        "malId": 8217,
        "songDifficulty": 8.268811357892691,
        "vintage": "Spring 2010"
    },
    {
        "animeEng": "Lost Song",
        "animeRomaji": "Lost Song",
        "songName": "Utaeba Soko ni Kimi ga Iru kara",
        "artist": "Konomi Suzuki",
        "type": "Opening 1",
        "correctCount": 25,
        "startTime": 33,
        "songDuration": 89.258874,
        "songNumber": 80,
        "activePlayerCount": 157,
        "LinkVideo": "https://files.catbox.moe/8gggtu.webm",
        "LinkMp3": "https://files.catbox.moe/5eomj8.mp3",
        "annId": 19988,
        "aniListId": 98073,
        "kitsuId": 12722,
        "malId": 34338,
        "songDifficulty": 19.945561801321137,
        "vintage": "Winter 2018"
    },
    {
        "animeEng": "Yurei Deco",
        "animeRomaji": "Yurei Deco",
        "songName": "I'm In Love",
        "artist": "Hack'nBerry",
        "type": "Ending 1",
        "correctCount": 20,
        "startTime": 41,
        "songDuration": 88.32,
        "songNumber": 81,
        "activePlayerCount": 157,
        "LinkVideo": "https://files.catbox.moe/n7f42l.webm",
        "LinkMp3": "https://files.catbox.moe/p8vgsr.mp3",
        "annId": 25369,
        "aniListId": 145468,
        "kitsuId": null,
        "malId": 51092,
        "songDifficulty": 19.10622268618295,
        "vintage": "Summer 2022"
    },
    {
        "animeEng": "Psycho-Pass",
        "animeRomaji": "Psycho-Pass",
        "songName": "Namae no Nai Kaibutsu",
        "artist": "EGOIST",
        "type": "Ending 1",
        "correctCount": 37,
        "startTime": 33,
        "songDuration": null,
        "songNumber": 82,
        "activePlayerCount": 156,
        "LinkVideo": "https://files.catbox.moe/z97gkl.webm",
        "LinkMp3": "https://files.catbox.moe/66e4pz.mp3",
        "annId": 14195,
        "aniListId": 13601,
        "kitsuId": 7000,
        "malId": 13601,
        "songDifficulty": 36.990930927157436,
        "vintage": "Fall 2012"
    },
    {
        "animeEng": "Yuri!!! on Ice",
        "animeRomaji": "Yuri!!! on Ice",
        "songName": "History Maker",
        "artist": "DEAN FUJIOKA",
        "type": "Opening 1",
        "correctCount": 144,
        "startTime": 39,
        "songDuration": 89.064,
        "songNumber": 83,
        "activePlayerCount": 157,
        "LinkVideo": "https://files.catbox.moe/z2zxcv.webm",
        "LinkMp3": "https://files.catbox.moe/o6i75g.mp3",
        "annId": 18191,
        "aniListId": 21709,
        "kitsuId": 11999,
        "malId": 32995,
        "songDifficulty": 67.81078653440599,
        "vintage": "Fall 2016"
    },
    {
        "animeEng": "Trinity Blood",
        "animeRomaji": "Trinity Blood",
        "songName": "Dress (BLOODY TRINITY MIX)",
        "artist": "BUCK-TICK",
        "type": "Opening 1",
        "correctCount": 19,
        "startTime": 17,
        "songDuration": 89.016,
        "songNumber": 84,
        "activePlayerCount": 156,
        "LinkVideo": "https://files.catbox.moe/iz5kzj.webm",
        "LinkMp3": "https://files.catbox.moe/zw7nzh.mp3",
        "annId": 4874,
        "aniListId": 27,
        "kitsuId": 18,
        "malId": 27,
        "songDifficulty": 17.83622642381657,
        "vintage": "Spring 2005"
    },
    {
        "animeEng": "Samurai Jam: Bakumatsu Rock",
        "animeRomaji": "Bakumatsu Rock",
        "songName": "Ikite Yukou",
        "artist": "Tatsuhisa Suzuki",
        "type": "Insert Song",
        "correctCount": 8,
        "startTime": 59,
        "songDuration": 152.784,
        "songNumber": 85,
        "activePlayerCount": 147,
        "LinkVideo": "https://files.catbox.moe/godjkb.webm",
        "LinkMp3": "https://files.catbox.moe/ddgfp2.mp3",
        "annId": 15992,
        "aniListId": 20649,
        "kitsuId": 8533,
        "malId": 23037,
        "songDifficulty": 12.772937309451219,
        "vintage": "Summer 2014"
    }
]