[
    {
        "animeEng": "Kandagawa Jet Girls",
        "animeRomaji": "Kandagawa Jet Girls",
        "songName": "RIVALS",
        "artist": "Azusa Tadokoro",
        "type": "Ending 1",
        "correctCount": 11,
        "startTime": 12,
        "songDuration": 87.72,
        "songNumber": 1,
        "activePlayerCount": 96,
        "LinkVideo": "https://files.catbox.moe/b6ddzs.webm",
        "LinkMp3": "https://files.catbox.moe/8r55su.mp3",
        "annId": 22385,
        "aniListId": 110810,
        "kitsuId": 42476,
        "malId": 40196,
        "songDifficulty": 14.714474610517847,
        "vintage": "Fall 2019"
    },
    {
        "animeEng": "Pok\u00e9mon Sun & Moon",
        "animeRomaji": "Pocket Monsters Sun & Moon",
        "songName": "Alola!!",
        "artist": "Rica Matsumoto with Ikue Ootani",
        "type": "Opening 1",
        "correctCount": 19,
        "startTime": 9,
        "songDuration": 71.088,
        "songNumber": 2,
        "activePlayerCount": 104,
        "LinkVideo": "https://files.catbox.moe/szuhew.webm",
        "LinkMp3": "https://files.catbox.moe/5z1d2a.mp3",
        "annId": 18745,
        "aniListId": 97634,
        "kitsuId": 12533,
        "malId": 34034,
        "songDifficulty": 29.262613064855127,
        "vintage": "Fall 2016"
    },
    {
        "animeEng": "Tribe Nine",
        "animeRomaji": "Tribe Nine",
        "songName": "Revolving Overdrive",
        "artist": "MATZ feat. Foggy-D",
        "type": "Insert Song",
        "correctCount": 8,
        "startTime": 5,
        "songDuration": 46.176,
        "songNumber": 3,
        "activePlayerCount": 106,
        "LinkVideo": "https://files.catbox.moe/l6vr8n.webm",
        "LinkMp3": "https://files.catbox.moe/ubkeog.mp3",
        "annId": 24803,
        "aniListId": 139804,
        "kitsuId": 45271,
        "malId": 49969,
        "songDifficulty": 17.13379436990489,
        "vintage": "Winter 2022"
    },
    {
        "animeEng": "Assassins Pride",
        "animeRomaji": "Assassins Pride",
        "songName": "Share the light",
        "artist": "Run Girls, Run!",
        "type": "Opening 1",
        "correctCount": 50,
        "startTime": 23,
        "songDuration": 88.68,
        "songNumber": 4,
        "activePlayerCount": 109,
        "LinkVideo": "https://files.catbox.moe/9o9k70.webm",
        "LinkMp3": "https://files.catbox.moe/ptplqs.mp3",
        "annId": 22217,
        "aniListId": 104722,
        "kitsuId": 42328,
        "malId": 38572,
        "songDifficulty": 31.71130810913585,
        "vintage": "Fall 2019"
    },
    {
        "animeEng": "Cowboy Bebop",
        "animeRomaji": "Cowboy Bebop",
        "songName": "SPACE LION",
        "artist": "Seatbelts",
        "type": "Ending 2",
        "correctCount": 12,
        "startTime": 290,
        "songDuration": 396.035642,
        "songNumber": 5,
        "activePlayerCount": 110,
        "LinkVideo": "https://files.catbox.moe/h2xtrq.webm",
        "LinkMp3": "https://files.catbox.moe/awov67.mp3",
        "annId": 13,
        "aniListId": 1,
        "kitsuId": 1,
        "malId": 1,
        "songDifficulty": 26.09774129172714,
        "vintage": "Spring 1998"
    },
    {
        "animeEng": "Katte ni Shirokuma",
        "animeRomaji": "Katte ni Shirokuma",
        "songName": "Sabishii Yoru no Komoriuta",
        "artist": "Kenichi Nagira",
        "type": "Ending 1",
        "correctCount": 3,
        "startTime": 103,
        "songDuration": 194.784,
        "songNumber": 6,
        "activePlayerCount": 112,
        "LinkVideo": "https://files.catbox.moe/ued1mr.webm",
        "LinkMp3": "https://files.catbox.moe/uwf1oi.mp3",
        "annId": 23302,
        "aniListId": 9832,
        "kitsuId": 5894,
        "malId": 9832,
        "songDifficulty": 6.176556865985577,
        "vintage": "Fall 1987",
        "correctPlayers": [
            "FC2PPV_1560667",
            "Orfey",
            "Ai_Haibara"
        ]
    },
    {
        "animeEng": "Super Dimension Fortress Macross: Do You Remember Love?",
        "animeRomaji": "Choujikuu Yousai Macross: Ai, Oboete Imasu ka",
        "songName": "Sunset Beach",
        "artist": "Mari Iijima",
        "type": "Insert Song",
        "correctCount": 57,
        "startTime": 23,
        "songDuration": 65.112,
        "songNumber": 7,
        "activePlayerCount": 115,
        "LinkVideo": "https://files.catbox.moe/6tus95.webm",
        "LinkMp3": "https://files.catbox.moe/fp319j.mp3",
        "annId": 366,
        "aniListId": 1089,
        "kitsuId": 974,
        "malId": 1089,
        "songDifficulty": 28.697293840288925,
        "vintage": "Summer 1984"
    },
    {
        "animeEng": "Tsukimichi: Moonlit Fantasy",
        "animeRomaji": "Tsuki ga Michibiku Isekai Douchuu",
        "songName": "Gamble",
        "artist": "syudou",
        "type": "Opening 1",
        "correctCount": 41,
        "startTime": 4,
        "songDuration": 88.824,
        "songNumber": 8,
        "activePlayerCount": 115,
        "LinkVideo": "https://files.catbox.moe/w5oee4.webm",
        "LinkMp3": "https://files.catbox.moe/ysaohe.mp3",
        "annId": 24010,
        "aniListId": 125206,
        "kitsuId": 44297,
        "malId": 43523,
        "songDifficulty": 25.86388162988773,
        "vintage": "Summer 2021"
    },
    {
        "animeEng": "Naruto Shippuuden",
        "animeRomaji": "Naruto Shippuuden",
        "songName": "Broken Youth",
        "artist": "NICO Touches the Walls",
        "type": "Ending 6",
        "correctCount": 29,
        "startTime": 49,
        "songDuration": 89.256,
        "songNumber": 9,
        "activePlayerCount": 117,
        "LinkVideo": "https://files.catbox.moe/1rvcr0.webm",
        "LinkMp3": "https://files.catbox.moe/ykcfry.mp3",
        "annId": 7293,
        "aniListId": 1735,
        "kitsuId": 1555,
        "malId": 1735,
        "songDifficulty": 24.134806716198323,
        "vintage": "Winter 2007"
    },
    {
        "animeEng": "Move to the Future",
        "animeRomaji": "Move to the Future",
        "songName": "Atarashii Mirai",
        "artist": "Yae & Ayame",
        "type": "Ending 1",
        "correctCount": 5,
        "startTime": 53,
        "songDuration": 102.672,
        "songNumber": 10,
        "activePlayerCount": 118,
        "LinkVideo": "https://files.catbox.moe/g8w02o.webm",
        "LinkMp3": "https://files.catbox.moe/kdr96l.mp3",
        "annId": 25406,
        "aniListId": 123284,
        "kitsuId": null,
        "malId": 39222,
        "songDifficulty": 9.057767674180328,
        "vintage": "Winter 2019",
        "correctPlayers": [
            "ArukasFrost",
            "Szafa",
            "CedropGlash",
            "SakuraFujima",
            "Neme6"
        ]
    },
    {
        "animeEng": "True Tears",
        "animeRomaji": "True Tears",
        "songName": "Reflectia",
        "artist": "eufonius",
        "type": "Ending 2",
        "correctCount": 38,
        "startTime": 49,
        "songDuration": null,
        "songNumber": 11,
        "activePlayerCount": 118,
        "LinkVideo": "https://files.catbox.moe/4qadpg.webm",
        "LinkMp3": "https://files.catbox.moe/18d6ul.mp3",
        "annId": 6257,
        "aniListId": 2129,
        "kitsuId": 1926,
        "malId": 2129,
        "songDifficulty": 29.384246868877693,
        "vintage": "Winter 2008"
    },
    {
        "animeEng": "Macross Delta",
        "animeRomaji": "Macross \u0394",
        "songName": "God Bless You",
        "artist": "Walk\u00fcre",
        "type": "Ending 6",
        "correctCount": 26,
        "startTime": 56,
        "songDuration": 169.464,
        "songNumber": 12,
        "activePlayerCount": 119,
        "LinkVideo": "https://files.catbox.moe/g1esi7.webm",
        "LinkMp3": "https://files.catbox.moe/h8y9l0.mp3",
        "annId": 17762,
        "aniListId": 20680,
        "kitsuId": 9992,
        "malId": 28013,
        "songDifficulty": 20.24812179871404,
        "vintage": "Spring 2016"
    },
    {
        "animeEng": "K",
        "animeRomaji": "K",
        "songName": "Itsuka no Zero Kara",
        "artist": "angela",
        "type": "Insert Song",
        "correctCount": 16,
        "startTime": 49,
        "songDuration": null,
        "songNumber": 13,
        "activePlayerCount": 121,
        "LinkVideo": "https://files.catbox.moe/pwdtce.webm",
        "LinkMp3": "https://files.catbox.moe/3o1t5m.mp3",
        "annId": 14732,
        "aniListId": 14467,
        "kitsuId": 7125,
        "malId": 14467,
        "songDifficulty": 20.03117004063817,
        "vintage": "Fall 2012"
    },
    {
        "animeEng": "Space Ace",
        "animeRomaji": "Uchuu Ace",
        "songName": "Hoshi no Honoo ni",
        "artist": "Tokyo Konsei Gasshou-dan",
        "type": "Opening 1",
        "correctCount": 5,
        "startTime": 5,
        "songDuration": 56.28,
        "songNumber": 14,
        "activePlayerCount": 122,
        "LinkVideo": "https://files.catbox.moe/e1yt40.webm",
        "LinkMp3": "https://files.catbox.moe/j9edb4.mp3",
        "annId": 1505,
        "aniListId": 6989,
        "kitsuId": 4825,
        "malId": 6989,
        "songDifficulty": 13.665735072203546,
        "vintage": "Spring 1965",
        "correctPlayers": [
            "LacusClyne",
            "Thaleko",
            "Rukawa11",
            "Ai_Haibara",
            "Neme6"
        ]
    },
    {
        "animeEng": "Di Gi Charat Christmas Special",
        "animeRomaji": "Di Gi Charat Christmas Special",
        "songName": "Megami ni Naritai ~for a yours~",
        "artist": "Masami Okui",
        "type": "Opening 1",
        "correctCount": 16,
        "startTime": 10,
        "songDuration": 88.752,
        "songNumber": 15,
        "activePlayerCount": 123,
        "LinkVideo": "https://files.catbox.moe/z0td1z.webm",
        "LinkMp3": "https://files.catbox.moe/cq7hh7.mp3",
        "annId": 2933,
        "aniListId": 1757,
        "kitsuId": 1577,
        "malId": 1757,
        "songDifficulty": 18.86266888407591,
        "vintage": "Fall 2000"
    },
    {
        "animeEng": "Tama and Friends",
        "animeRomaji": "3-choume no Tama: Uchi no Tama Shirimasenka?",
        "songName": "Bokura wa Nakamada Tama Ondo",
        "artist": "Hiroko Kasahara",
        "type": "Ending 1",
        "correctCount": 12,
        "startTime": 64,
        "songDuration": 114.072,
        "songNumber": 16,
        "activePlayerCount": 122,
        "LinkVideo": "https://files.catbox.moe/33tvi8.webm",
        "LinkMp3": "https://files.catbox.moe/y8791e.mp3",
        "annId": 1426,
        "aniListId": 2467,
        "kitsuId": 2241,
        "malId": 2467,
        "songDifficulty": 12.105827863826308,
        "vintage": "Summer 1993"
    },
    {
        "animeEng": "The Prince of Tennis: The National Tournament",
        "animeRomaji": "Tennis no Ouji-sama: Zenkoku Taikai-hen",
        "songName": "Flower -Sakimida Hana-",
        "artist": "GIGS",
        "type": "Opening 1",
        "correctCount": 8,
        "startTime": 31,
        "songDuration": 73.488,
        "songNumber": 17,
        "activePlayerCount": 123,
        "LinkVideo": "https://files.catbox.moe/xep2vk.webm",
        "LinkMp3": "https://files.catbox.moe/85rgbm.mp3",
        "annId": 6249,
        "aniListId": 995,
        "kitsuId": 885,
        "malId": 995,
        "songDifficulty": 10.651815027445803,
        "vintage": "Winter 2006"
    },
    {
        "animeEng": "Shakugan no Shana S",
        "animeRomaji": "Shakugan no Shana S",
        "songName": "Prophecy",
        "artist": "Mami Kawada",
        "type": "Opening 1",
        "correctCount": 48,
        "startTime": 46,
        "songDuration": 94.824,
        "songNumber": 18,
        "activePlayerCount": 124,
        "LinkVideo": "https://files.catbox.moe/nu49r5.webm",
        "LinkMp3": "https://files.catbox.moe/kjiey0.mp3",
        "annId": 10956,
        "aniListId": 6572,
        "kitsuId": 4616,
        "malId": 6572,
        "songDifficulty": 20.910950172343878,
        "vintage": "Fall 2009"
    },
    {
        "animeEng": "Wataten!: An Angel Flew Down to Me",
        "animeRomaji": "Watashi ni Tenshi ga Maiorita!",
        "songName": "Youkoso Tenshi no Kuni e",
        "artist": "Hitomi Ohwada, Naomi Oozora",
        "type": "Insert Song",
        "correctCount": 14,
        "startTime": 0,
        "songDuration": 74.064,
        "songNumber": 19,
        "activePlayerCount": 124,
        "LinkVideo": "https://files.catbox.moe/3jqtas.webm",
        "LinkMp3": "https://files.catbox.moe/pbf2qe.mp3",
        "annId": 21114,
        "aniListId": 102680,
        "kitsuId": 41403,
        "malId": 37993,
        "songDifficulty": 28.551001800785798,
        "vintage": "Winter 2019"
    },
    {
        "animeEng": "Yu-Gi-Oh! Sevens",
        "animeRomaji": "Yu-Gi-Oh! Sevens",
        "songName": "Gouha Dai-7 Shougakkou Kouka (Gakuto ver.)",
        "artist": "Natsuki Hanae",
        "type": "Ending 6",
        "correctCount": 32,
        "startTime": 38,
        "songDuration": 86.136,
        "songNumber": 20,
        "activePlayerCount": 123,
        "LinkVideo": "https://files.catbox.moe/ou96wd.webm",
        "LinkMp3": "https://files.catbox.moe/jz6dfa.mp3",
        "annId": 23031,
        "aniListId": 114072,
        "kitsuId": 42899,
        "malId": 40145,
        "songDifficulty": 26.195614445508358,
        "vintage": "Spring 2020"
    },
    {
        "animeEng": "Shiro, the Giant, and the Castle of Ice",
        "animeRomaji": "Kyoshin to Hyouka no Shiro",
        "songName": "Himawari o Oikakete",
        "artist": "LieN",
        "type": "Insert Song",
        "correctCount": 7,
        "startTime": 19,
        "songDuration": 147.192,
        "songNumber": 21,
        "activePlayerCount": 125,
        "LinkVideo": "https://files.catbox.moe/6qdycj.webm",
        "LinkMp3": "https://files.catbox.moe/0p4mgh.mp3",
        "annId": 23300,
        "aniListId": 121684,
        "kitsuId": 43719,
        "malId": 42057,
        "songDifficulty": 4.951468756805314,
        "vintage": "Summer 2020"
    },
    {
        "animeEng": "Miru Tights",
        "animeRomaji": "Miru Tights",
        "songName": "True Days",
        "artist": "Yoko Hikasa",
        "type": "Ending 2",
        "correctCount": 55,
        "startTime": 17,
        "songDuration": 49.866898,
        "songNumber": 22,
        "activePlayerCount": 128,
        "LinkVideo": "https://files.catbox.moe/7mqg4j.webm",
        "LinkMp3": "https://files.catbox.moe/ch9zl3.mp3",
        "annId": 22030,
        "aniListId": 106967,
        "kitsuId": 42078,
        "malId": 38935,
        "songDifficulty": 28.70512125394322,
        "vintage": "Spring 2019"
    },
    {
        "animeEng": "Naruto Shippuuden",
        "animeRomaji": "Naruto Shippuuden",
        "songName": "newsong",
        "artist": "tacica",
        "type": "Opening 10",
        "correctCount": 37,
        "startTime": 14,
        "songDuration": 89.064,
        "songNumber": 23,
        "activePlayerCount": 127,
        "LinkVideo": "https://files.catbox.moe/w8redc.webm",
        "LinkMp3": "https://files.catbox.moe/s20948.mp3",
        "annId": 7293,
        "aniListId": 1735,
        "kitsuId": 1555,
        "malId": 1735,
        "songDifficulty": 34.87025294364034,
        "vintage": "Winter 2007"
    },
    {
        "animeEng": "Yuri!!! on Ice",
        "animeRomaji": "Yuri!!! on Ice",
        "songName": "Duet 'Hanarezu ni Soba ni Ite'",
        "artist": "Kazuma Kudou & Rinko Matsubara",
        "type": "Ending 3",
        "correctCount": 12,
        "startTime": 68,
        "songDuration": 102.24,
        "songNumber": 24,
        "activePlayerCount": 126,
        "LinkVideo": "https://files.catbox.moe/c6c1yd.webm",
        "LinkMp3": "https://files.catbox.moe/nxaylr.mp3",
        "annId": 18191,
        "aniListId": 21709,
        "kitsuId": 11999,
        "malId": 32995,
        "songDifficulty": 19.14003456334806,
        "vintage": "Fall 2016"
    },
    {
        "animeEng": "Saekano: How to Raise a Boring Girlfriend",
        "animeRomaji": "Saenai Heroine no Sodate-kata",
        "songName": "Colorful.",
        "artist": "Miku Sawai",
        "type": "Ending 1",
        "correctCount": 61,
        "startTime": 14,
        "songDuration": null,
        "songNumber": 25,
        "activePlayerCount": 126,
        "LinkVideo": "https://files.catbox.moe/binq9z.webm",
        "LinkMp3": "https://files.catbox.moe/zr7mxy.mp3",
        "annId": 16141,
        "aniListId": 20657,
        "kitsuId": 8406,
        "malId": 23277,
        "songDifficulty": 26.97681858295512,
        "vintage": "Winter 2015"
    },
    {
        "animeEng": "FLCL Alternative",
        "animeRomaji": "FLCL Alternative",
        "songName": "Fool on the planet (Fool on cool version)",
        "artist": "the pillows",
        "type": "Insert Song",
        "correctCount": 10,
        "startTime": 62,
        "songDuration": 196.2,
        "songNumber": 26,
        "activePlayerCount": 126,
        "LinkVideo": "https://files.catbox.moe/kregz0.webm",
        "LinkMp3": "https://files.catbox.moe/y4h8mo.mp3",
        "annId": 20792,
        "aniListId": 21748,
        "kitsuId": 11962,
        "malId": 35842,
        "songDifficulty": 20.36364103618421,
        "vintage": "Summer 2018"
    },
    {
        "animeEng": "Black Summoner",
        "animeRomaji": "Kuro no Shoukanshi",
        "songName": "Atamannaka DEAD END",
        "artist": "RetBear",
        "type": "Opening 1",
        "correctCount": 18,
        "startTime": 49,
        "songDuration": 89.52,
        "songNumber": 27,
        "activePlayerCount": 126,
        "LinkVideo": "https://files.catbox.moe/8qq43q.webm",
        "LinkMp3": "https://files.catbox.moe/tc2sfr.mp3",
        "annId": 25360,
        "aniListId": 145260,
        "kitsuId": 45884,
        "malId": 51064,
        "songDifficulty": 26.282300704989154,
        "vintage": "Summer 2022"
    },
    {
        "animeEng": "Senki Zesshou Symphogear GX",
        "animeRomaji": "Senki Zesshou Symphogear GX",
        "songName": "Genkai Toppa G-beat",
        "artist": "Aoi Yuuki",
        "type": "Insert Song",
        "correctCount": 27,
        "startTime": 2,
        "songDuration": 161.496,
        "songNumber": 28,
        "activePlayerCount": 126,
        "LinkVideo": "https://files.catbox.moe/suhjgu.webm",
        "LinkMp3": "https://files.catbox.moe/wajctv.mp3",
        "annId": 16312,
        "aniListId": 20560,
        "kitsuId": 8136,
        "malId": 21573,
        "songDifficulty": 26.847060535506404,
        "vintage": "Summer 2015"
    },
    {
        "animeEng": "Noragami",
        "animeRomaji": "Noragami",
        "songName": "Heart Realize",
        "artist": "Tia",
        "type": "Ending 1",
        "correctCount": 66,
        "startTime": 61,
        "songDuration": 93.12,
        "songNumber": 29,
        "activePlayerCount": 125,
        "LinkVideo": "https://files.catbox.moe/x8u24s.webm",
        "LinkMp3": "https://files.catbox.moe/5m0a9l.mp3",
        "annId": 15585,
        "aniListId": 20447,
        "kitsuId": 7881,
        "malId": 20507,
        "songDifficulty": 18.996875961665275,
        "vintage": "Winter 2014"
    },
    {
        "animeEng": "Kaijuu Girls Black",
        "animeRomaji": "Kaijuu Girls Kuro: Ultra Kaijuu Gijinka Keikaku",
        "songName": "Touhonseisou Koushinkyoku",
        "artist": "BLACK STARS",
        "type": "Opening 1",
        "correctCount": 32,
        "startTime": 0,
        "songDuration": 30.48,
        "songNumber": 30,
        "activePlayerCount": 127,
        "LinkVideo": "https://files.catbox.moe/ulsq13.webm",
        "LinkMp3": "https://files.catbox.moe/urpwpg.mp3",
        "annId": 22405,
        "aniListId": 101372,
        "kitsuId": 41114,
        "malId": 37586,
        "songDifficulty": 19.4020589011783,
        "vintage": "Fall 2018"
    },
    {
        "animeEng": "Made in Abyss",
        "animeRomaji": "Made in Abyss",
        "songName": "Deep in Abyss",
        "artist": "Miyu Tomita & Mariya Ise",
        "type": "Opening 2",
        "correctCount": 79,
        "startTime": 6,
        "songDuration": 87.816,
        "songNumber": 31,
        "activePlayerCount": 127,
        "LinkVideo": "https://files.catbox.moe/xlxqid.webm",
        "LinkMp3": "https://files.catbox.moe/dj91s0.mp3",
        "annId": 18952,
        "aniListId": 97986,
        "kitsuId": 13273,
        "malId": 34599,
        "songDifficulty": 42.84023756977801,
        "vintage": "Summer 2017"
    },
    {
        "animeEng": "D.Gray-man",
        "animeRomaji": "D.Gray-man",
        "songName": "Yurikago no Uta",
        "artist": "Showtaro Morikubo & Mitsuki Saiga",
        "type": "Insert Song",
        "correctCount": 10,
        "startTime": 6,
        "songDuration": 40.824,
        "songNumber": 32,
        "activePlayerCount": 128,
        "LinkVideo": "https://files.catbox.moe/er5dqr.webm",
        "LinkMp3": "https://files.catbox.moe/jb6lwg.mp3",
        "annId": 6764,
        "aniListId": 1482,
        "kitsuId": 1328,
        "malId": 1482,
        "songDifficulty": 17.880685068649885,
        "vintage": "Fall 2006"
    },
    {
        "animeEng": "Tokyo Revengers",
        "animeRomaji": "Tokyo Revengers",
        "songName": "Tokyo Wonder.",
        "artist": "Nakimushi",
        "type": "Ending 2",
        "correctCount": 46,
        "startTime": 18,
        "songDuration": 88.56,
        "songNumber": 33,
        "activePlayerCount": 127,
        "LinkVideo": "https://files.catbox.moe/dbjhk6.webm",
        "LinkMp3": "https://files.catbox.moe/xd0nx3.mp3",
        "annId": 23847,
        "aniListId": 120120,
        "kitsuId": 43321,
        "malId": 42249,
        "songDifficulty": 25.871290637084616,
        "vintage": "Spring 2021"
    },
    {
        "animeEng": "Always! Super Radical Gag Family",
        "animeRomaji": "Maido! Urayasu Tekkin Kazoku",
        "songName": "Hagane no Macho Idol ver",
        "artist": "Candy Voice feat. Tetsuya Kanmuri",
        "type": "Opening 2",
        "correctCount": 19,
        "startTime": 0,
        "songDuration": 19.392,
        "songNumber": 34,
        "activePlayerCount": 128,
        "LinkVideo": "https://files.catbox.moe/drv0kz.webm",
        "LinkMp3": "https://files.catbox.moe/ybx1b8.mp3",
        "annId": 16075,
        "aniListId": 20624,
        "kitsuId": 8556,
        "malId": 24417,
        "songDifficulty": 18.409005499881403,
        "vintage": "Summer 2014"
    },
    {
        "animeEng": "C: Control",
        "animeRomaji": "C: The Money of Soul and Possibility - Control",
        "songName": "High Heel Shoes In Pink",
        "artist": "Kayoko Ishuu",
        "type": "Insert Song",
        "correctCount": 15,
        "startTime": 12,
        "songDuration": 206.808,
        "songNumber": 35,
        "activePlayerCount": 127,
        "LinkVideo": "https://files.catbox.moe/suazue.webm",
        "LinkMp3": "https://files.catbox.moe/fvricz.mp3",
        "annId": 12400,
        "aniListId": 10163,
        "kitsuId": 6061,
        "malId": 10163,
        "songDifficulty": 10.9064501953125,
        "vintage": "Spring 2011"
    },
    {
        "animeEng": "RIN-NE 2",
        "animeRomaji": "Kyoukai no Rinne",
        "songName": "Melody",
        "artist": "Pile",
        "type": "Opening 1",
        "correctCount": 8,
        "startTime": 40,
        "songDuration": 88.224,
        "songNumber": 36,
        "activePlayerCount": 128,
        "LinkVideo": "https://files.catbox.moe/stpt5v.webm",
        "LinkMp3": "https://files.catbox.moe/ahz6z6.mp3",
        "annId": 17656,
        "aniListId": 21357,
        "kitsuId": 11366,
        "malId": 31610,
        "songDifficulty": 8.313259028015764,
        "vintage": "Spring 2016"
    },
    {
        "animeEng": "Is It Wrong to Try to Pick Up Girls in a Dungeon?",
        "animeRomaji": "DanMachi",
        "songName": "REALIZE ~Hajimari no Toki~",
        "artist": "Maaya Uchida",
        "type": "Ending 2",
        "correctCount": 14,
        "startTime": 4,
        "songDuration": 180.648,
        "songNumber": 37,
        "activePlayerCount": 130,
        "LinkVideo": "https://files.catbox.moe/gon982.webm",
        "LinkMp3": "https://files.catbox.moe/nhuh5v.mp3",
        "annId": 16443,
        "aniListId": 20920,
        "kitsuId": 9962,
        "malId": 28121,
        "songDifficulty": 7.1711968400295305,
        "vintage": "Spring 2015"
    },
    {
        "animeEng": "Aikatsu!",
        "animeRomaji": "Aikatsu!",
        "songName": "Angel Snow",
        "artist": "Waka\u30fbRemi from STAR\u2606ANIS",
        "type": "Insert Song",
        "correctCount": 20,
        "startTime": 3,
        "songDuration": 103.344,
        "songNumber": 38,
        "activePlayerCount": 130,
        "LinkVideo": "https://files.catbox.moe/0ee1wb.webm",
        "LinkMp3": "https://files.catbox.moe/0z59xd.mp3",
        "annId": 14566,
        "aniListId": 15061,
        "kitsuId": 7205,
        "malId": 15061,
        "songDifficulty": 43.272583614265436,
        "vintage": "Fall 2012"
    },
    {
        "animeEng": "Casshern Sins",
        "animeRomaji": "Casshern Sins",
        "songName": "A Path",
        "artist": "Nami Miyahara",
        "type": "Ending 4",
        "correctCount": 10,
        "startTime": 26,
        "songDuration": 73.128,
        "songNumber": 39,
        "activePlayerCount": 130,
        "LinkVideo": "https://files.catbox.moe/95mr29.webm",
        "LinkMp3": "https://files.catbox.moe/a3ucqy.mp3",
        "annId": 9702,
        "aniListId": 4981,
        "kitsuId": 3872,
        "malId": 4981,
        "songDifficulty": 17.05336108295134,
        "vintage": "Fall 2008"
    },
    {
        "animeEng": "Overman King Gainer",
        "animeRomaji": "Overman King Gainer",
        "songName": "King Gainer Over!",
        "artist": "Yoshiki Fukuyama",
        "type": "Opening 1",
        "correctCount": 26,
        "startTime": 33,
        "songDuration": 87.848286,
        "songNumber": 40,
        "activePlayerCount": 130,
        "LinkVideo": "https://files.catbox.moe/henz4r.webm",
        "LinkMp3": "https://files.catbox.moe/5tdbs0.mp3",
        "annId": 1737,
        "aniListId": 1792,
        "kitsuId": 1612,
        "malId": 1792,
        "songDifficulty": 23.330609441996188,
        "vintage": "Summer 2002"
    },
    {
        "animeEng": "Urara Meirocho",
        "animeRomaji": "Urara Meirocho",
        "songName": "go to Romance>>>>>",
        "artist": "Luce Twinkle Wink\u2606",
        "type": "Ending 1",
        "correctCount": 28,
        "startTime": 26,
        "songDuration": null,
        "songNumber": 41,
        "activePlayerCount": 132,
        "LinkVideo": "https://files.catbox.moe/x88i5s.webm",
        "LinkMp3": "https://files.catbox.moe/1c7u9v.mp3",
        "annId": 18880,
        "aniListId": 21696,
        "kitsuId": 11934,
        "malId": 32924,
        "songDifficulty": 17.34841110641892,
        "vintage": "Winter 2017"
    },
    {
        "animeEng": "RIN-NE",
        "animeRomaji": "Kyoukai no Rinne",
        "songName": "Ouka Ranman",
        "artist": "KEYTALK",
        "type": "Opening 1",
        "correctCount": 18,
        "startTime": 28,
        "songDuration": 87.144,
        "songNumber": 42,
        "activePlayerCount": 132,
        "LinkVideo": "https://files.catbox.moe/ewve1s.webm",
        "LinkMp3": "https://files.catbox.moe/widozx.mp3",
        "annId": 16546,
        "aniListId": 20953,
        "kitsuId": 10018,
        "malId": 28423,
        "songDifficulty": 16.37217205445037,
        "vintage": "Spring 2015"
    },
    {
        "animeEng": "My Wife is the Student Council President+!",
        "animeRomaji": "Okusama ga Seitokaichou!+!",
        "songName": "Kirakira Explorer",
        "artist": "Rekka Katakiri",
        "type": "Opening 1",
        "correctCount": 38,
        "startTime": 1,
        "songDuration": 29.568,
        "songNumber": 43,
        "activePlayerCount": 133,
        "LinkVideo": "https://files.catbox.moe/3zs9b9.webm",
        "LinkMp3": "https://files.catbox.moe/x518cw.mp3",
        "annId": 18672,
        "aniListId": 21610,
        "kitsuId": 11784,
        "malId": 32603,
        "songDifficulty": 16.418837229588277,
        "vintage": "Fall 2016"
    },
    {
        "animeEng": "Blood Blockade Battlefront",
        "animeRomaji": "Kekkai Sensen",
        "songName": "Catch Me If You Can",
        "artist": "Ai Ninomiya",
        "type": "Insert Song",
        "correctCount": 41,
        "startTime": 3,
        "songDuration": 97.128,
        "songNumber": 44,
        "activePlayerCount": 134,
        "LinkVideo": "https://files.catbox.moe/xf557m.webm",
        "LinkMp3": "https://files.catbox.moe/lhwo7y.mp3",
        "annId": 16340,
        "aniListId": 20727,
        "kitsuId": 8646,
        "malId": 24439,
        "songDifficulty": 23.082232080189506,
        "vintage": "Spring 2015"
    },
    {
        "animeEng": "Omamori Himari",
        "animeRomaji": "Omamori Himari",
        "songName": "BEAM my BEAM",
        "artist": "Kei Shindou",
        "type": "Ending 4",
        "correctCount": 33,
        "startTime": 45,
        "songDuration": 89.544,
        "songNumber": 45,
        "activePlayerCount": 135,
        "LinkVideo": "https://files.catbox.moe/izlg9x.webm",
        "LinkMp3": "https://files.catbox.moe/26n5dn.mp3",
        "annId": 10767,
        "aniListId": 6324,
        "kitsuId": 4519,
        "malId": 6324,
        "songDifficulty": 24.65274896978022,
        "vintage": "Winter 2010"
    },
    {
        "animeEng": "Mahoromatic: Something More Beautiful",
        "animeRomaji": "Mahoromatic: Motto Utsukushii Mono",
        "songName": "Triomatic Ran!Ran!",
        "artist": "Triomatic",
        "type": "Ending 1",
        "correctCount": 8,
        "startTime": 27,
        "songDuration": 90.552,
        "songNumber": 46,
        "activePlayerCount": 135,
        "LinkVideo": "https://files.catbox.moe/n4f7r4.webm",
        "LinkMp3": "https://files.catbox.moe/x3oqmo.mp3",
        "annId": 786,
        "aniListId": 277,
        "kitsuId": 252,
        "malId": 277,
        "songDifficulty": 8.231541737788865,
        "vintage": "Summer 2002"
    },
    {
        "animeEng": "Tonari no Seki-kun: The Master of Killing Time",
        "animeRomaji": "Tonari no Seki-kun",
        "songName": "Danran! Robot Kazoku",
        "artist": "Ichiro Mizuki",
        "type": "Insert Song",
        "correctCount": 14,
        "startTime": 39,
        "songDuration": 68.83147,
        "songNumber": 47,
        "activePlayerCount": 134,
        "LinkVideo": "https://files.catbox.moe/69wxsz.webm",
        "LinkMp3": "https://files.catbox.moe/b01a5j.mp3",
        "annId": 15587,
        "aniListId": 18139,
        "kitsuId": 7761,
        "malId": 18139,
        "songDifficulty": 19.3460624082681,
        "vintage": "Winter 2014"
    },
    {
        "animeEng": "Paradise Kiss",
        "animeRomaji": "Paradise Kiss",
        "songName": "Romantic na Speed de",
        "artist": "THE BABYS",
        "type": "Insert Song",
        "correctCount": 4,
        "startTime": 0,
        "songDuration": 26.52,
        "songNumber": 48,
        "activePlayerCount": 132,
        "LinkVideo": "https://files.catbox.moe/8z2qca.webm",
        "LinkMp3": "https://files.catbox.moe/59rr0k.mp3",
        "annId": 5081,
        "aniListId": 322,
        "kitsuId": 289,
        "malId": 322,
        "songDifficulty": 12.053487532106164,
        "vintage": "Fall 2005",
        "correctPlayers": [
            "Kirox",
            "neoburnz",
            "Orfey",
            "Neme6"
        ]
    },
    {
        "animeEng": "DearS",
        "animeRomaji": "DearS",
        "songName": "Love Slave",
        "artist": "UNDER17",
        "type": "Opening 1",
        "correctCount": 29,
        "startTime": 2,
        "songDuration": 100.08,
        "songNumber": 49,
        "activePlayerCount": 133,
        "LinkVideo": "https://files.catbox.moe/x3t0zj.webm",
        "LinkMp3": "https://files.catbox.moe/yp5lwl.mp3",
        "annId": 4080,
        "aniListId": 63,
        "kitsuId": 44,
        "malId": 63,
        "songDifficulty": 21.60581684509362,
        "vintage": "Summer 2004"
    },
    {
        "animeEng": "Gravion",
        "animeRomaji": "Choujuushin Gravion",
        "songName": "HAPPY BIRTHDAY",
        "artist": "Minami Kuribayashi",
        "type": "Insert Song",
        "correctCount": 5,
        "startTime": 36,
        "songDuration": 67.128,
        "songNumber": 50,
        "activePlayerCount": 131,
        "LinkVideo": "https://files.catbox.moe/9miyn1.webm",
        "LinkMp3": "https://files.catbox.moe/bj19qb.mp3",
        "annId": 1835,
        "aniListId": 833,
        "kitsuId": 738,
        "malId": 833,
        "songDifficulty": 8.948582090180496,
        "vintage": "Fall 2002",
        "correctPlayers": [
            "Noru",
            "Hejsan",
            "Mimori",
            "asleep",
            "PearI"
        ]
    },
    {
        "animeEng": "Katsugeki Touken Ranbu",
        "animeRomaji": "Katsugeki/Touken Ranbu",
        "songName": "Hikari Tatsu Ame",
        "artist": "Souma Saitou",
        "type": "Opening 1",
        "correctCount": 16,
        "startTime": 51,
        "songDuration": 89.736,
        "songNumber": 51,
        "activePlayerCount": 129,
        "LinkVideo": "https://files.catbox.moe/dredie.webm",
        "LinkMp3": "https://files.catbox.moe/2essjc.mp3",
        "annId": 19412,
        "aniListId": 21742,
        "kitsuId": 11994,
        "malId": 33018,
        "songDifficulty": 16.60404365950629,
        "vintage": "Summer 2017"
    },
    {
        "animeEng": "Gangsta.",
        "animeRomaji": "Gangsta.",
        "songName": "Renegade",
        "artist": "STEREO DIVE FOUNDATION",
        "type": "Opening 1",
        "correctCount": 65,
        "startTime": 60,
        "songDuration": 89.52,
        "songNumber": 52,
        "activePlayerCount": 128,
        "LinkVideo": "https://files.catbox.moe/p1yv69.webm",
        "LinkMp3": "https://files.catbox.moe/knqpsx.mp3",
        "annId": 16623,
        "aniListId": 20773,
        "kitsuId": 8576,
        "malId": 25183,
        "songDifficulty": 29.688912448154845,
        "vintage": "Summer 2015"
    },
    {
        "animeEng": "Gintama'",
        "animeRomaji": "Gintama'",
        "songName": "LET'S GO OUT",
        "artist": "AMOYAMO",
        "type": "Opening 1",
        "correctCount": 15,
        "startTime": 54,
        "songDuration": 88.92,
        "songNumber": 53,
        "activePlayerCount": 128,
        "LinkVideo": "https://files.catbox.moe/3rhg0h.webm",
        "LinkMp3": "https://files.catbox.moe/grm3o8.mp3",
        "annId": 15223,
        "aniListId": 15417,
        "kitsuId": 7253,
        "malId": 15417,
        "songDifficulty": 18.212342930753934,
        "vintage": "Fall 2012"
    },
    {
        "animeEng": "Utawarerumono: Mask of Truth",
        "animeRomaji": "Utawarerumono: Futari no Hakuoro",
        "songName": "Yume ka Utsutsu ka",
        "artist": "Suara",
        "type": "Insert Song",
        "correctCount": 29,
        "startTime": 67,
        "songDuration": 150.045,
        "songNumber": 54,
        "activePlayerCount": 128,
        "LinkVideo": "https://files.catbox.moe/8hty9x.webm",
        "annId": 24991,
        "aniListId": 112640,
        "kitsuId": 42641,
        "malId": 40590,
        "songDifficulty": 38.46153846153846,
        "vintage": "Summer 2022"
    },
    {
        "animeEng": "Duel Masters Victory V",
        "animeRomaji": "Duel Masters Victory V",
        "songName": "Miracle\u2606Victory",
        "artist": "Duel Hero Yuu & Atsuto",
        "type": "Ending 1",
        "correctCount": 7,
        "startTime": 1,
        "songDuration": 58.968,
        "songNumber": 55,
        "activePlayerCount": 128,
        "LinkVideo": "https://files.catbox.moe/xvf963.webm",
        "LinkMp3": "https://files.catbox.moe/jpcu9u.mp3",
        "annId": 14227,
        "aniListId": 21021,
        "kitsuId": 9722,
        "malId": 21997,
        "songDifficulty": 14.91957010248656,
        "vintage": "Spring 2012"
    },
    {
        "animeEng": "Senki Zesshou Symphogear XV",
        "animeRomaji": "Senki Zesshou Symphogear XV",
        "songName": "Hanasaku Yuuki Ver. Amalgam",
        "artist": "Aoi Yuuki \u00d7 Minako Kotobuki",
        "type": "Insert Song",
        "correctCount": 17,
        "startTime": 50,
        "songDuration": 154.056,
        "songNumber": 56,
        "activePlayerCount": 128,
        "LinkVideo": "https://files.catbox.moe/yvz9od.webm",
        "LinkMp3": "https://files.catbox.moe/w9ns1q.mp3",
        "annId": 22019,
        "aniListId": 21673,
        "kitsuId": 11884,
        "malId": 32843,
        "songDifficulty": 22.222644371741964,
        "vintage": "Summer 2019"
    },
    {
        "animeEng": "The Miyakawa Family's Hunger",
        "animeRomaji": "Miyakawa-ke no Kuufuku",
        "songName": "MAKEGUMI",
        "artist": "Maina Shimagata & Makoto Kawasaki",
        "type": "Ending 1",
        "correctCount": 10,
        "startTime": 18,
        "songDuration": 82.056,
        "songNumber": 57,
        "activePlayerCount": 129,
        "LinkVideo": "https://files.catbox.moe/ip7758.webm",
        "LinkMp3": "https://files.catbox.moe/36e177.mp3",
        "annId": 15276,
        "aniListId": 17637,
        "kitsuId": 7734,
        "malId": 17637,
        "songDifficulty": 18.155448274761742,
        "vintage": "Spring 2013"
    },
    {
        "animeEng": "Mobile Suit Gundam 0080: War in the Pocket",
        "animeRomaji": "Kidou Senshi Gundam 0080: Pocket no Naka no Sensou",
        "songName": "Itsuka Sora ni Todoite",
        "artist": "Megumi Shiina",
        "type": "Opening 1",
        "correctCount": 27,
        "startTime": 68,
        "songDuration": 100.512,
        "songNumber": 58,
        "activePlayerCount": 128,
        "LinkVideo": "https://files.catbox.moe/hva6fj.webm",
        "LinkMp3": "https://files.catbox.moe/u3y2mq.mp3",
        "annId": 22,
        "aniListId": 82,
        "kitsuId": 61,
        "malId": 82,
        "songDifficulty": 22.98083037351054,
        "vintage": "Winter 1989"
    },
    {
        "animeEng": "Carole & Tuesday",
        "animeRomaji": "Carole & Tuesday",
        "songName": "Who am I the Greatest",
        "artist": "Ertegun",
        "type": "Insert Song",
        "correctCount": 10,
        "startTime": 13,
        "songDuration": 91.44,
        "songNumber": 59,
        "activePlayerCount": 128,
        "LinkVideo": "https://files.catbox.moe/m7x7j3.webm",
        "LinkMp3": "https://files.catbox.moe/m8dh6x.mp3",
        "annId": 21557,
        "aniListId": 101281,
        "kitsuId": 41025,
        "malId": 37435,
        "songDifficulty": 18.3888326201748,
        "vintage": "Spring 2019"
    },
    {
        "animeEng": "Aikatsu!",
        "animeRomaji": "Aikatsu!",
        "songName": "Mitore Ja-no!",
        "artist": "Waka\u30fbFuuri from STAR\u2606ANIS",
        "type": "Insert Song",
        "correctCount": 30,
        "startTime": 31,
        "songDuration": 118.992,
        "songNumber": 60,
        "activePlayerCount": 128,
        "LinkVideo": "https://files.catbox.moe/omsmmz.webm",
        "LinkMp3": "https://files.catbox.moe/y14c5g.mp3",
        "annId": 15597,
        "aniListId": 15061,
        "kitsuId": 7205,
        "malId": 15061,
        "songDifficulty": 27.03838203272128,
        "vintage": "Fall 2013"
    },
    {
        "animeEng": "Eto Ranger",
        "animeRomaji": "Juuni Senshi Bakuretsu Eto Ranger",
        "songName": "Mada Mada Mada",
        "artist": "Yumiko Shinmei",
        "type": "Opening 1",
        "correctCount": 3,
        "startTime": 37,
        "songDuration": 86.136,
        "songNumber": 61,
        "activePlayerCount": 125,
        "LinkVideo": "https://files.catbox.moe/rmzjcz.webm",
        "LinkMp3": "https://files.catbox.moe/y1utle.mp3",
        "annId": 5305,
        "aniListId": 2757,
        "kitsuId": 2517,
        "malId": 2757,
        "songDifficulty": 8.695192557696117,
        "vintage": "Spring 1995",
        "correctPlayers": [
            "Theseus",
            "Rukawa11",
            "hk9ian"
        ]
    },
    {
        "animeEng": "GoShogun: The Time Etranger",
        "animeRomaji": "Sengoku Majin Goushougun: Toki no \u00c9tranger",
        "songName": "Mayonaka no Merry-Go-Round",
        "artist": "Haruko Kuwana",
        "type": "Insert Song",
        "correctCount": 1,
        "startTime": 93,
        "songDuration": 126.384,
        "songNumber": 62,
        "activePlayerCount": 126,
        "LinkVideo": "https://files.catbox.moe/q6ad36.webm",
        "LinkMp3": "https://files.catbox.moe/pah0si.mp3",
        "annId": 670,
        "aniListId": 2511,
        "kitsuId": 2277,
        "malId": 2511,
        "songDifficulty": 3.362314301629624,
        "vintage": "Spring 1985",
        "correctPlayers": [
            "LacusClyne"
        ]
    },
    {
        "animeEng": "xxxHOLiC: Kei",
        "animeRomaji": "xxxHOLiC: Kei",
        "songName": "Honey Honey",
        "artist": "SEAMO feat. AYUSE KOZUE",
        "type": "Ending 1",
        "correctCount": 12,
        "startTime": 37,
        "songDuration": null,
        "songNumber": 63,
        "activePlayerCount": 126,
        "LinkVideo": "https://files.catbox.moe/fp9j18.webm",
        "LinkMp3": "https://files.catbox.moe/6zj3qe.mp3",
        "annId": 8551,
        "aniListId": 3091,
        "kitsuId": 2787,
        "malId": 3091,
        "songDifficulty": 15.136586987545407,
        "vintage": "Spring 2008"
    },
    {
        "animeEng": "Cencoroll Connect",
        "animeRomaji": "Cencoroll Connect",
        "songName": "#Love",
        "artist": "supercell feat. Ann, gaku",
        "type": "Ending 1",
        "correctCount": 21,
        "startTime": 210,
        "songDuration": 253.992,
        "songNumber": 64,
        "activePlayerCount": 126,
        "LinkVideo": "https://files.catbox.moe/0d8cbq.webm",
        "LinkMp3": "https://files.catbox.moe/jhd2gk.mp3",
        "annId": 16260,
        "aniListId": 9488,
        "kitsuId": 5749,
        "malId": 9488,
        "songDifficulty": 17.248026413690475,
        "vintage": "Spring 2019"
    },
    {
        "animeEng": "Himitsu no Akko-chan",
        "animeRomaji": "Himitsu no Akko-chan",
        "songName": "Sukisuki Song",
        "artist": "Ado Mizumori",
        "type": "Ending 1",
        "correctCount": 89,
        "startTime": 17,
        "songDuration": 60.12,
        "songNumber": 65,
        "activePlayerCount": 125,
        "LinkVideo": "https://files.catbox.moe/923ddf.webm",
        "LinkMp3": "https://files.catbox.moe/g1lt1m.mp3",
        "annId": 1386,
        "aniListId": 3285,
        "kitsuId": 2908,
        "malId": 3285,
        "songDifficulty": 39.46268522255535,
        "vintage": "Winter 1969"
    },
    {
        "animeEng": "PriPara & Kiratto Pri\u2606Chan: Kira Kira Memorial Live",
        "animeRomaji": "PriPara & Kiratto Pri\u2606Chan: Kira Kira Memorial Live",
        "songName": "Amazing Castle",
        "artist": "Gaarmageddon",
        "type": "Insert Song",
        "correctCount": 57,
        "startTime": 5,
        "songDuration": 119.208,
        "songNumber": 66,
        "activePlayerCount": 125,
        "LinkVideo": "https://files.catbox.moe/zt0nn1.webm",
        "LinkMp3": "https://files.catbox.moe/00z2vh.mp3",
        "annId": 20902,
        "aniListId": 107755,
        "kitsuId": 41398,
        "malId": 37398,
        "songDifficulty": 34.298895012842465,
        "vintage": "Spring 2018"
    },
    {
        "animeEng": "Love Live! Nijigasaki High School Idol Club",
        "animeRomaji": "Love Live! School Idol Project Nijigasaki Gakuen School Idol Doukoukai",
        "songName": "EMOTION",
        "artist": "Moeka Koizumi",
        "type": "Insert Song",
        "correctCount": 15,
        "startTime": 3,
        "songDuration": 96.072,
        "songNumber": 67,
        "activePlayerCount": 125,
        "LinkVideo": "https://files.catbox.moe/fb6142.webm",
        "LinkMp3": "https://files.catbox.moe/lnaza6.mp3",
        "annId": 24366,
        "aniListId": 133891,
        "kitsuId": 44537,
        "malId": 48916,
        "songDifficulty": 28.339111168032787,
        "vintage": "Spring 2022"
    },
    {
        "animeEng": "Aiura",
        "animeRomaji": "Aiura",
        "songName": "Kani\u2606Do-Luck!",
        "artist": "Aiu\u2665Love",
        "type": "Opening 1",
        "correctCount": 62,
        "startTime": 24,
        "songDuration": 59.112,
        "songNumber": 68,
        "activePlayerCount": 125,
        "LinkVideo": "https://files.catbox.moe/ogxg34.webm",
        "LinkMp3": "https://files.catbox.moe/outlry.mp3",
        "annId": 15125,
        "aniListId": 17082,
        "kitsuId": 7576,
        "malId": 17082,
        "songDifficulty": 28.049388739695228,
        "vintage": "Spring 2013"
    },
    {
        "animeEng": "Madlax",
        "animeRomaji": "Madlax",
        "songName": "Saints",
        "artist": "Fion",
        "type": "Insert Song",
        "correctCount": 3,
        "startTime": 91,
        "songDuration": 222.193732,
        "songNumber": 69,
        "activePlayerCount": 126,
        "LinkVideo": "https://files.catbox.moe/du93by.webm",
        "LinkMp3": "https://files.catbox.moe/wu5ig5.mp3",
        "annId": 3714,
        "aniListId": 252,
        "kitsuId": 227,
        "malId": 252,
        "songDifficulty": 14.214766273639299,
        "vintage": "Spring 2004",
        "correctPlayers": [
            "AnbuKakashi",
            "LacusClyne",
            "Szafa"
        ]
    },
    {
        "animeEng": "Transformers: Armada",
        "animeRomaji": "Chou Robot Seimeitai Transformer Micron Densetsu",
        "songName": "Don't Give Up!",
        "artist": "Psychic Lover",
        "type": "Ending 2",
        "correctCount": 0,
        "startTime": 1,
        "songDuration": 99.552,
        "songNumber": 70,
        "activePlayerCount": 126,
        "LinkVideo": "https://files.catbox.moe/ssf4sz.webm",
        "LinkMp3": "https://files.catbox.moe/7c6n0p.mp3",
        "annId": 1670,
        "aniListId": 1675,
        "kitsuId": 1505,
        "malId": 1675,
        "songDifficulty": 14.37337991465693,
        "vintage": "Summer 2002"
    },
    {
        "animeEng": "The Slayers Next",
        "animeRomaji": "The Slayers Next",
        "songName": "Give a reason",
        "artist": "Megumi Hayashibara",
        "type": "Opening 1",
        "correctCount": 53,
        "startTime": 38,
        "songDuration": 89.976,
        "songNumber": 71,
        "activePlayerCount": 126,
        "LinkVideo": "https://files.catbox.moe/6tk8xr.webm",
        "LinkMp3": "https://files.catbox.moe/nksmqz.mp3",
        "annId": 220,
        "aniListId": 535,
        "kitsuId": 494,
        "malId": 535,
        "songDifficulty": 21.938168334401905,
        "vintage": "Spring 1996"
    },
    {
        "animeEng": "Vampire Knight Guilty",
        "animeRomaji": "Vampire Knight Guilty",
        "songName": "Suna no Oshiro",
        "artist": "Kanon Wakeshima",
        "type": "Ending 1",
        "correctCount": 14,
        "startTime": 3,
        "songDuration": 88.896,
        "songNumber": 72,
        "activePlayerCount": 126,
        "LinkVideo": "https://files.catbox.moe/9sclk1.webm",
        "LinkMp3": "https://files.catbox.moe/pt32l9.mp3",
        "annId": 10107,
        "aniListId": 4752,
        "kitsuId": 3023,
        "malId": 4752,
        "songDifficulty": 18.979064975947935,
        "vintage": "Fall 2008"
    },
    {
        "animeEng": "Please Save My Earth Music Image Video: Kin-iro no Toki Nagarete",
        "animeRomaji": "Boku no Chikyuu o Mamotte Music Image Video: Kin-iro no Toki Nasarete",
        "songName": "Moon Light Anthem ~Enju 1991",
        "artist": "Akino Arai",
        "type": "Insert Song",
        "correctCount": 6,
        "startTime": 207,
        "songDuration": 248.28,
        "songNumber": 73,
        "activePlayerCount": 125,
        "LinkVideo": "https://files.catbox.moe/v0mrmh.webm",
        "LinkMp3": "https://files.catbox.moe/tehb0r.mp3",
        "annId": 10144,
        "aniListId": 10036,
        "kitsuId": 6003,
        "malId": 10036,
        "songDifficulty": 15.207118443080358,
        "vintage": "Fall 2001"
    },
    {
        "animeEng": "Wagnaria!!",
        "animeRomaji": "Working!!",
        "songName": "SOMEONE ELSE",
        "artist": "Kana Asumi, Saki Fujita, Eri Kitamura",
        "type": "Opening 1",
        "correctCount": 72,
        "startTime": 23,
        "songDuration": 88.656,
        "songNumber": 74,
        "activePlayerCount": 124,
        "LinkVideo": "https://files.catbox.moe/wgwi8d.webm",
        "LinkMp3": "https://files.catbox.moe/1vomvz.mp3",
        "annId": 11017,
        "aniListId": 6956,
        "kitsuId": 4805,
        "malId": 6956,
        "songDifficulty": 36.560247683331426,
        "vintage": "Winter 2010"
    },
    {
        "animeEng": "C3 Anime",
        "animeRomaji": "C\u00b3",
        "songName": "Endless Story",
        "artist": "Yukari Tamura",
        "type": "Opening 1",
        "correctCount": 54,
        "startTime": 33,
        "songDuration": 89.568,
        "songNumber": 75,
        "activePlayerCount": 124,
        "LinkVideo": "https://files.catbox.moe/blqyfa.webm",
        "LinkMp3": "https://files.catbox.moe/rqxzbo.mp3",
        "annId": 12992,
        "aniListId": 10578,
        "kitsuId": 6249,
        "malId": 10578,
        "songDifficulty": 28.272306087383406,
        "vintage": "Fall 2011"
    },
    {
        "animeEng": "You're Under Arrest",
        "animeRomaji": "Taiho Shichau zo",
        "songName": "Muteki! MADAM 50cc",
        "artist": "Kujira",
        "type": "Insert Song",
        "correctCount": 5,
        "startTime": 80,
        "songDuration": 127.08,
        "songNumber": 76,
        "activePlayerCount": 122,
        "LinkVideo": "https://files.catbox.moe/4s4vjq.webm",
        "LinkMp3": "https://files.catbox.moe/bonrg0.mp3",
        "annId": 620,
        "aniListId": 1372,
        "kitsuId": 1226,
        "malId": 1372,
        "songDifficulty": 11.254650115966797,
        "vintage": "Fall 1996",
        "correctPlayers": [
            "LacusClyne",
            "Hejsan",
            "NMapper",
            "Momopi",
            "DudeWeedLmao"
        ]
    },
    {
        "animeEng": "Ex-Arm",
        "animeRomaji": "Ex-Arm",
        "songName": "Diamonds Shine",
        "artist": "Dizzy Sunfist",
        "type": "Ending 1",
        "correctCount": 27,
        "startTime": 20,
        "songDuration": 87.696,
        "songNumber": 77,
        "activePlayerCount": 123,
        "LinkVideo": "https://files.catbox.moe/4iohi3.webm",
        "LinkMp3": "https://files.catbox.moe/s82vgu.mp3",
        "annId": 23365,
        "aniListId": 106503,
        "kitsuId": 42085,
        "malId": 38853,
        "songDifficulty": 23.96392410141207,
        "vintage": "Winter 2021"
    },
    {
        "animeEng": "High School DxD",
        "animeRomaji": "High School DxD",
        "songName": "STUDYxSTUDY",
        "artist": "StylipS",
        "type": "Ending 1",
        "correctCount": 55,
        "startTime": 38,
        "songDuration": 89.568,
        "songNumber": 78,
        "activePlayerCount": 125,
        "LinkVideo": "https://files.catbox.moe/bdvk1c.webm",
        "LinkMp3": "https://files.catbox.moe/f4omup.mp3",
        "annId": 13558,
        "aniListId": 11617,
        "kitsuId": 6550,
        "malId": 11617,
        "songDifficulty": 23.815042230167368,
        "vintage": "Winter 2012"
    },
    {
        "animeEng": "Jewelpet Sunshine",
        "animeRomaji": "Jewelpet Sunshine",
        "songName": "Scarborough Fair",
        "artist": "Simon & Garfunkel",
        "type": "Insert Song",
        "correctCount": 31,
        "startTime": 16,
        "songDuration": 60.315698,
        "songNumber": 79,
        "activePlayerCount": 125,
        "LinkVideo": "https://files.catbox.moe/42dy79.webm",
        "LinkMp3": "https://files.catbox.moe/vtytca.mp3",
        "annId": 12527,
        "aniListId": 10359,
        "kitsuId": 6147,
        "malId": 10359,
        "songDifficulty": 23.152936835435213,
        "vintage": "Spring 2011"
    },
    {
        "animeEng": "Princess Connect! Re:Dive",
        "animeRomaji": "Princess Connect! Re:Dive",
        "songName": "Lost Princess",
        "artist": "M\u30fbA\u30fbO, Miku Itou, Rika Tachibana",
        "type": "Opening 1",
        "correctCount": 70,
        "startTime": 19,
        "songDuration": 89.568,
        "songNumber": 80,
        "activePlayerCount": 125,
        "LinkVideo": "https://files.catbox.moe/tdz32y.webm",
        "LinkMp3": "https://files.catbox.moe/abmw21.mp3",
        "annId": 21808,
        "aniListId": 107871,
        "kitsuId": 42892,
        "malId": 39292,
        "songDifficulty": 28.356643963675214,
        "vintage": "Spring 2020"
    },
    {
        "animeEng": "How a Realist Hero Rebuilt the Kingdom",
        "animeRomaji": "Genjitsu Shugi Yuusha no Oukoku Saikenki",
        "songName": "Give a reason",
        "artist": "Reina Ueda",
        "type": "Insert Song",
        "correctCount": 47,
        "startTime": 12,
        "songDuration": 44.568,
        "songNumber": 81,
        "activePlayerCount": 125,
        "LinkVideo": "https://files.catbox.moe/fm2p12.webm",
        "LinkMp3": "https://files.catbox.moe/2efd7y.mp3",
        "annId": 23754,
        "aniListId": 117612,
        "kitsuId": 43613,
        "malId": 41710,
        "songDifficulty": 21.56721148209337,
        "vintage": "Summer 2021"
    },
    {
        "animeEng": "Gunslinger Girl",
        "animeRomaji": "Gunslinger Girl",
        "songName": "DOPO IL SOGNO ~Yume no Ato ni~",
        "artist": "op.",
        "type": "Ending 1",
        "correctCount": 18,
        "startTime": 1,
        "songDuration": 68.784,
        "songNumber": 82,
        "activePlayerCount": 125,
        "LinkVideo": "https://files.catbox.moe/wdh67o.webm",
        "LinkMp3": "https://files.catbox.moe/7o5e6x.mp3",
        "annId": 2947,
        "aniListId": 134,
        "kitsuId": 113,
        "malId": 134,
        "songDifficulty": 19.45167358878171,
        "vintage": "Fall 2003"
    },
    {
        "animeEng": "Majimoji Rurumo",
        "animeRomaji": "Magimoji Rurumo",
        "songName": "FHK Fushigi Hakken no Uta (Piano ver.)",
        "artist": "Suzuko Mimori",
        "type": "Ending 2",
        "correctCount": 5,
        "startTime": 42,
        "songDuration": 74.813408,
        "songNumber": 83,
        "activePlayerCount": 125,
        "LinkVideo": "https://files.catbox.moe/jv7xtp.webm",
        "LinkMp3": "https://files.catbox.moe/02x7kn.mp3",
        "annId": 16094,
        "aniListId": 20708,
        "kitsuId": 8459,
        "malId": 23945,
        "songDifficulty": 11.005000095741421,
        "vintage": "Summer 2014",
        "correctPlayers": [
            "Noru",
            "Mika_tw",
            "Thaleko",
            "Diukes",
            "weavedheart"
        ]
    },
    {
        "animeEng": "Yu-Gi-Oh! Go Rush!!",
        "animeRomaji": "Yu-Gi-Oh! Go Rush!!",
        "songName": "Shinkirou",
        "artist": "Frederic",
        "type": "Opening 1",
        "correctCount": 13,
        "startTime": 38,
        "songDuration": 87.648,
        "songNumber": 84,
        "activePlayerCount": 125,
        "LinkVideo": "https://files.catbox.moe/jyselz.webm",
        "LinkMp3": "https://files.catbox.moe/y6z0jz.mp3",
        "annId": 25064,
        "aniListId": 142842,
        "kitsuId": null,
        "malId": 50607,
        "songDifficulty": 16.799929887820515,
        "vintage": "Spring 2022"
    },
    {
        "animeEng": "Nurse Witch Komugi",
        "animeRomaji": "Nurse Witch Komugi-chan Magikarte",
        "songName": "Nurse Witch Komugi-chan Magikarte -Ai no Medicine-",
        "artist": "Haruko Momoi",
        "type": "Opening 1",
        "correctCount": 50,
        "startTime": 31,
        "songDuration": 89.64,
        "songNumber": 85,
        "activePlayerCount": 119,
        "LinkVideo": "https://files.catbox.moe/wyk770.webm",
        "LinkMp3": "https://files.catbox.moe/wgdxxf.mp3",
        "annId": 1169,
        "aniListId": 920,
        "kitsuId": 820,
        "malId": 920,
        "songDifficulty": 23.01298381489493,
        "vintage": "Spring 2003"
    }
]