[
    {
        "animeEng": "Blue Lock",
        "animeRomaji": "Blue Lock",
        "songName": "Chaos ga Kiwamaru",
        "artist": "UNISON SQUARE GARDEN",
        "type": "Opening 1",
        "correctCount": 26,
        "startTime": 31,
        "songDuration": 89.686,
        "songNumber": 1,
        "activePlayerCount": 124,
        "LinkVideo": "https://files.catbox.moe/wtmj3l.webm",
        "annId": 24623,
        "aniListId": 137822,
        "kitsuId": 44973,
        "malId": 49596,
        "songDifficulty": 37.90916726878613,
        "vintage": "Fall 2022"
    },
    {
        "animeEng": "Spice and Wolf: Wolf and Amber Melancholy",
        "animeRomaji": "Ookami to Kohaku-iro no Yuuutsu",
        "songName": "Perfect World",
        "artist": "ROCKY CHACK",
        "type": "Ending 1",
        "correctCount": 46,
        "startTime": 31,
        "songDuration": 89.496,
        "songNumber": 2,
        "activePlayerCount": 132,
        "LinkVideo": "https://files.catbox.moe/axtua4.webm",
        "LinkMp3": "https://files.catbox.moe/y2asux.mp3",
        "annId": 15631,
        "aniListId": 6007,
        "kitsuId": 4382,
        "malId": 6007,
        "songDifficulty": 25.948502714326,
        "vintage": "Spring 2009"
    },
    {
        "animeEng": "KanColle",
        "animeRomaji": "KanColle",
        "songName": "Susume! Kongou-gata Yon Shimai",
        "artist": "Kongou-gata Yon Shimai",
        "type": "Insert Song",
        "correctCount": 38,
        "startTime": 31,
        "songDuration": null,
        "songNumber": 3,
        "activePlayerCount": 136,
        "LinkVideo": "https://files.catbox.moe/csqtro.webm",
        "LinkMp3": "https://files.catbox.moe/56hjtu.mp3",
        "annId": 15814,
        "aniListId": 20553,
        "kitsuId": 8039,
        "malId": 21511,
        "songDifficulty": 28.363674476688868,
        "vintage": "Fall 2014"
    },
    {
        "animeEng": "The Pet Girl of Sakurasou",
        "animeRomaji": "Sakura-sou no Pet na Kanojo",
        "songName": "Kyou no Hi wa Sayounara",
        "artist": "Suimei Koukou Seito Ichidou",
        "type": "Ending 3",
        "correctCount": 34,
        "startTime": 6,
        "songDuration": 133.704,
        "songNumber": 4,
        "activePlayerCount": 140,
        "LinkVideo": "https://files.catbox.moe/fng18f.webm",
        "LinkMp3": "https://files.catbox.moe/v3l3et.mp3",
        "annId": 14238,
        "aniListId": 13759,
        "kitsuId": 7023,
        "malId": 13759,
        "songDifficulty": 26.458289781754328,
        "vintage": "Fall 2012"
    },
    {
        "animeEng": "King's Raid: Successors of the Will",
        "animeRomaji": "King's Raid: Ishi o Tsugumono-tachi",
        "songName": "Eclipse",
        "artist": "DREAMCATCHER",
        "type": "Opening 2",
        "correctCount": 10,
        "startTime": 43,
        "songDuration": 89.784,
        "songNumber": 5,
        "activePlayerCount": 143,
        "LinkVideo": "https://files.catbox.moe/wjg08y.webm",
        "LinkMp3": "https://files.catbox.moe/kz274s.mp3",
        "annId": 23526,
        "aniListId": 118376,
        "kitsuId": 43552,
        "malId": 41834,
        "songDifficulty": 16.695646624908225,
        "vintage": "Fall 2020"
    },
    {
        "animeEng": "Natsume's Book of Friends Season 2",
        "animeRomaji": "Zoku Natsume Yuujinchou",
        "songName": "Ano Hi Time Machine",
        "artist": "LONG SHOT PARTY",
        "type": "Opening 1",
        "correctCount": 25,
        "startTime": 58,
        "songDuration": 89.568,
        "songNumber": 6,
        "activePlayerCount": 146,
        "LinkVideo": "https://files.catbox.moe/hf6932.webm",
        "LinkMp3": "https://files.catbox.moe/9vh6xh.mp3",
        "annId": 10254,
        "aniListId": 5300,
        "kitsuId": 4044,
        "malId": 5300,
        "songDifficulty": 16.9243267338908,
        "vintage": "Winter 2009"
    },
    {
        "animeEng": "Love Live! Sunshine!!",
        "animeRomaji": "Love Live! School Idol Project Sunshine!!",
        "songName": "Yume no Tobira",
        "artist": "Rikako Aida",
        "type": "Insert Song",
        "correctCount": 36,
        "startTime": 0,
        "songDuration": 21.024,
        "songNumber": 7,
        "activePlayerCount": 146,
        "LinkVideo": "https://files.catbox.moe/lt9dsg.webm",
        "LinkMp3": "https://files.catbox.moe/mfus2n.mp3",
        "annId": 17985,
        "aniListId": 21584,
        "kitsuId": 11745,
        "malId": 32526,
        "songDifficulty": 27.804188212162497,
        "vintage": "Summer 2016"
    },
    {
        "animeEng": "Astro Boy",
        "animeRomaji": "Tetsuwan Atom",
        "songName": "Tetsuwan Atom",
        "artist": "Atoms",
        "type": "Opening 1",
        "correctCount": 97,
        "startTime": 27,
        "songDuration": 72.864,
        "songNumber": 8,
        "activePlayerCount": 149,
        "LinkVideo": "https://files.catbox.moe/b4koyr.webm",
        "LinkMp3": "https://files.catbox.moe/pl1tjm.mp3",
        "annId": 388,
        "aniListId": 3044,
        "kitsuId": 2748,
        "malId": 3044,
        "songDifficulty": 38.48464007119055,
        "vintage": "Fall 1980"
    },
    {
        "animeEng": "My Teen Romantic Comedy SNAFU Climax!",
        "animeRomaji": "Oregairu Kan",
        "songName": "Diamond no Jundo",
        "artist": "Saori Hayami & Nao Touyama",
        "type": "Ending 1",
        "correctCount": 49,
        "startTime": 28,
        "songDuration": 88.56,
        "songNumber": 9,
        "activePlayerCount": 152,
        "LinkVideo": "https://files.catbox.moe/2gxey4.webm",
        "LinkMp3": "https://files.catbox.moe/qmeibz.mp3",
        "annId": 21999,
        "aniListId": 108489,
        "kitsuId": 42194,
        "malId": 39547,
        "songDifficulty": 21.485500774726695,
        "vintage": "Summer 2020"
    },
    {
        "animeEng": "Hi Score Girl II",
        "animeRomaji": "High Score Girl II",
        "songName": "flash",
        "artist": "sora tob sakana",
        "type": "Opening 1",
        "correctCount": 38,
        "startTime": 8,
        "songDuration": 89.088,
        "songNumber": 10,
        "activePlayerCount": 155,
        "LinkVideo": "https://files.catbox.moe/2sheh9.webm",
        "LinkMp3": "https://files.catbox.moe/h97572.mp3",
        "annId": 22466,
        "aniListId": 108581,
        "kitsuId": 42199,
        "malId": 39570,
        "songDifficulty": 22.380104138505903,
        "vintage": "Fall 2019"
    },
    {
        "animeEng": "Hatenkou Yuugi",
        "animeRomaji": "Hatenkou Yuugi",
        "songName": "Heartbreaking Romance",
        "artist": "Kanako Itou",
        "type": "Opening 1",
        "correctCount": 26,
        "startTime": 36,
        "songDuration": 89.52,
        "songNumber": 11,
        "activePlayerCount": 157,
        "LinkVideo": "https://files.catbox.moe/geptwi.webm",
        "LinkMp3": "https://files.catbox.moe/z18z73.mp3",
        "annId": 7820,
        "aniListId": 3298,
        "kitsuId": 2917,
        "malId": 3298,
        "songDifficulty": 15.101871301362216,
        "vintage": "Winter 2008"
    },
    {
        "animeEng": "Clannad",
        "animeRomaji": "Clannad",
        "songName": "Ana",
        "artist": "Lia",
        "type": "Ending 2",
        "correctCount": 95,
        "startTime": 62,
        "songDuration": 202.224,
        "songNumber": 12,
        "activePlayerCount": 157,
        "LinkVideo": "https://files.catbox.moe/o3arq7.webm",
        "LinkMp3": "https://files.catbox.moe/ha2z5a.mp3",
        "annId": 7809,
        "aniListId": 2167,
        "kitsuId": 1962,
        "malId": 2167,
        "songDifficulty": 27.631944444444443,
        "vintage": "Fall 2007"
    },
    {
        "animeEng": "The Demon Girl Next Door",
        "animeRomaji": "Machikado Mazoku",
        "songName": "Machikado Tangent",
        "artist": "shami momo",
        "type": "Opening 1",
        "correctCount": 69,
        "startTime": 39,
        "songDuration": 90.168,
        "songNumber": 13,
        "activePlayerCount": 158,
        "LinkVideo": "https://files.catbox.moe/fh0qq0.webm",
        "LinkMp3": "https://files.catbox.moe/5kxs3p.mp3",
        "annId": 22008,
        "aniListId": 107490,
        "kitsuId": 42137,
        "malId": 39071,
        "songDifficulty": 28.570620550383353,
        "vintage": "Summer 2019"
    },
    {
        "animeEng": "Heroines Run the Show",
        "animeRomaji": "Heroine Tarumono! Kiraware Heroine to Naisho no Oshigoto",
        "songName": "Tokyo Sunny Party",
        "artist": "Inori Minase, Ayane Sakura, Saori Hayami",
        "type": "Ending 1",
        "correctCount": 33,
        "startTime": 2,
        "songDuration": 89.016,
        "songNumber": 14,
        "activePlayerCount": 160,
        "LinkVideo": "https://files.catbox.moe/7dxlku.webm",
        "LinkMp3": "https://files.catbox.moe/s45wfh.mp3",
        "annId": 24673,
        "aniListId": 138459,
        "kitsuId": null,
        "malId": 49692,
        "songDifficulty": 29.095665584415585,
        "vintage": "Spring 2022"
    },
    {
        "animeEng": "Star Blazers",
        "animeRomaji": "Uchuu Senkan Yamato",
        "songName": "Uchuu Senkan Yamato",
        "artist": "Isao Sasaki",
        "type": "Opening 1",
        "correctCount": 88,
        "startTime": 39,
        "songDuration": null,
        "songNumber": 15,
        "activePlayerCount": 159,
        "LinkVideo": "https://files.catbox.moe/7dly23.webm",
        "LinkMp3": "https://files.catbox.moe/9w2mu4.mp3",
        "annId": 338,
        "aniListId": 1650,
        "kitsuId": 1483,
        "malId": 1650,
        "songDifficulty": 35.1874560546875,
        "vintage": "Fall 1974"
    },
    {
        "animeEng": "Gall Force: Eternal Story",
        "animeRomaji": "Gall Force: Eternal Story",
        "songName": "Ryoute Ippai no Journey",
        "artist": "Kahoru Kohiruimaki",
        "type": "Ending 1",
        "correctCount": 5,
        "startTime": 108,
        "songDuration": 214.848,
        "songNumber": 16,
        "activePlayerCount": 161,
        "LinkVideo": "https://files.catbox.moe/54xid0.webm",
        "LinkMp3": "https://files.catbox.moe/nk5qmk.mp3",
        "annId": 867,
        "aniListId": 2060,
        "kitsuId": 1859,
        "malId": 2060,
        "songDifficulty": 11.132920346467392,
        "vintage": "Summer 1986",
        "correctPlayers": [
            "watashiii",
            "Zurer",
            "DjCharat",
            "Dr_Woland",
            "Orfey"
        ]
    },
    {
        "animeEng": "Persona 3 the Movie #4 Winter of Rebirth",
        "animeRomaji": "Persona 3 the Movie #4 Winter of Rebirth",
        "songName": "Burn My Dread -Last Battle-",
        "artist": "Lotus Juice & Yumi Kawamura",
        "type": "Insert Song",
        "correctCount": 38,
        "startTime": 265,
        "songDuration": 301.56,
        "songNumber": 17,
        "activePlayerCount": 162,
        "LinkVideo": "https://files.catbox.moe/1p7wb3.webm",
        "LinkMp3": "https://files.catbox.moe/pm7w2p.mp3",
        "annId": 17257,
        "aniListId": 21248,
        "kitsuId": 11167,
        "malId": 31149,
        "songDifficulty": 24.486187163375224,
        "vintage": "Winter 2016"
    },
    {
        "animeEng": "Animal 1",
        "animeRomaji": "Animal 1",
        "songName": "Animal 1 no Uta",
        "artist": "Eiko Shuri",
        "type": "Opening 1",
        "correctCount": 77,
        "startTime": 108,
        "songDuration": null,
        "songNumber": 18,
        "activePlayerCount": 164,
        "LinkVideo": "https://files.catbox.moe/07z19u.webm",
        "LinkMp3": "https://files.catbox.moe/177qsk.mp3",
        "annId": 1080,
        "aniListId": 17671,
        "kitsuId": 9190,
        "malId": 17671,
        "songDifficulty": 31.94391341332378,
        "vintage": "Spring 1968"
    },
    {
        "animeEng": "Knights of Ramune & 40",
        "animeRomaji": "NG Knight Lamune & 40",
        "songName": "Tatakae!! King Squasher",
        "artist": "Takeshi Kusao",
        "type": "Insert Song",
        "correctCount": 1,
        "startTime": 25,
        "songDuration": 70.128,
        "songNumber": 19,
        "activePlayerCount": 163,
        "LinkVideo": "https://files.catbox.moe/lmftf6.webm",
        "LinkMp3": "https://files.catbox.moe/24hgf7.mp3",
        "annId": 2357,
        "aniListId": 2084,
        "kitsuId": 1883,
        "malId": 2084,
        "songDifficulty": 11.071773110097544,
        "vintage": "Spring 1990",
        "correctPlayers": [
            "Dr_Woland"
        ]
    },
    {
        "animeEng": "JoJo's Bizarre Adventure: Diamond Is Unbreakable",
        "animeRomaji": "JoJo no Kimyou na Bouken: Diamond wa Kudakenai",
        "songName": "Crazy Noisy Bizarre Town ~EDM arrange ver.~",
        "artist": "THE DU",
        "type": "Opening 2",
        "correctCount": 113,
        "startTime": 17,
        "songDuration": 72.048,
        "songNumber": 20,
        "activePlayerCount": 164,
        "LinkVideo": "https://files.catbox.moe/ro48po.webm",
        "LinkMp3": "https://files.catbox.moe/teaisr.mp3",
        "annId": 17832,
        "aniListId": 21450,
        "kitsuId": 11459,
        "malId": 31933,
        "songDifficulty": 44.76495855396921,
        "vintage": "Spring 2016"
    },
    {
        "animeEng": "Nozoki Ana",
        "animeRomaji": "Nozoki Ana",
        "songName": "Going to Ride",
        "artist": "predia",
        "type": "Ending 1",
        "correctCount": 19,
        "startTime": 58,
        "songDuration": 88.2,
        "songNumber": 21,
        "activePlayerCount": 165,
        "LinkVideo": "https://files.catbox.moe/fstfxh.webm",
        "LinkMp3": "https://files.catbox.moe/cr157k.mp3",
        "annId": 15059,
        "aniListId": 17157,
        "kitsuId": 7596,
        "malId": 17157,
        "songDifficulty": 12.953551458731486,
        "vintage": "Winter 2013"
    },
    {
        "animeEng": "Marmalade Boy",
        "animeRomaji": "Marmalade Boy",
        "songName": "Egao ni Aitai",
        "artist": "Rie Hamada",
        "type": "Opening 1",
        "correctCount": 12,
        "startTime": 15,
        "songDuration": 89.07602,
        "songNumber": 22,
        "activePlayerCount": 162,
        "LinkVideo": "https://files.catbox.moe/nfe146.webm",
        "LinkMp3": "https://files.catbox.moe/5oqpec.mp3",
        "annId": 461,
        "aniListId": 334,
        "kitsuId": 301,
        "malId": 334,
        "songDifficulty": 19.384827497044917,
        "vintage": "Winter 1994"
    },
    {
        "animeEng": "Attack on Titan Season 3",
        "animeRomaji": "Shingeki no Kyojin Season 3",
        "songName": "Name of Love",
        "artist": "cinema staff",
        "type": "Ending 1",
        "correctCount": 67,
        "startTime": 30,
        "songDuration": 89.496,
        "songNumber": 23,
        "activePlayerCount": 165,
        "LinkVideo": "https://files.catbox.moe/4vgknr.webm",
        "LinkMp3": "https://files.catbox.moe/e95ij5.mp3",
        "annId": 21812,
        "aniListId": 104578,
        "kitsuId": 41982,
        "malId": 38524,
        "songDifficulty": 18.679146662094194,
        "vintage": "Spring 2019"
    },
    {
        "animeEng": "SSSS.DYNAZENON",
        "animeRomaji": "SSSS.DYNAZENON",
        "songName": "Hands",
        "artist": "Masayoshi Ooishi",
        "type": "Insert Song",
        "correctCount": 62,
        "startTime": 0,
        "songDuration": 24.264,
        "songNumber": 24,
        "activePlayerCount": 165,
        "LinkVideo": "https://files.catbox.moe/lis66x.webm",
        "LinkMp3": "https://files.catbox.moe/hlthu1.mp3",
        "annId": 23822,
        "aniListId": 113950,
        "kitsuId": 42888,
        "malId": 40870,
        "songDifficulty": 24.55384499656121,
        "vintage": "Spring 2021"
    },
    {
        "animeEng": "Aria the Benedizione",
        "animeRomaji": "Aria the Benedizione",
        "songName": "Undine ~2021 edizione~",
        "artist": "Yui Makino",
        "type": "Ending 1",
        "correctCount": 22,
        "startTime": 261,
        "songDuration": 294.912,
        "songNumber": 25,
        "activePlayerCount": 165,
        "LinkVideo": "https://files.catbox.moe/8ian1o.webm",
        "LinkMp3": "https://files.catbox.moe/mt8tx3.mp3",
        "annId": 24163,
        "aniListId": 130558,
        "kitsuId": 44171,
        "malId": 48411,
        "songDifficulty": 9.755638363486842,
        "vintage": "Fall 2021"
    },
    {
        "animeEng": "Astro Boy",
        "animeRomaji": "Astro Boy Tetsuwan Atom",
        "songName": "Tetsuwan Atom",
        "artist": "ZONE",
        "type": "Ending 2",
        "correctCount": 44,
        "startTime": 26,
        "songDuration": 73.728,
        "songNumber": 26,
        "activePlayerCount": 165,
        "LinkVideo": "https://files.catbox.moe/n7svad.webm",
        "LinkMp3": "https://files.catbox.moe/gcoh4h.mp3",
        "annId": 1962,
        "aniListId": 971,
        "kitsuId": 861,
        "malId": 971,
        "songDifficulty": 17.83726171875,
        "vintage": "Spring 2003"
    },
    {
        "animeEng": "Twin Angels Break",
        "animeRomaji": "Twin Angel Break",
        "songName": "Love-tte\u2661Jewelry\u266aAngel\u2606Break!!",
        "artist": "Avenue Project feat. M\u30fbA\u30fbO & Ai Kayano",
        "type": "Opening 1",
        "correctCount": 12,
        "startTime": 55,
        "songDuration": 90.048,
        "songNumber": 27,
        "activePlayerCount": 165,
        "LinkVideo": "https://files.catbox.moe/928puy.webm",
        "LinkMp3": "https://files.catbox.moe/ux9ehw.mp3",
        "annId": 18662,
        "aniListId": 21865,
        "kitsuId": 12295,
        "malId": 33532,
        "songDifficulty": 15.603882606907895,
        "vintage": "Spring 2017"
    },
    {
        "animeEng": "Chance Triangle Session",
        "animeRomaji": "Chance Pop Session",
        "songName": "Priority",
        "artist": "Mariko Kouda",
        "type": "Insert Song",
        "correctCount": 3,
        "startTime": 13,
        "songDuration": 151.168014,
        "songNumber": 28,
        "activePlayerCount": 165,
        "LinkVideo": "https://files.catbox.moe/8dwdwn.webm",
        "LinkMp3": "https://files.catbox.moe/sr3awg.mp3",
        "annId": 1022,
        "aniListId": 2495,
        "kitsuId": 2265,
        "malId": 2495,
        "songDifficulty": 12.710647626981268,
        "vintage": "Spring 2001",
        "correctPlayers": [
            "Zurer",
            "gaaw",
            "Neme6"
        ]
    },
    {
        "animeEng": "Petshop of Horrors",
        "animeRomaji": "Petshop of Horrors",
        "songName": "Jikkou Ryoukou",
        "artist": "LEGOLGEL",
        "type": "Opening 1",
        "correctCount": 29,
        "startTime": 27,
        "songDuration": 60.504,
        "songNumber": 29,
        "activePlayerCount": 166,
        "LinkVideo": "https://files.catbox.moe/45pgre.webm",
        "LinkMp3": "https://files.catbox.moe/06nads.mp3",
        "annId": 712,
        "aniListId": 326,
        "kitsuId": 293,
        "malId": 326,
        "songDifficulty": 18.427813084700635,
        "vintage": "Winter 1999"
    },
    {
        "animeEng": "A Spirit of The Sun",
        "animeRomaji": "Taiyou no Mokushiroku",
        "songName": "The Power",
        "artist": "Kanon",
        "type": "Ending 1",
        "correctCount": 6,
        "startTime": 62,
        "songDuration": 149.052132,
        "songNumber": 30,
        "activePlayerCount": 163,
        "LinkVideo": "https://files.catbox.moe/ln2kjh.webm",
        "LinkMp3": "https://files.catbox.moe/ov7gfr.mp3",
        "annId": 6842,
        "aniListId": 1857,
        "kitsuId": 1674,
        "malId": 1857,
        "songDifficulty": 6.4066699439193,
        "vintage": "Summer 2006"
    },
    {
        "animeEng": "Yatogame-chan Kansatsu Nikki 3",
        "animeRomaji": "Yatogame-chan Kansatsu Nikki 3-satsume",
        "songName": "Zassou Damashii Namennayo!",
        "artist": "Taiki",
        "type": "Ending 1",
        "correctCount": 30,
        "startTime": 0,
        "songDuration": 24.792,
        "songNumber": 31,
        "activePlayerCount": 164,
        "LinkVideo": "https://files.catbox.moe/vgyc01.webm",
        "LinkMp3": "https://files.catbox.moe/8hzbbi.mp3",
        "annId": 23789,
        "aniListId": 124394,
        "kitsuId": 43593,
        "malId": 42959,
        "songDifficulty": 16.019851828580222,
        "vintage": "Winter 2021"
    },
    {
        "animeEng": "Belle",
        "animeRomaji": "Ryuu to Sobakasu no Hime",
        "songName": "Hanare Banare no Kimi e",
        "artist": "Kaho Nakamura",
        "type": "Insert Song",
        "correctCount": 33,
        "startTime": 403,
        "songDuration": 552.048,
        "songNumber": 32,
        "activePlayerCount": 165,
        "LinkVideo": "https://files.catbox.moe/xcd189.webm",
        "LinkMp3": "https://files.catbox.moe/by5275.mp3",
        "annId": 24058,
        "aniListId": 127271,
        "kitsuId": 43808,
        "malId": 44807,
        "songDifficulty": 30.65628277702369,
        "vintage": "Summer 2021"
    },
    {
        "animeEng": "Shakugan no Shana Movie",
        "animeRomaji": "Shakugan no Shana Movie",
        "songName": "Akai Namida",
        "artist": "Mami Kawada",
        "type": "Insert Song",
        "correctCount": 30,
        "startTime": 57,
        "songDuration": 150.528,
        "songNumber": 33,
        "activePlayerCount": 164,
        "LinkVideo": "https://files.catbox.moe/fqejst.webm",
        "LinkMp3": "https://files.catbox.moe/teebd2.mp3",
        "annId": 6428,
        "aniListId": 1815,
        "kitsuId": 1632,
        "malId": 1815,
        "songDifficulty": 21.301033266129032,
        "vintage": "Spring 2007"
    },
    {
        "animeEng": "Initial D",
        "animeRomaji": "Initial D",
        "songName": "Kiseki no Hana",
        "artist": "Galla",
        "type": "Ending 2",
        "correctCount": 9,
        "startTime": 48,
        "songDuration": 120,
        "songNumber": 34,
        "activePlayerCount": 164,
        "LinkVideo": "https://files.catbox.moe/uo2qzv.webm",
        "LinkMp3": "https://files.catbox.moe/sx2xen.mp3",
        "annId": 395,
        "aniListId": 185,
        "kitsuId": 162,
        "malId": 185,
        "songDifficulty": 10.766218874065856,
        "vintage": "Spring 1998"
    },
    {
        "animeEng": "Hanakappa",
        "animeRomaji": "Hanakappa",
        "songName": "PAN-PAKA-PAN!",
        "artist": "SUPER\u2606GiRLS",
        "type": "Opening 5",
        "correctCount": 6,
        "startTime": 4,
        "songDuration": 35.736,
        "songNumber": 35,
        "activePlayerCount": 165,
        "LinkVideo": "https://files.catbox.moe/t4neo1.webm",
        "LinkMp3": "https://files.catbox.moe/kh9jpp.mp3",
        "annId": 11346,
        "aniListId": 8336,
        "kitsuId": 5297,
        "malId": 8336,
        "songDifficulty": 18.376381962061807,
        "vintage": "Winter 2010"
    },
    {
        "animeEng": "Heidi, A Girl of the Alps",
        "animeRomaji": "Alps no Shoujo Heidi",
        "songName": "Yuugata no Uta",
        "artist": "Kumiko Oosugi",
        "type": "Insert Song",
        "correctCount": 16,
        "startTime": 42,
        "songDuration": 72.72,
        "songNumber": 36,
        "activePlayerCount": 165,
        "LinkVideo": "https://files.catbox.moe/141ztq.webm",
        "LinkMp3": "https://files.catbox.moe/piy1g8.mp3",
        "annId": 433,
        "aniListId": 2225,
        "kitsuId": 2016,
        "malId": 2225,
        "songDifficulty": 19.180075739908414,
        "vintage": "Winter 1974"
    },
    {
        "animeEng": "Yes! Precure 5 GoGo!",
        "animeRomaji": "Yes! Precure 5 GoGo!",
        "songName": "Precure 5, Full Throttle GO GO!",
        "artist": "Mayu Kudou with Precure 5",
        "type": "Opening 1",
        "correctCount": 34,
        "startTime": 53,
        "songDuration": 83.448,
        "songNumber": 37,
        "activePlayerCount": 167,
        "LinkVideo": "https://files.catbox.moe/ebtwxb.webm",
        "LinkMp3": "https://files.catbox.moe/i5uwa4.mp3",
        "annId": 9026,
        "aniListId": 3692,
        "kitsuId": 3199,
        "malId": 3692,
        "songDifficulty": 24.07890625,
        "vintage": "Winter 2008"
    },
    {
        "animeEng": "Thermae Romae Novae",
        "animeRomaji": "Thermae Romae Novae",
        "songName": "Tougyuushi no Uta ~Onsen Manner no Aria~",
        "artist": "Paolo Andrea Di Pietro",
        "type": "Opening 1",
        "correctCount": 8,
        "startTime": 45,
        "songDuration": 92.064,
        "songNumber": 38,
        "activePlayerCount": 168,
        "LinkVideo": "https://files.catbox.moe/hdgd8o.webm",
        "LinkMp3": "https://files.catbox.moe/tm7je0.mp3",
        "annId": 24455,
        "aniListId": 125447,
        "kitsuId": 43702,
        "malId": 43693,
        "songDifficulty": 20.638802930561205,
        "vintage": "Winter 2022"
    },
    {
        "animeEng": "Bodyguard of the Wind",
        "animeRomaji": "Kaze no Yojimbo",
        "songName": "Tokyo",
        "artist": "Escargot",
        "type": "Opening 1",
        "correctCount": 7,
        "startTime": 17,
        "songDuration": 84.739768,
        "songNumber": 39,
        "activePlayerCount": 168,
        "LinkVideo": "https://files.catbox.moe/ix3q6i.webm",
        "LinkMp3": "https://files.catbox.moe/nhcqf0.mp3",
        "annId": 1809,
        "aniListId": 1145,
        "kitsuId": 1026,
        "malId": 1145,
        "songDifficulty": 10.598815145371836,
        "vintage": "Fall 2001"
    },
    {
        "animeEng": "JoJo's Bizarre Adventure: Stardust Crusaders",
        "animeRomaji": "JoJo no Kimyou na Bouken: Stardust Crusaders",
        "songName": "Akuyaku Kyousoukyoku ~Oingo to Boingo~",
        "artist": "Makoto Yasumura & Motoko Kumai",
        "type": "Ending 2",
        "correctCount": 111,
        "startTime": 33,
        "songDuration": 89.544,
        "songNumber": 40,
        "activePlayerCount": 169,
        "LinkVideo": "https://files.catbox.moe/pog89g.webm",
        "LinkMp3": "https://files.catbox.moe/vn4iah.mp3",
        "annId": 16303,
        "aniListId": 20799,
        "kitsuId": 8739,
        "malId": 26055,
        "songDifficulty": 47.9640206185567,
        "vintage": "Winter 2015"
    },
    {
        "animeEng": "Gekijouban Date A Live: Mayuri Judgement",
        "animeRomaji": "Gekijouban Date A Live: Mayuri Judgement",
        "songName": "Invisible Date",
        "artist": "sweet ARMS",
        "type": "Ending 1",
        "correctCount": 46,
        "startTime": 127,
        "songDuration": 264.768,
        "songNumber": 41,
        "activePlayerCount": 169,
        "LinkVideo": "https://files.catbox.moe/gskph8.webm",
        "LinkMp3": "https://files.catbox.moe/m6x2y0.mp3",
        "annId": 16866,
        "aniListId": 20741,
        "kitsuId": 8512,
        "malId": 24655,
        "songDifficulty": 21.52759705192561,
        "vintage": "Summer 2015"
    },
    {
        "animeEng": "Lapis Re:LiGHTs",
        "animeRomaji": "Lapis Re:LiGHTs",
        "songName": "Midnight Sapphire",
        "artist": "IV KLORE",
        "type": "Ending 2",
        "correctCount": 11,
        "startTime": 45,
        "songDuration": 120.336,
        "songNumber": 42,
        "activePlayerCount": 170,
        "LinkVideo": "https://files.catbox.moe/nxduie.webm",
        "LinkMp3": "https://files.catbox.moe/jxm4ea.mp3",
        "annId": 22935,
        "aniListId": 104937,
        "kitsuId": 41115,
        "malId": 37587,
        "songDifficulty": 18.42965782288699,
        "vintage": "Summer 2020"
    },
    {
        "animeEng": "Karneval",
        "animeRomaji": "Karneval",
        "songName": "REASON",
        "artist": "KAmiYU",
        "type": "Ending 1",
        "correctCount": 7,
        "startTime": 14,
        "songDuration": 89.232,
        "songNumber": 43,
        "activePlayerCount": 168,
        "LinkVideo": "https://files.catbox.moe/xb3kre.webm",
        "LinkMp3": "https://files.catbox.moe/2wpr18.mp3",
        "annId": 14855,
        "aniListId": 16035,
        "kitsuId": 7364,
        "malId": 16035,
        "songDifficulty": 14.909478877022245,
        "vintage": "Spring 2013"
    },
    {
        "animeEng": "Mobile Suit Gundam 00",
        "animeRomaji": "Kidou Senshi Gundam 00",
        "songName": "Unlimited Sky",
        "artist": "Tommy heavenly\u2076",
        "type": "Insert Song",
        "correctCount": 50,
        "startTime": 63,
        "songDuration": 128.016,
        "songNumber": 44,
        "activePlayerCount": 167,
        "LinkVideo": "https://files.catbox.moe/dnrmao.webm",
        "LinkMp3": "https://files.catbox.moe/fek8x3.mp3",
        "annId": 10157,
        "aniListId": 3927,
        "kitsuId": 3355,
        "malId": 3927,
        "songDifficulty": 27.258314732142857,
        "vintage": "Fall 2008"
    },
    {
        "animeEng": "Cipher",
        "animeRomaji": "Cipher",
        "songName": "I Don't Like",
        "artist": "Mescaline Drive",
        "type": "Insert Song",
        "correctCount": 11,
        "startTime": 1,
        "songDuration": 30.312,
        "songNumber": 45,
        "activePlayerCount": 166,
        "LinkVideo": "https://files.catbox.moe/y47idt.webm",
        "LinkMp3": "https://files.catbox.moe/dwpccd.mp3",
        "annId": 856,
        "aniListId": 11867,
        "kitsuId": 6621,
        "malId": 11867,
        "songDifficulty": 16.76373837925627,
        "vintage": "Winter 1989"
    },
    {
        "animeEng": "Pink Lady Story: Angels of Glory",
        "animeRomaji": "Pink Lady Monogatari: Eiko no Tenshitachi",
        "songName": "Friends",
        "artist": "Young Fresh",
        "type": "Ending 1",
        "correctCount": 1,
        "startTime": 32,
        "songDuration": 60.144,
        "songNumber": 46,
        "activePlayerCount": 167,
        "LinkVideo": "https://files.catbox.moe/zdcu3o.webm",
        "LinkMp3": "https://files.catbox.moe/qj3zus.mp3",
        "annId": 1416,
        "aniListId": 17423,
        "kitsuId": 9535,
        "malId": 17423,
        "songDifficulty": 3.3242601352045007,
        "vintage": "Fall 1978",
        "correctPlayers": [
            "gaaw"
        ]
    },
    {
        "animeEng": "Time Fighters",
        "animeRomaji": "Time Bokan",
        "songName": "Time Bokan",
        "artist": "Masayuki Yamamoto, Sakamoto Jidou Gasshou-dan",
        "type": "Opening 1",
        "correctCount": 100,
        "startTime": 1,
        "songDuration": null,
        "songNumber": 47,
        "activePlayerCount": 166,
        "LinkVideo": "https://files.catbox.moe/4srr4x.webm",
        "LinkMp3": "https://files.catbox.moe/9xw3di.mp3",
        "annId": 1472,
        "aniListId": 3915,
        "kitsuId": 3346,
        "malId": 3915,
        "songDifficulty": 26.327193336925287,
        "vintage": "Fall 1975"
    },
    {
        "animeEng": "Koikimo",
        "animeRomaji": "Koi to Yobu ni wa Kimochi Warui",
        "songName": "Linaria",
        "artist": "MaRuRi to Ryuga",
        "type": "Ending 1",
        "correctCount": 16,
        "startTime": 4,
        "songDuration": 88.824,
        "songNumber": 48,
        "activePlayerCount": 167,
        "LinkVideo": "https://files.catbox.moe/flwi1i.webm",
        "LinkMp3": "https://files.catbox.moe/asaowr.mp3",
        "annId": 24011,
        "aniListId": 114840,
        "kitsuId": 43831,
        "malId": 41103,
        "songDifficulty": 19.55892110475352,
        "vintage": "Spring 2021"
    },
    {
        "animeEng": "Android Announcer Maico 2010",
        "animeRomaji": "Android Ana Maico 2010",
        "songName": "Koishite Kiss",
        "artist": "Nao Takamori",
        "type": "Insert Song",
        "correctCount": 1,
        "startTime": 51,
        "songDuration": 128.136,
        "songNumber": 49,
        "activePlayerCount": 168,
        "LinkVideo": "https://files.catbox.moe/nn0bkm.webm",
        "LinkMp3": "https://files.catbox.moe/v4k9xr.mp3",
        "annId": 1053,
        "aniListId": 810,
        "kitsuId": 717,
        "malId": 810,
        "songDifficulty": 4.739304888943385,
        "vintage": "Spring 1998",
        "correctPlayers": [
            "Neme6"
        ]
    },
    {
        "animeEng": "Initial D: Battle Stage 3",
        "animeRomaji": "Initial D: Battle Stage 3",
        "songName": "ETERNITY",
        "artist": "DENISE",
        "type": "Insert Song",
        "correctCount": 10,
        "startTime": 11,
        "songDuration": 254.352,
        "songNumber": 50,
        "activePlayerCount": 167,
        "LinkVideo": "https://files.catbox.moe/97wbri.webm",
        "LinkMp3": "https://files.catbox.moe/06b108.mp3",
        "annId": 24123,
        "aniListId": 132634,
        "kitsuId": null,
        "malId": 47410,
        "songDifficulty": 16.104830034423408,
        "vintage": "Winter 2021"
    },
    {
        "animeEng": "How Not to Summon a Demon Lord \u03a9",
        "animeRomaji": "Isekai Maou to Shoukan Shoujo no Dorei Majutsu \u03a9",
        "songName": "EVERYBODY! EVERYBODY!",
        "artist": "Yuu Serizawa with DJ KOO & MOTSU",
        "type": "Opening 1",
        "correctCount": 90,
        "startTime": 55,
        "songDuration": 89.568,
        "songNumber": 51,
        "activePlayerCount": 167,
        "LinkVideo": "https://files.catbox.moe/8xu5rv.webm",
        "LinkMp3": "https://files.catbox.moe/mibsfa.mp3",
        "annId": 23505,
        "aniListId": 117448,
        "kitsuId": 43118,
        "malId": 41623,
        "songDifficulty": 28.74366170704195,
        "vintage": "Spring 2021"
    },
    {
        "animeEng": "Anime AzurLane: Slow Ahead!",
        "animeRomaji": "Azur Lane: Bisoku Zenshin!",
        "songName": "Mahiruiro Siesta",
        "artist": "Yui Sakakibara",
        "type": "Ending 2",
        "correctCount": 15,
        "startTime": 44,
        "songDuration": 88.56,
        "songNumber": 52,
        "activePlayerCount": 167,
        "LinkVideo": "https://files.catbox.moe/ro2276.webm",
        "LinkMp3": "https://files.catbox.moe/jtqryt.mp3",
        "annId": 23825,
        "aniListId": 114473,
        "kitsuId": 43822,
        "malId": 40930,
        "songDifficulty": 13.36844953868566,
        "vintage": "Winter 2021"
    },
    {
        "animeEng": "Violet Evergarden",
        "animeRomaji": "Violet Evergarden",
        "songName": "Violet Snow",
        "artist": "Aira Yuuki",
        "type": "Ending 3",
        "correctCount": 98,
        "startTime": 4,
        "songDuration": 45.84,
        "songNumber": 53,
        "activePlayerCount": 168,
        "LinkVideo": "https://files.catbox.moe/mhppuq.webm",
        "LinkMp3": "https://files.catbox.moe/w0xfkn.mp3",
        "annId": 19665,
        "aniListId": 21827,
        "kitsuId": 12230,
        "malId": 33352,
        "songDifficulty": 27.049420377197958,
        "vintage": "Winter 2018"
    },
    {
        "animeEng": "Baka & Test: Summon the Beasts 2",
        "animeRomaji": "Baka to Test to Shoukanjuu Ni!",
        "songName": "Eureka Baby",
        "artist": "Natsuko Aso",
        "type": "Ending 1",
        "correctCount": 42,
        "startTime": 0,
        "songDuration": 88.056,
        "songNumber": 54,
        "activePlayerCount": 167,
        "LinkVideo": "https://files.catbox.moe/ecplge.webm",
        "LinkMp3": "https://files.catbox.moe/7zum7x.mp3",
        "annId": 12431,
        "aniListId": 8516,
        "kitsuId": 5367,
        "malId": 8516,
        "songDifficulty": 20.057367852393618,
        "vintage": "Summer 2011"
    },
    {
        "animeEng": "Welcome to the Ballroom",
        "animeRomaji": "Ballroom e Youkoso",
        "songName": "Io E Te",
        "artist": "Mat Twice",
        "type": "Insert Song",
        "correctCount": 19,
        "startTime": 104,
        "songDuration": 139.056,
        "songNumber": 55,
        "activePlayerCount": 169,
        "LinkVideo": "https://files.catbox.moe/10m3pu.webm",
        "LinkMp3": "https://files.catbox.moe/vqfwvr.mp3",
        "annId": 18982,
        "aniListId": 98005,
        "kitsuId": 13068,
        "malId": 34636,
        "songDifficulty": 23.033362110618462,
        "vintage": "Summer 2017"
    },
    {
        "animeEng": "The Laughing Salesman NEW",
        "animeRomaji": "Warau Salesman NEW",
        "songName": "Don't",
        "artist": "NakamuraEmi",
        "type": "Opening 1",
        "correctCount": 30,
        "startTime": 23,
        "songDuration": 88.68,
        "songNumber": 56,
        "activePlayerCount": 169,
        "LinkVideo": "https://files.catbox.moe/q7i18g.webm",
        "LinkMp3": "https://files.catbox.moe/rmvr0f.mp3",
        "annId": 18921,
        "aniListId": 98239,
        "kitsuId": 12951,
        "malId": 34550,
        "songDifficulty": 18.180605163346986,
        "vintage": "Spring 2017"
    },
    {
        "animeEng": "Zunda Horizon",
        "animeRomaji": "Zunda Horizon",
        "songName": "Zunda Horizon Shudaika",
        "artist": "Touhoku Zunko & Furusato Gakuen Gasshou-dan",
        "type": "Opening 1",
        "correctCount": 35,
        "startTime": 32,
        "songDuration": 62.304,
        "songNumber": 57,
        "activePlayerCount": 170,
        "LinkVideo": "https://files.catbox.moe/1zc760.webm",
        "LinkMp3": "https://files.catbox.moe/coa8yt.mp3",
        "annId": 19638,
        "aniListId": 21846,
        "kitsuId": 12447,
        "malId": 33390,
        "songDifficulty": 20.18608324884125,
        "vintage": "Winter 2017"
    },
    {
        "animeEng": "Evangelion: 3.0+1.0 Thrice Upon a Time",
        "animeRomaji": "Evangelion: 3.0+1.0 Thrice Upon a Time",
        "songName": "Beautiful World (Da Capo Version)",
        "artist": "Hikaru Utada",
        "type": "Ending 2",
        "correctCount": 41,
        "startTime": 53,
        "songDuration": 345.408,
        "songNumber": 58,
        "activePlayerCount": 170,
        "LinkVideo": "https://files.catbox.moe/5a1c8u.webm",
        "LinkMp3": "https://files.catbox.moe/ln5pex.mp3",
        "annId": 8423,
        "aniListId": 3786,
        "kitsuId": 3252,
        "malId": 3786,
        "songDifficulty": 19.802346310675823,
        "vintage": "Winter 2021"
    },
    {
        "animeEng": "Mobile Suit Gundam ZZ",
        "animeRomaji": "Kidou Senshi Gundam ZZ",
        "songName": "Anime ja Nai",
        "artist": "Masahito Arai",
        "type": "Opening 1",
        "correctCount": 43,
        "startTime": 4,
        "songDuration": 91.584,
        "songNumber": 59,
        "activePlayerCount": 170,
        "LinkVideo": "https://files.catbox.moe/5xqmp7.webm",
        "LinkMp3": "https://files.catbox.moe/1vlh85.mp3",
        "annId": 1400,
        "aniListId": 86,
        "kitsuId": 65,
        "malId": 86,
        "songDifficulty": 29.984537834164023,
        "vintage": "Winter 1986"
    },
    {
        "animeEng": "One Piece",
        "animeRomaji": "One Piece",
        "songName": "Bloody Party",
        "artist": "Mami Koyama",
        "type": "Insert Song",
        "correctCount": 35,
        "startTime": 115,
        "songDuration": 148.416,
        "songNumber": 60,
        "activePlayerCount": 170,
        "LinkVideo": "https://files.catbox.moe/aikho2.webm",
        "LinkMp3": "https://files.catbox.moe/50jy33.mp3",
        "annId": 836,
        "aniListId": 21,
        "kitsuId": 12,
        "malId": 21,
        "songDifficulty": 37.9308618504436,
        "vintage": "Fall 1999"
    },
    {
        "animeEng": "Cowboy Bebop: The Movie",
        "animeRomaji": "Cowboy Bebop: Tengoku no Tobira",
        "songName": "Gotta Knock a Little Harder",
        "artist": "Seatbelts featuring Mai Yamane",
        "type": "Ending 1",
        "correctCount": 25,
        "startTime": 180,
        "songDuration": 301.97032,
        "songNumber": 61,
        "activePlayerCount": 169,
        "LinkVideo": "https://files.catbox.moe/p0c41j.webm",
        "LinkMp3": "https://files.catbox.moe/5fpw40.mp3",
        "annId": 353,
        "aniListId": 5,
        "kitsuId": 2,
        "malId": 5,
        "songDifficulty": 24.0064269101346,
        "vintage": "Summer 2001"
    },
    {
        "animeEng": "BanG Dream! 2nd Season",
        "animeRomaji": "BanG Dream! 2nd Season",
        "songName": "Hitori ja Nain Dakara",
        "artist": "Ami Maeshima \u00d7 Sachika Misawa \u00d7 Yuki Nakashima \u00d7 Moe Toyota \u00d7 Hisako Kanemoto",
        "type": "Insert Song",
        "correctCount": 25,
        "startTime": 51,
        "songDuration": 99.792,
        "songNumber": 62,
        "activePlayerCount": 169,
        "LinkVideo": "https://files.catbox.moe/5c2hup.webm",
        "LinkMp3": "https://files.catbox.moe/31wozc.mp3",
        "annId": 21289,
        "aniListId": 101633,
        "kitsuId": 41289,
        "malId": 37869,
        "songDifficulty": 23.90881352947551,
        "vintage": "Winter 2019"
    },
    {
        "animeEng": "GJ Club",
        "animeRomaji": "GJ-bu",
        "songName": "Mousou\u2605Koukan Nikki",
        "artist": "Otome Shinto",
        "type": "Opening 1",
        "correctCount": 40,
        "startTime": 5,
        "songDuration": 89.112,
        "songNumber": 63,
        "activePlayerCount": 170,
        "LinkVideo": "https://files.catbox.moe/no2rbh.webm",
        "LinkMp3": "https://files.catbox.moe/o894n0.mp3",
        "annId": 14671,
        "aniListId": 14811,
        "kitsuId": 7168,
        "malId": 14811,
        "songDifficulty": 21.907168814007267,
        "vintage": "Winter 2013"
    },
    {
        "animeEng": "Mobile Suit Gundam Seed",
        "animeRomaji": "Kidou Senshi Gundam Seed",
        "songName": "Shizuka na Yoru ni",
        "artist": "Rie Tanaka",
        "type": "Insert Song",
        "correctCount": 17,
        "startTime": 39,
        "songDuration": 133.512,
        "songNumber": 64,
        "activePlayerCount": 170,
        "LinkVideo": "https://files.catbox.moe/0z6vxh.webm",
        "LinkMp3": "https://files.catbox.moe/czzg1c.mp3",
        "annId": 883,
        "aniListId": 93,
        "kitsuId": 72,
        "malId": 93,
        "songDifficulty": 17.894086391220508,
        "vintage": "Fall 2002"
    },
    {
        "animeEng": "Leina: Wolf Sword Legend",
        "animeRomaji": "Leina Kenrou Densetsu",
        "songName": "Mirai Romancer",
        "artist": "Ema Watanabe",
        "type": "Opening 1",
        "correctCount": 3,
        "startTime": 36,
        "songDuration": 90.144,
        "songNumber": 65,
        "activePlayerCount": 171,
        "LinkVideo": "https://files.catbox.moe/t9tnjq.webm",
        "LinkMp3": "https://files.catbox.moe/ef5rhr.mp3",
        "annId": 6844,
        "aniListId": 6577,
        "kitsuId": 4619,
        "malId": 6577,
        "songDifficulty": 7.310786923882682,
        "vintage": "Winter 1988",
        "correctPlayers": [
            "Zurer",
            "Rukawa11",
            "alfee"
        ]
    },
    {
        "animeEng": "One Piece Film: Gold",
        "animeRomaji": "One Piece Film: Gold",
        "songName": "Funky Shiro Suit",
        "artist": "Ray Dorsey",
        "type": "Insert Song",
        "correctCount": 18,
        "startTime": 40,
        "songDuration": 73.585674,
        "songNumber": 66,
        "activePlayerCount": 169,
        "LinkVideo": "https://files.catbox.moe/s9i7tf.webm",
        "LinkMp3": "https://files.catbox.moe/zoi456.mp3",
        "annId": 18113,
        "aniListId": 21335,
        "kitsuId": 11351,
        "malId": 31490,
        "songDifficulty": 14.179114563745769,
        "vintage": "Summer 2016"
    },
    {
        "animeEng": "Daisougen to Hakuba",
        "animeRomaji": "Daisougen to Hakuba",
        "songName": "Hakuba no Ouji",
        "artist": "Hidetoshi Nakamura",
        "type": "Insert Song",
        "correctCount": 4,
        "startTime": 12,
        "songDuration": 60.048,
        "songNumber": 67,
        "activePlayerCount": 169,
        "LinkVideo": "https://files.catbox.moe/sez1vg.webm",
        "LinkMp3": "https://files.catbox.moe/egrgbc.mp3",
        "annId": 19968,
        "aniListId": 115140,
        "kitsuId": 9242,
        "malId": 22329,
        "songDifficulty": 6.681212000954515,
        "vintage": "Spring 2000",
        "correctPlayers": [
            "Anwonu",
            "gaaw",
            "Rukawa11",
            "XieYao"
        ]
    },
    {
        "animeEng": "FLCL",
        "animeRomaji": "Furi Kuri",
        "songName": "Carnival",
        "artist": "the pillows",
        "type": "Insert Song",
        "correctCount": 63,
        "startTime": 45,
        "songDuration": 144.096,
        "songNumber": 68,
        "activePlayerCount": 169,
        "LinkVideo": "https://files.catbox.moe/ysr9nu.webm",
        "LinkMp3": "https://files.catbox.moe/atjo9s.mp3",
        "annId": 277,
        "aniListId": 227,
        "kitsuId": 202,
        "malId": 227,
        "songDifficulty": 41.242136742014075,
        "vintage": "Spring 2000"
    },
    {
        "animeEng": "Magical Sempai",
        "animeRomaji": "Tejina Senpai",
        "songName": "FANTASTIC ILLUSION",
        "artist": "i\u2606Ris",
        "type": "Opening 1",
        "correctCount": 82,
        "startTime": 21,
        "songDuration": 59.04,
        "songNumber": 69,
        "activePlayerCount": 167,
        "LinkVideo": "https://files.catbox.moe/m1s7l7.webm",
        "LinkMp3": "https://files.catbox.moe/q4jgbs.mp3",
        "annId": 21549,
        "aniListId": 105074,
        "kitsuId": 42082,
        "malId": 38610,
        "songDifficulty": 27.434470964144793,
        "vintage": "Summer 2019"
    },
    {
        "animeEng": "Arpeggio of Blue Steel: Ars Nova - DC",
        "animeRomaji": "Aoki Hagane no Arpeggio: Ars Nova DC",
        "songName": "Rock on.",
        "artist": "nano",
        "type": "Ending 1",
        "correctCount": 15,
        "startTime": 195,
        "songDuration": 250.718956,
        "songNumber": 70,
        "activePlayerCount": 168,
        "LinkVideo": "https://files.catbox.moe/63ujby.webm",
        "LinkMp3": "https://files.catbox.moe/4kg6uz.mp3",
        "annId": 16333,
        "aniListId": 20763,
        "kitsuId": 8787,
        "malId": 24919,
        "songDifficulty": 14.758774112063687,
        "vintage": "Winter 2015"
    },
    {
        "animeEng": "Tokimeki Memorial: Only Love",
        "animeRomaji": "Tokimeki Memorial: Only Love",
        "songName": "MERRY-GO-ROUND\u2606",
        "artist": "Yukako Yoshikawa",
        "type": "Insert Song",
        "correctCount": 2,
        "startTime": 37,
        "songDuration": 66.048,
        "songNumber": 71,
        "activePlayerCount": 168,
        "LinkVideo": "https://files.catbox.moe/nalplz.webm",
        "LinkMp3": "https://files.catbox.moe/29b5ah.mp3",
        "annId": 6825,
        "aniListId": 1555,
        "kitsuId": 1395,
        "malId": 1555,
        "songDifficulty": 6.243813791582661,
        "vintage": "Fall 2006",
        "correctPlayers": [
            "hysura",
            "gaaw"
        ]
    },
    {
        "animeEng": "Bokurano",
        "animeRomaji": "Bokurano",
        "songName": "Uninstall",
        "artist": "Chiaki Ishikawa",
        "type": "Opening 1",
        "correctCount": 100,
        "startTime": 3,
        "songDuration": 88.368,
        "songNumber": 72,
        "activePlayerCount": 166,
        "LinkVideo": "https://files.catbox.moe/6tvx3r.webm",
        "LinkMp3": "https://files.catbox.moe/g7p9nf.mp3",
        "annId": 7213,
        "aniListId": 1690,
        "kitsuId": 1518,
        "malId": 1690,
        "songDifficulty": 37.56437411954116,
        "vintage": "Spring 2007"
    },
    {
        "animeEng": "Red Baron",
        "animeRomaji": "Red Baron",
        "songName": "Tatakae! Red Baron",
        "artist": "Shinichi Ishihara",
        "type": "Opening 1",
        "correctCount": 8,
        "startTime": 35,
        "songDuration": 97.032,
        "songNumber": 73,
        "activePlayerCount": 166,
        "LinkVideo": "https://files.catbox.moe/ki23q1.webm",
        "LinkMp3": "https://files.catbox.moe/44lv3n.mp3",
        "annId": 2614,
        "aniListId": 2283,
        "kitsuId": 2068,
        "malId": 2283,
        "songDifficulty": 18.90938902679543,
        "vintage": "Spring 1994"
    },
    {
        "animeEng": "Problem children are coming from another world, aren't they?",
        "animeRomaji": "Mondaiji-tachi ga Isekai kara Kuru-sou desu yo?",
        "songName": "Sincerely",
        "artist": "Megumi Nakajima",
        "type": "Insert Song",
        "correctCount": 16,
        "startTime": 80,
        "songDuration": 146.04,
        "songNumber": 74,
        "activePlayerCount": 166,
        "LinkVideo": "https://files.catbox.moe/7686da.webm",
        "LinkMp3": "https://files.catbox.moe/idpjas.mp3",
        "annId": 14835,
        "aniListId": 15315,
        "kitsuId": 7239,
        "malId": 15315,
        "songDifficulty": 8.0667491211159,
        "vintage": "Winter 2013"
    },
    {
        "animeEng": "Kabaneri of the Iron Fortress: The Battle of Unato",
        "animeRomaji": "Koutetsujou no Kabaneri: Unato Kessen",
        "songName": "ninelie <cry-v>",
        "artist": "SawanoHiroyuki[nZk]:Aimer",
        "type": "Insert Song",
        "correctCount": 31,
        "startTime": 16,
        "songDuration": 182.352,
        "songNumber": 75,
        "activePlayerCount": 166,
        "LinkVideo": "https://files.catbox.moe/rgeb4b.webm",
        "LinkMp3": "https://files.catbox.moe/mwwrvy.mp3",
        "annId": 21512,
        "aniListId": 97918,
        "kitsuId": 13470,
        "malId": 34544,
        "songDifficulty": 18.833365460208032,
        "vintage": "Spring 2019"
    },
    {
        "animeEng": "Galaxy Cyclone Braiger",
        "animeRomaji": "Ginga Senpuu Braiger",
        "songName": "Hoshikage no Lullaby",
        "artist": "Yukio Yamagata",
        "type": "Insert Song",
        "correctCount": 1,
        "startTime": 33,
        "songDuration": 140.832,
        "songNumber": 76,
        "activePlayerCount": 166,
        "LinkVideo": "https://files.catbox.moe/gr2v6o.webm",
        "LinkMp3": "https://files.catbox.moe/by1xny.mp3",
        "annId": 2226,
        "aniListId": 4240,
        "kitsuId": 3534,
        "malId": 4240,
        "songDifficulty": 14.285714285714286,
        "vintage": "Fall 1981",
        "correctPlayers": [
            "Zurer"
        ]
    },
    {
        "animeEng": "Violet Evergarden",
        "animeRomaji": "Violet Evergarden",
        "songName": "Believe in...",
        "artist": "Aira Yuuki",
        "type": "Ending 2",
        "correctCount": 92,
        "startTime": 28,
        "songDuration": 87.096,
        "songNumber": 77,
        "activePlayerCount": 166,
        "LinkVideo": "https://files.catbox.moe/a5ewpp.webm",
        "LinkMp3": "https://files.catbox.moe/i27u2b.mp3",
        "annId": 19665,
        "aniListId": 21827,
        "kitsuId": 12230,
        "malId": 33352,
        "songDifficulty": 21.354985587002098,
        "vintage": "Winter 2018"
    },
    {
        "animeEng": "Gakuen Handsome the Animation",
        "animeRomaji": "Gakuen Handsome the Animation",
        "songName": "Handsome Taisou de Zundokohoi",
        "artist": "10Re;",
        "type": "Ending 1",
        "correctCount": 4,
        "startTime": 28,
        "songDuration": 71.544,
        "songNumber": 78,
        "activePlayerCount": 167,
        "LinkVideo": "https://files.catbox.moe/vn4j9s.webm",
        "LinkMp3": "https://files.catbox.moe/dpoktv.mp3",
        "annId": 17033,
        "aniListId": 21392,
        "kitsuId": 10889,
        "malId": 30531,
        "songDifficulty": 9.627713618793553,
        "vintage": "Summer 2015",
        "correctPlayers": [
            "Mcslider",
            "Thaleko",
            "kar72",
            "DjCharat"
        ]
    },
    {
        "animeEng": "Bronze: Zetsuai Since 1989",
        "animeRomaji": "Bronze: Zetsuai Since 1989",
        "songName": "BRONZE Saishuushou",
        "artist": "TAKEHIDE",
        "type": "Ending 1",
        "correctCount": 10,
        "startTime": 34,
        "songDuration": 245.064,
        "songNumber": 79,
        "activePlayerCount": 167,
        "LinkVideo": "https://files.catbox.moe/ww74pj.webm",
        "LinkMp3": "https://files.catbox.moe/51gimh.mp3",
        "annId": 2315,
        "aniListId": 1042,
        "kitsuId": 932,
        "malId": 1042,
        "songDifficulty": 8.488311262559101,
        "vintage": "Fall 1996"
    },
    {
        "animeEng": "Demon Slayer: Kimetsu no Yaiba Mugen Train Arc",
        "animeRomaji": "Kimetsu no Yaiba: Mugen Ressha-hen",
        "songName": "Akeboshi",
        "artist": "LiSA",
        "type": "Opening 1",
        "correctCount": 92,
        "startTime": 49,
        "songDuration": 89.784,
        "songNumber": 80,
        "activePlayerCount": 167,
        "LinkVideo": "https://files.catbox.moe/t9p8wo.webm",
        "LinkMp3": "https://files.catbox.moe/7qdjgt.mp3",
        "annId": 24792,
        "aniListId": 129874,
        "kitsuId": 45249,
        "malId": 49926,
        "songDifficulty": 26.37923520910648,
        "vintage": "Fall 2021"
    },
    {
        "animeEng": "Kiteretsu Daihyakka",
        "animeRomaji": "Kiteretsu Daihyakka",
        "songName": "Hajimete no Chuu",
        "artist": "Anshin Papa",
        "type": "Ending 6",
        "correctCount": 12,
        "startTime": 5,
        "songDuration": 96.755888,
        "songNumber": 81,
        "activePlayerCount": 167,
        "LinkVideo": "https://files.catbox.moe/2eqzz5.webm",
        "LinkMp3": "https://files.catbox.moe/pinms0.mp3",
        "annId": 228,
        "aniListId": 6509,
        "kitsuId": 4586,
        "malId": 6509,
        "songDifficulty": 21.24782943725586,
        "vintage": "Winter 1988"
    },
    {
        "animeEng": "The Aquatope on White Sand",
        "animeRomaji": "Shiroi Suna no Aquatope",
        "songName": "Tomedonai Shiosai ni Boku-tachi wa Nani o Utau Darou ka",
        "artist": "ARCANA PROJECT",
        "type": "Opening 2",
        "correctCount": 33,
        "startTime": 9,
        "songDuration": 90.072,
        "songNumber": 82,
        "activePlayerCount": 167,
        "LinkVideo": "https://files.catbox.moe/r4y9sk.webm",
        "LinkMp3": "https://files.catbox.moe/otwob8.mp3",
        "annId": 23923,
        "aniListId": 128545,
        "kitsuId": 44116,
        "malId": 46093,
        "songDifficulty": 17.785162453679195,
        "vintage": "Summer 2021"
    },
    {
        "animeEng": "Grand Blue",
        "animeRomaji": "Grand Blue",
        "songName": "Konpeki no al Fine ~Ni Kenme ni Karaoke ni Haitta Ore-tachi no Tension Super MAXver.~",
        "artist": "Izu no Kaze",
        "type": "Ending 1",
        "correctCount": 95,
        "startTime": 61,
        "songDuration": 89.016,
        "songNumber": 83,
        "activePlayerCount": 167,
        "LinkVideo": "https://files.catbox.moe/32hhsn.webm",
        "LinkMp3": "https://files.catbox.moe/i2w92f.mp3",
        "annId": 20709,
        "aniListId": 100922,
        "kitsuId": 14190,
        "malId": 37105,
        "songDifficulty": 34.38267171344165,
        "vintage": "Summer 2018"
    },
    {
        "animeEng": "Happy\u2606Lesson",
        "animeRomaji": "Happy\u2606Lesson",
        "songName": "Soba ni Iru wa ~STANDING BY YOUR SIDE~",
        "artist": "Ruri Asano",
        "type": "Insert Song",
        "correctCount": 1,
        "startTime": 0,
        "songDuration": 29.856,
        "songNumber": 84,
        "activePlayerCount": 168,
        "LinkVideo": "https://files.catbox.moe/84o9np.webm",
        "LinkMp3": "https://files.catbox.moe/oc25tv.mp3",
        "annId": 835,
        "aniListId": 259,
        "kitsuId": 234,
        "malId": 259,
        "songDifficulty": 16.666667175292968,
        "vintage": "Summer 2001",
        "correctPlayers": [
            "gaaw"
        ]
    },
    {
        "animeEng": "Grave of the Fireflies",
        "animeRomaji": "Hotaru no Haka",
        "songName": "Hanyuu no Yado",
        "artist": "Amelita Galli-Curci",
        "type": "Insert Song",
        "correctCount": 87,
        "startTime": 23,
        "songDuration": 158.64,
        "songNumber": 85,
        "activePlayerCount": 160,
        "LinkVideo": "https://files.catbox.moe/7yda6w.webm",
        "LinkMp3": "https://files.catbox.moe/73sw70.mp3",
        "annId": 152,
        "aniListId": 578,
        "kitsuId": 534,
        "malId": 578,
        "songDifficulty": 25.345295235984178,
        "vintage": "Spring 1988"
    }
]