[
    {
        "animeEng": "The iDOLM@STER SideM",
        "animeRomaji": "The iDOLM@STER SideM",
        "songName": "Fun! Fun! Festa!",
        "artist": "Beit",
        "type": "Insert Song",
        "correctCount": 7,
        "startTime": 30,
        "songDuration": 83.016,
        "songNumber": 1,
        "activePlayerCount": 112,
        "LinkVideo": "https://files.catbox.moe/ehh9h7.webm",
        "LinkMp3": "https://files.catbox.moe/3tcem6.mp3",
        "annId": 19884,
        "aniListId": 98310,
        "kitsuId": 13755,
        "malId": 34915,
        "songDifficulty": 19.42900155308735,
        "vintage": "Summer 2017"
    },
    {
        "animeEng": "PriPara Mi~nna no Akogare\u266a Let's Go\u2606PriPari",
        "animeRomaji": "PriPara Mi~nna no Akogare\u266a Let's Go\u2606PriPari",
        "songName": "Kono Uta to Marei Hi feat. Ajimi",
        "artist": "Azusa Satou & Reina Ueda",
        "type": "Insert Song",
        "correctCount": 5,
        "startTime": 52,
        "songDuration": 122.064,
        "songNumber": 2,
        "activePlayerCount": 115,
        "LinkVideo": "https://files.catbox.moe/4ysth0.webm",
        "LinkMp3": "https://files.catbox.moe/tvbgg1.mp3",
        "annId": 18074,
        "aniListId": 21454,
        "kitsuId": 11509,
        "malId": 31919,
        "songDifficulty": 10.678441670266897,
        "vintage": "Winter 2016",
        "correctPlayers": [
            "channina",
            "Eryth",
            "sharetw",
            "ArukasFrost",
            "otaku4ne"
        ]
    },
    {
        "animeEng": "Uta no\u2606Prince-sama\u266aMaji LOVE 1000%",
        "animeRomaji": "Uta no\u2606Prince-sama\u266aMaji LOVE 1000%",
        "songName": "Nana-iro no Compass",
        "artist": "Mamoru Miyano",
        "type": "Insert Song",
        "correctCount": 18,
        "startTime": 6,
        "songDuration": 88.968,
        "songNumber": 3,
        "activePlayerCount": 118,
        "LinkVideo": "https://files.catbox.moe/wv1du2.webm",
        "LinkMp3": "https://files.catbox.moe/gnce3w.mp3",
        "annId": 12509,
        "aniListId": 10321,
        "kitsuId": 6126,
        "malId": 10321,
        "songDifficulty": 24.93228680296158,
        "vintage": "Summer 2011"
    },
    {
        "animeEng": "Onipan!",
        "animeRomaji": "Onipan!",
        "songName": "Oni Yaba!",
        "artist": "Onipans!",
        "type": "Ending 2",
        "correctCount": 38,
        "startTime": 44,
        "songDuration": 89.184,
        "songNumber": 4,
        "activePlayerCount": 120,
        "LinkVideo": "https://files.catbox.moe/5irgkw.webm",
        "LinkMp3": "https://files.catbox.moe/a6etov.mp3",
        "annId": 25270,
        "aniListId": 144676,
        "kitsuId": 45835,
        "malId": 50955,
        "songDifficulty": 24.410852072310405,
        "vintage": "Spring 2022"
    },
    {
        "animeEng": "Reborn!",
        "animeRomaji": "Katekyo Hitman Reborn!",
        "songName": "Aoi Yume",
        "artist": "Tsubasa Mori",
        "type": "Ending 13",
        "correctCount": 21,
        "startTime": 34,
        "songDuration": 89.232,
        "songNumber": 5,
        "activePlayerCount": 120,
        "LinkVideo": "https://files.catbox.moe/fiq5rc.webm",
        "LinkMp3": "https://files.catbox.moe/yq0c2k.mp3",
        "annId": 6843,
        "aniListId": 1604,
        "kitsuId": 1444,
        "malId": 1604,
        "songDifficulty": 19.906137711103128,
        "vintage": "Fall 2006"
    },
    {
        "animeEng": "Maris the Chojo",
        "animeRomaji": "Rumic World 2: The Supergal",
        "songName": "BINBO '86",
        "artist": "Kirara to Urara",
        "type": "Ending 1",
        "correctCount": 5,
        "startTime": 147,
        "songDuration": 180.048,
        "songNumber": 6,
        "activePlayerCount": 119,
        "LinkVideo": "https://files.catbox.moe/vd1o3v.webm",
        "LinkMp3": "https://files.catbox.moe/wul0fi.mp3",
        "annId": 2279,
        "aniListId": 3787,
        "kitsuId": 3253,
        "malId": 3787,
        "songDifficulty": 11.181567548894558,
        "vintage": "Spring 1986",
        "correctPlayers": [
            "Orfey",
            "Stunar",
            "FC2PPV_1560667",
            "Delete",
            "Lkyda"
        ]
    },
    {
        "animeEng": "Haitai Nanafa",
        "animeRomaji": "Haitai Nanafa",
        "songName": "Yuimaru\u2606World",
        "artist": "Rie Ayase",
        "type": "Ending 1",
        "correctCount": 68,
        "startTime": 14,
        "songDuration": 43.056,
        "songNumber": 7,
        "activePlayerCount": 122,
        "LinkVideo": "https://files.catbox.moe/h5tfcl.webm",
        "LinkMp3": "https://files.catbox.moe/1uoemh.mp3",
        "annId": 14638,
        "aniListId": 15043,
        "kitsuId": 7201,
        "malId": 15043,
        "songDifficulty": 28.885377176354957,
        "vintage": "Fall 2012"
    },
    {
        "animeEng": "When They Cry Kai",
        "animeRomaji": "Higurashi no Naku Koro ni Kai",
        "songName": "Naraku no Hana",
        "artist": "Eiko Shimamiya",
        "type": "Opening 1",
        "correctCount": 62,
        "startTime": 52,
        "songDuration": 95.64,
        "songNumber": 8,
        "activePlayerCount": 122,
        "LinkVideo": "https://files.catbox.moe/6gww6w.webm",
        "LinkMp3": "https://files.catbox.moe/81991h.mp3",
        "annId": 7454,
        "aniListId": 1889,
        "kitsuId": 1699,
        "malId": 1889,
        "songDifficulty": 29.330329093765,
        "vintage": "Summer 2007"
    },
    {
        "animeEng": "Odoru Mowai-kun",
        "animeRomaji": "Odoru Mowai-kun",
        "songName": "Mowai-kun Juke!!",
        "artist": "Paisley Parks",
        "type": "Ending 1",
        "correctCount": 49,
        "startTime": 0,
        "songDuration": 27.528,
        "songNumber": 9,
        "activePlayerCount": 121,
        "LinkVideo": "https://files.catbox.moe/u65jzw.webm",
        "LinkMp3": "https://files.catbox.moe/swpc9v.mp3",
        "annId": 22286,
        "aniListId": 110317,
        "kitsuId": 42427,
        "malId": 40040,
        "songDifficulty": 24.431721454100828,
        "vintage": "Summer 2019"
    },
    {
        "animeEng": "Voltron",
        "animeRomaji": "Hyakujuu Ou Golion",
        "songName": "Gonin de Hitotsu",
        "artist": "Ichirou Mizuki",
        "type": "Ending 1",
        "correctCount": 1,
        "startTime": 17,
        "songDuration": 58.656,
        "songNumber": 10,
        "activePlayerCount": 123,
        "LinkVideo": "https://files.catbox.moe/ldx5vj.webm",
        "LinkMp3": "https://files.catbox.moe/9h679m.mp3",
        "annId": 1452,
        "aniListId": 1448,
        "kitsuId": 1299,
        "malId": 1448,
        "songDifficulty": 6.741183207947531,
        "vintage": "Winter 1981",
        "correctPlayers": [
            "SrueyaF"
        ]
    },
    {
        "animeEng": "Blue Seed",
        "animeRomaji": "Blue Seed",
        "songName": "Hoshi o Tobikoete",
        "artist": "Megumi Hayashibara & Sakiko Tamagawa",
        "type": "Insert Song",
        "correctCount": 5,
        "startTime": 69,
        "songDuration": 122.068106,
        "songNumber": 11,
        "activePlayerCount": 122,
        "LinkVideo": "https://files.catbox.moe/ujvxqt.webm",
        "LinkMp3": "https://files.catbox.moe/mds4ps.mp3",
        "annId": 8,
        "aniListId": 998,
        "kitsuId": 888,
        "malId": 998,
        "songDifficulty": 5.906307711109502,
        "vintage": "Fall 1994",
        "correctPlayers": [
            "HDNC",
            "amehaneyuki",
            "SakuraFujima",
            "TKN",
            "ruuka"
        ]
    },
    {
        "animeEng": "Digimon Adventure 02: Revenge of Diablomon",
        "animeRomaji": "Digimon Adventure 02: Diablomon no Gyakushuu",
        "songName": "Target ~Akai Shougeki~",
        "artist": "Kouji Wada",
        "type": "Insert Song",
        "correctCount": 79,
        "startTime": 15,
        "songDuration": 94.56,
        "songNumber": 12,
        "activePlayerCount": 123,
        "LinkVideo": "https://files.catbox.moe/qa29y6.webm",
        "LinkMp3": "https://files.catbox.moe/ijaxfo.mp3",
        "annId": 1986,
        "aniListId": 2398,
        "kitsuId": 2175,
        "malId": 2398,
        "songDifficulty": 31.241064842136325,
        "vintage": "Winter 2001"
    },
    {
        "animeEng": "Idoly Pride",
        "animeRomaji": "Idoly Pride",
        "songName": "First Step",
        "artist": "Sayaka Kanda",
        "type": "Insert Song",
        "correctCount": 37,
        "startTime": 60,
        "songDuration": 90.048,
        "songNumber": 13,
        "activePlayerCount": 124,
        "LinkVideo": "https://files.catbox.moe/79m7ff.webm",
        "LinkMp3": "https://files.catbox.moe/h7cgxb.mp3",
        "annId": 22923,
        "aniListId": 113814,
        "kitsuId": 42868,
        "malId": 40842,
        "songDifficulty": 28.97842626633987,
        "vintage": "Winter 2021"
    },
    {
        "animeEng": "Black Lagoon",
        "animeRomaji": "Black Lagoon",
        "songName": "Don't Look Behind",
        "artist": "EDISON",
        "type": "Ending 1",
        "correctCount": 53,
        "startTime": 3,
        "songDuration": 88.99425,
        "songNumber": 14,
        "activePlayerCount": 124,
        "LinkVideo": "https://files.catbox.moe/scc3hw.webm",
        "LinkMp3": "https://files.catbox.moe/79oct4.mp3",
        "annId": 6159,
        "aniListId": 889,
        "kitsuId": 789,
        "malId": 889,
        "songDifficulty": 29.056229844805,
        "vintage": "Spring 2006"
    },
    {
        "animeEng": "Maison Ikkoku",
        "animeRomaji": "Maison Ikkoku",
        "songName": "Sunny Shiny Morning",
        "artist": "Kiyonori Matsuo",
        "type": "Opening 4",
        "correctCount": 16,
        "startTime": 30,
        "songDuration": 83.736,
        "songNumber": 15,
        "activePlayerCount": 125,
        "LinkVideo": "https://files.catbox.moe/shin7v.webm",
        "LinkMp3": "https://files.catbox.moe/y3bvvx.mp3",
        "annId": 376,
        "aniListId": 1453,
        "kitsuId": 1303,
        "malId": 1453,
        "songDifficulty": 22.473483157467534,
        "vintage": "Winter 1986"
    },
    {
        "animeEng": "Super Dimension Fortress Macross: Do You Remember Love?",
        "animeRomaji": "Choujikuu Yousai Macross: Ai, Oboete Imasu ka",
        "songName": "Sunset Beach",
        "artist": "Mari Iijima",
        "type": "Insert Song",
        "correctCount": 53,
        "startTime": 26,
        "songDuration": 65.112,
        "songNumber": 16,
        "activePlayerCount": 125,
        "LinkVideo": "https://files.catbox.moe/6tus95.webm",
        "LinkMp3": "https://files.catbox.moe/fp319j.mp3",
        "annId": 366,
        "aniListId": 1089,
        "kitsuId": 974,
        "malId": 1089,
        "songDifficulty": 29.45722061451212,
        "vintage": "Summer 1984"
    },
    {
        "animeEng": "Barakamon",
        "animeRomaji": "Barakamon",
        "songName": "Innocence",
        "artist": "NoisyCell",
        "type": "Ending 1",
        "correctCount": 51,
        "startTime": 4,
        "songDuration": 88.224,
        "songNumber": 17,
        "activePlayerCount": 129,
        "LinkVideo": "https://files.catbox.moe/wk9m9v.webm",
        "LinkMp3": "https://files.catbox.moe/liot4a.mp3",
        "annId": 16083,
        "aniListId": 20722,
        "kitsuId": 8026,
        "malId": 22789,
        "songDifficulty": 22.080998545658975,
        "vintage": "Summer 2014"
    },
    {
        "animeEng": "Boku no Imouto wa \"Osaka Okan\"",
        "animeRomaji": "Boku no Imouto wa \"Osaka Okan\"",
        "songName": "Osaka Beautiful Name",
        "artist": "Kana Asumi",
        "type": "Ending 1",
        "correctCount": 72,
        "startTime": 0,
        "songDuration": 25.032,
        "songNumber": 18,
        "activePlayerCount": 129,
        "LinkVideo": "https://files.catbox.moe/jpfeut.webm",
        "LinkMp3": "https://files.catbox.moe/jjq4yp.mp3",
        "annId": 14906,
        "aniListId": 16405,
        "kitsuId": 7423,
        "malId": 16405,
        "songDifficulty": 27.75758742418499,
        "vintage": "Fall 2012"
    },
    {
        "animeEng": "Super Lovers 2",
        "animeRomaji": "Super Lovers 2",
        "songName": "Gyun to Love Song",
        "artist": "Kaidou 4 Kyoudai",
        "type": "Ending 3",
        "correctCount": 16,
        "startTime": 30,
        "songDuration": 98.472,
        "songNumber": 19,
        "activePlayerCount": 129,
        "LinkVideo": "https://files.catbox.moe/v2okp5.webm",
        "LinkMp3": "https://files.catbox.moe/2kxf7k.mp3",
        "annId": 18715,
        "aniListId": 21836,
        "kitsuId": 12245,
        "malId": 33417,
        "songDifficulty": 16.98776801073067,
        "vintage": "Winter 2017"
    },
    {
        "animeEng": "Chameko\u2019s Day",
        "animeRomaji": "Chameko no Ichinichi",
        "songName": "Chameko no Ichinichi",
        "artist": "Hideko Hirai",
        "type": "Insert Song",
        "correctCount": 20,
        "startTime": 22,
        "songDuration": 86.064,
        "songNumber": 20,
        "activePlayerCount": 128,
        "LinkVideo": "https://files.catbox.moe/43rnkb.webm",
        "LinkMp3": "https://files.catbox.moe/pz2idp.mp3",
        "annId": 15441,
        "aniListId": 6431,
        "kitsuId": 4559,
        "malId": 6431,
        "songDifficulty": 7.977715594951923,
        "vintage": "Winter 1931"
    },
    {
        "animeEng": "Game Center Arashi",
        "animeRomaji": "Game Center Arashi",
        "songName": "Game Center Arashi",
        "artist": "Ichiro Mizuki",
        "type": "Opening 1",
        "correctCount": 17,
        "startTime": 15,
        "songDuration": 70.973474,
        "songNumber": 21,
        "activePlayerCount": 128,
        "LinkVideo": "https://files.catbox.moe/6xaond.webm",
        "LinkMp3": "https://files.catbox.moe/fqi76i.mp3",
        "annId": 2206,
        "aniListId": 12243,
        "kitsuId": 6694,
        "malId": 12243,
        "songDifficulty": 13.129364769345239,
        "vintage": "Spring 1982"
    },
    {
        "animeEng": "My mental choices are completely interfering with my school romantic comedy",
        "animeRomaji": "NouCome",
        "songName": "Shirobuta-kun no Uta",
        "artist": "Hanna",
        "type": "Insert Song",
        "correctCount": 42,
        "startTime": 1,
        "songDuration": 33.456,
        "songNumber": 22,
        "activePlayerCount": 127,
        "LinkVideo": "https://files.catbox.moe/mofj6e.webm",
        "LinkMp3": "https://files.catbox.moe/kxycry.mp3",
        "annId": 15445,
        "aniListId": 19221,
        "kitsuId": 7846,
        "malId": 19221,
        "songDifficulty": 16.32596500056702,
        "vintage": "Fall 2013"
    },
    {
        "animeEng": "Zegapain",
        "animeRomaji": "Zegapain",
        "songName": "Last Blue",
        "artist": "ROCKY CHACK",
        "type": "Ending 3",
        "correctCount": 12,
        "startTime": 25,
        "songDuration": 98.427696,
        "songNumber": 23,
        "activePlayerCount": 127,
        "LinkVideo": "https://files.catbox.moe/f70fiv.webm",
        "LinkMp3": "https://files.catbox.moe/uyl737.mp3",
        "annId": 6145,
        "aniListId": 878,
        "kitsuId": 778,
        "malId": 878,
        "songDifficulty": 15.68465976860687,
        "vintage": "Spring 2006"
    },
    {
        "animeEng": "Fire Force Season 2",
        "animeRomaji": "Enen no Shouboutai: Ni no Shou",
        "songName": "Desire",
        "artist": "PELICAN FANCLUB",
        "type": "Ending 2",
        "correctCount": 23,
        "startTime": 1,
        "songDuration": 89.568,
        "songNumber": 24,
        "activePlayerCount": 126,
        "LinkVideo": "https://files.catbox.moe/etqnzg.webm",
        "LinkMp3": "https://files.catbox.moe/tb9bfx.mp3",
        "annId": 22952,
        "aniListId": 114236,
        "kitsuId": 42909,
        "malId": 40956,
        "songDifficulty": 17.004555927943024,
        "vintage": "Summer 2020"
    },
    {
        "animeEng": "Strike the Blood",
        "animeRomaji": "Strike the Blood",
        "songName": "Strike my soul",
        "artist": "Yuka Iguchi",
        "type": "Ending 1",
        "correctCount": 29,
        "startTime": 45,
        "songDuration": 88.944,
        "songNumber": 25,
        "activePlayerCount": 126,
        "LinkVideo": "https://files.catbox.moe/hwsuf7.webm",
        "LinkMp3": "https://files.catbox.moe/4pjz76.mp3",
        "annId": 15501,
        "aniListId": 18277,
        "kitsuId": 7715,
        "malId": 18277,
        "songDifficulty": 15.543460398706896,
        "vintage": "Fall 2013"
    },
    {
        "animeEng": "Patalliro!",
        "animeRomaji": "Boku Patalliro!",
        "songName": "Patalliro!",
        "artist": "Fusako Fujimoto",
        "type": "Opening 1",
        "correctCount": 59,
        "startTime": 41,
        "songDuration": 73.608,
        "songNumber": 26,
        "activePlayerCount": 127,
        "LinkVideo": "https://files.catbox.moe/7cnvb0.webm",
        "LinkMp3": "https://files.catbox.moe/fdj9ir.mp3",
        "annId": 1228,
        "aniListId": 2835,
        "kitsuId": 2589,
        "malId": 2835,
        "songDifficulty": 15.37827986316568,
        "vintage": "Spring 1982"
    },
    {
        "animeEng": "Cross Ange: Rondo of Angel and Dragon",
        "animeRomaji": "Cross Ange: Tenshi to Ryuu no Rondo",
        "songName": "Villkiss ~Kakusei~",
        "artist": "Akiko Shikata",
        "type": "Insert Song",
        "correctCount": 27,
        "startTime": 29,
        "songDuration": 108.072,
        "songNumber": 27,
        "activePlayerCount": 126,
        "LinkVideo": "https://files.catbox.moe/o0a9eg.webm",
        "LinkMp3": "https://files.catbox.moe/qsey59.mp3",
        "annId": 16177,
        "aniListId": 20806,
        "kitsuId": 8653,
        "malId": 25731,
        "songDifficulty": 24.547065288040503,
        "vintage": "Fall 2014"
    },
    {
        "animeEng": "Kentauros no Densetsu",
        "animeRomaji": "Kentauros no Densetsu",
        "songName": "LONG RUN ROAD -Eien ni Hi o Tsukete-",
        "artist": "Akira Ohtsu",
        "type": "Insert Song",
        "correctCount": 2,
        "startTime": 19,
        "songDuration": 72.192,
        "songNumber": 28,
        "activePlayerCount": 127,
        "LinkVideo": "https://files.catbox.moe/pnw5xv.webm",
        "LinkMp3": "https://files.catbox.moe/gk9zke.mp3",
        "annId": 23376,
        "aniListId": 17339,
        "kitsuId": 9376,
        "malId": 17339,
        "songDifficulty": 13.970588235294118,
        "vintage": "Fall 1987",
        "correctPlayers": [
            "moosepi",
            "Ai_Haibara"
        ]
    },
    {
        "animeEng": "Danganronpa The Animation",
        "animeRomaji": "Danganronpa Kibou no Gakuen to Zetsubou no Koukousei The Animation",
        "songName": "Monokuma Ondo",
        "artist": "Sachiko Kobayashi feat. Nobuyo Ooyama",
        "type": "Opening 3",
        "correctCount": 81,
        "startTime": 10,
        "songDuration": 89.28,
        "songNumber": 29,
        "activePlayerCount": 127,
        "LinkVideo": "https://files.catbox.moe/n7h0x4.webm",
        "LinkMp3": "https://files.catbox.moe/1b4wfe.mp3",
        "annId": 14960,
        "aniListId": 16592,
        "kitsuId": 7469,
        "malId": 16592,
        "songDifficulty": 32.736228299138034,
        "vintage": "Summer 2013"
    },
    {
        "animeEng": "Bikkuriman",
        "animeRomaji": "Bikkuriman",
        "songName": "Dreaming\u00b7A\u00b7GO\u00b7GO",
        "artist": "Junichirou Oda, Kyoujirou Shoukei, Ammy",
        "type": "Opening 1",
        "correctCount": 7,
        "startTime": 9,
        "songDuration": 58.56,
        "songNumber": 30,
        "activePlayerCount": 128,
        "LinkVideo": "https://files.catbox.moe/rvjdpu.webm",
        "LinkMp3": "https://files.catbox.moe/0tlxiq.mp3",
        "annId": 477,
        "aniListId": 3909,
        "kitsuId": 3340,
        "malId": 3909,
        "songDifficulty": 11.704346823036124,
        "vintage": "Fall 1987"
    },
    {
        "animeEng": "Puni Puni\u2605Poemy",
        "animeRomaji": "Puni Puni\u2605Poemy",
        "songName": "Yume Warai Uhyohyo",
        "artist": "Yumiko Kobayashi",
        "type": "Ending 1",
        "correctCount": 6,
        "startTime": 1,
        "songDuration": 97.176,
        "songNumber": 31,
        "activePlayerCount": 128,
        "LinkVideo": "https://files.catbox.moe/kfoudu.webm",
        "LinkMp3": "https://files.catbox.moe/mpf7v8.mp3",
        "annId": 865,
        "aniListId": 564,
        "kitsuId": 521,
        "malId": 564,
        "songDifficulty": 16.209906559877957,
        "vintage": "Winter 2001"
    },
    {
        "animeEng": "In the Heart of Kunoichi Tsubaki",
        "animeRomaji": "Kunoichi Tsubaki no Mune no Uchi",
        "songName": "Akane-gumi Katsudou Nisshi ~Inu-han~",
        "artist": "Yuuko Natsuyoshi, Miyari Nemoto, Sayumi Suzushiro",
        "type": "Ending 1",
        "correctCount": 14,
        "startTime": 20,
        "songDuration": 87.36,
        "songNumber": 32,
        "activePlayerCount": 128,
        "LinkVideo": "https://files.catbox.moe/puu6ca.webm",
        "LinkMp3": "https://files.catbox.moe/uuct3v.mp3",
        "annId": 24956,
        "aniListId": 141350,
        "kitsuId": null,
        "malId": 50338,
        "songDifficulty": 21.97580634509721,
        "vintage": "Spring 2022"
    },
    {
        "animeEng": "Air",
        "animeRomaji": "Air",
        "songName": "Aozora",
        "artist": "Lia",
        "type": "Insert Song",
        "correctCount": 36,
        "startTime": 0,
        "songDuration": 91.176,
        "songNumber": 33,
        "activePlayerCount": 127,
        "LinkVideo": "https://files.catbox.moe/dos0a2.webm",
        "LinkMp3": "https://files.catbox.moe/wqkh57.mp3",
        "annId": 4093,
        "aniListId": 713,
        "kitsuId": 80,
        "malId": 713,
        "songDifficulty": 25.667598976868327,
        "vintage": "Winter 2005"
    },
    {
        "animeEng": "School Days: Valentine Days",
        "animeRomaji": "School Days: Valentine Days",
        "songName": "Innocent Blue",
        "artist": "DeviceHigh",
        "type": "Opening 1",
        "correctCount": 77,
        "startTime": 13,
        "songDuration": 89.568,
        "songNumber": 34,
        "activePlayerCount": 127,
        "LinkVideo": "https://files.catbox.moe/87oiu1.webm",
        "LinkMp3": "https://files.catbox.moe/bdur0m.mp3",
        "annId": 11322,
        "aniListId": 3759,
        "kitsuId": 3235,
        "malId": 3759,
        "songDifficulty": 36.540201775916834,
        "vintage": "Winter 2008"
    },
    {
        "animeEng": "Uta no\u2606Prince-sama\u266aMaji LOVE 1000%",
        "animeRomaji": "Uta no\u2606Prince-sama\u266aMaji LOVE 1000%",
        "songName": "BELIEVE\u2606MY VOICE",
        "artist": "Mamoru Miyano",
        "type": "Insert Song",
        "correctCount": 13,
        "startTime": 24,
        "songDuration": 55.104,
        "songNumber": 35,
        "activePlayerCount": 128,
        "LinkVideo": "https://files.catbox.moe/h3y7zi.webm",
        "LinkMp3": "https://files.catbox.moe/8rairh.mp3",
        "annId": 12509,
        "aniListId": 10321,
        "kitsuId": 6126,
        "malId": 10321,
        "songDifficulty": 23.19314923679868,
        "vintage": "Summer 2011"
    },
    {
        "animeEng": "Life Lessons with Uramichi Oniisan",
        "animeRomaji": "Uramichi Onii-san",
        "songName": "Etefuete",
        "artist": "Mamoru Miyano & Nana Mizuki",
        "type": "Insert Song",
        "correctCount": 69,
        "startTime": 31,
        "songDuration": 84.72,
        "songNumber": 36,
        "activePlayerCount": 128,
        "LinkVideo": "https://files.catbox.moe/qngw0z.webm",
        "LinkMp3": "https://files.catbox.moe/fpotu1.mp3",
        "annId": 22938,
        "aniListId": 112802,
        "kitsuId": 42658,
        "malId": 40620,
        "songDifficulty": 39.89590498236331,
        "vintage": "Summer 2021"
    },
    {
        "animeEng": "Tiger & Bunny 2",
        "animeRomaji": "Tiger & Bunny 2",
        "songName": "kaleido proud fiesta",
        "artist": "UNISON SQUARE GARDEN",
        "type": "Opening 1",
        "correctCount": 25,
        "startTime": 32,
        "songDuration": 89.184,
        "songNumber": 37,
        "activePlayerCount": 128,
        "LinkVideo": "https://files.catbox.moe/6ufnfj.webm",
        "LinkMp3": "https://files.catbox.moe/4b8nox.mp3",
        "annId": 24222,
        "aniListId": 117197,
        "kitsuId": 43224,
        "malId": 41595,
        "songDifficulty": 19.952839570886947,
        "vintage": "Spring 2022"
    },
    {
        "animeEng": "Haikyu!!",
        "animeRomaji": "Haikyu!!",
        "songName": "Tenchi Gaeshi",
        "artist": "NICO Touches the Walls",
        "type": "Ending 1",
        "correctCount": 46,
        "startTime": 16,
        "songDuration": 89.568,
        "songNumber": 38,
        "activePlayerCount": 129,
        "LinkVideo": "https://files.catbox.moe/bb27f3.webm",
        "LinkMp3": "https://files.catbox.moe/4unama.mp3",
        "annId": 15683,
        "aniListId": 20464,
        "kitsuId": 8133,
        "malId": 20583,
        "songDifficulty": 24.470677992243964,
        "vintage": "Spring 2014"
    },
    {
        "animeEng": "Ranma 1/2",
        "animeRomaji": "Ranma 1/2",
        "songName": "Zettai! Part 2",
        "artist": "Yoshie Hayasaka",
        "type": "Opening 4",
        "correctCount": 13,
        "startTime": 36,
        "songDuration": 87.613188,
        "songNumber": 39,
        "activePlayerCount": 127,
        "LinkVideo": "https://files.catbox.moe/flszdd.webm",
        "LinkMp3": "https://files.catbox.moe/ta6xl9.mp3",
        "annId": 64,
        "aniListId": 210,
        "kitsuId": 186,
        "malId": 210,
        "songDifficulty": 27.49570114213198,
        "vintage": "Spring 1989"
    },
    {
        "animeEng": "Miru Tights",
        "animeRomaji": "Miru Tights",
        "songName": "True Days",
        "artist": "Haruka Tomatsu",
        "type": "Ending 1",
        "correctCount": 49,
        "startTime": 17,
        "songDuration": 49.968,
        "songNumber": 40,
        "activePlayerCount": 126,
        "LinkVideo": "https://files.catbox.moe/stw1b2.webm",
        "LinkMp3": "https://files.catbox.moe/jarzq8.mp3",
        "annId": 22030,
        "aniListId": 106967,
        "kitsuId": 42078,
        "malId": 38935,
        "songDifficulty": 27.9523965717012,
        "vintage": "Spring 2019"
    },
    {
        "animeEng": "BanG Dream! 2nd Season",
        "animeRomaji": "BanG Dream! 2nd Season",
        "songName": "Hitori ja Nain Dakara",
        "artist": "Ami Maeshima \u00d7 Sachika Misawa \u00d7 Yuki Nakashima \u00d7 Moe Toyota \u00d7 Hisako Kanemoto",
        "type": "Insert Song",
        "correctCount": 25,
        "startTime": 55,
        "songDuration": 99.792,
        "songNumber": 41,
        "activePlayerCount": 125,
        "LinkVideo": "https://files.catbox.moe/5c2hup.webm",
        "LinkMp3": "https://files.catbox.moe/31wozc.mp3",
        "annId": 21289,
        "aniListId": 101633,
        "kitsuId": 41289,
        "malId": 37869,
        "songDifficulty": 25.282001201923077,
        "vintage": "Winter 2019"
    },
    {
        "animeEng": "Liz and the Blue Bird",
        "animeRomaji": "Liz to Aoi Tori",
        "songName": "Liz to Aoi Tori",
        "artist": "Freshman Wind Ensemble",
        "type": "Insert Song",
        "correctCount": 57,
        "startTime": 63,
        "songDuration": 203.904,
        "songNumber": 42,
        "activePlayerCount": 126,
        "LinkVideo": "https://files.catbox.moe/0etykm.webm",
        "LinkMp3": "https://files.catbox.moe/ax9kol.mp3",
        "annId": 20444,
        "aniListId": 100178,
        "kitsuId": 13618,
        "malId": 35677,
        "songDifficulty": 31.621998250636132,
        "vintage": "Spring 2018"
    },
    {
        "animeEng": "Space Brothers",
        "animeRomaji": "Uchuu Kyoudai",
        "songName": "Kienai E",
        "artist": "Magokoro Brothers",
        "type": "Opening 5",
        "correctCount": 8,
        "startTime": 34,
        "songDuration": 89.064,
        "songNumber": 43,
        "activePlayerCount": 126,
        "LinkVideo": "https://files.catbox.moe/qslp1z.webm",
        "LinkMp3": "https://files.catbox.moe/ge1ncn.mp3",
        "annId": 13890,
        "aniListId": 12431,
        "kitsuId": 6729,
        "malId": 12431,
        "songDifficulty": 16.33560262600094,
        "vintage": "Spring 2012"
    },
    {
        "animeEng": "Sengoku Majin Goushougun",
        "animeRomaji": "Sengoku Majin Goushougun",
        "songName": "GouShougun Hasshin Se yo!",
        "artist": "Ken Fujii",
        "type": "Opening 1",
        "correctCount": 31,
        "startTime": 55,
        "songDuration": 87.912,
        "songNumber": 44,
        "activePlayerCount": 125,
        "LinkVideo": "https://files.catbox.moe/xh4ifv.webm",
        "LinkMp3": "https://files.catbox.moe/0ur3rl.mp3",
        "annId": 1799,
        "aniListId": 2510,
        "kitsuId": 2276,
        "malId": 2510,
        "songDifficulty": 15.288739070306924,
        "vintage": "Summer 1981"
    },
    {
        "animeEng": "City Hunter: Death of the Vicious Criminal Ryo Saeba",
        "animeRomaji": "City Hunter: Kinkyuu Namachuukei!? Kyouakuhan Saeba Ryou no Saigo",
        "songName": "Get Wild",
        "artist": "TM NETWORK",
        "type": "Ending 1",
        "correctCount": 47,
        "startTime": 55,
        "songDuration": 144.048,
        "songNumber": 45,
        "activePlayerCount": 127,
        "LinkVideo": "https://files.catbox.moe/hps5rq.webm",
        "LinkMp3": "https://files.catbox.moe/tcws2h.mp3",
        "annId": 554,
        "aniListId": 1479,
        "kitsuId": 1325,
        "malId": 1479,
        "songDifficulty": 29.73724447555395,
        "vintage": "Spring 1999"
    },
    {
        "animeEng": "Nyaruko: Crawling with Love!",
        "animeRomaji": "Haiyore! Nyaruko-san",
        "songName": "Watashi Magical",
        "artist": "Ushiro kara Haiyori-tai W",
        "type": "Insert Song",
        "correctCount": 15,
        "startTime": 20,
        "songDuration": 63.744,
        "songNumber": 46,
        "activePlayerCount": 128,
        "LinkVideo": "https://files.catbox.moe/fim0pp.webm",
        "LinkMp3": "https://files.catbox.moe/wh7n0w.mp3",
        "annId": 13719,
        "aniListId": 11785,
        "kitsuId": 6599,
        "malId": 11785,
        "songDifficulty": 10.335277346483554,
        "vintage": "Spring 2012"
    },
    {
        "animeEng": "Argonavis from BanG Dream!",
        "animeRomaji": "Argonavis from BanG Dream!",
        "songName": "Pray",
        "artist": "Argonavis",
        "type": "Insert Song",
        "correctCount": 15,
        "startTime": 41,
        "songDuration": 94.872,
        "songNumber": 47,
        "activePlayerCount": 128,
        "LinkVideo": "https://files.catbox.moe/mzeag0.webm",
        "LinkMp3": "https://files.catbox.moe/pypzlo.mp3",
        "annId": 23027,
        "aniListId": 113051,
        "kitsuId": 42688,
        "malId": 40677,
        "songDifficulty": 16.838294242434568,
        "vintage": "Spring 2020"
    },
    {
        "animeEng": "Today in Class 5-2",
        "animeRomaji": "Kyou no 5 no 2",
        "songName": "Daibakuhatsu NO.1",
        "artist": "Friends",
        "type": "Ending 2",
        "correctCount": 5,
        "startTime": 7,
        "songDuration": 90.192,
        "songNumber": 48,
        "activePlayerCount": 129,
        "LinkVideo": "https://files.catbox.moe/o2xaji.webm",
        "LinkMp3": "https://files.catbox.moe/kuter5.mp3",
        "annId": 10167,
        "aniListId": 4903,
        "kitsuId": 3842,
        "malId": 4903,
        "songDifficulty": 12.279696869234318,
        "vintage": "Fall 2008",
        "correctPlayers": [
            "Cindergoat",
            "Janoxx",
            "anonimus_opinion",
            "Chiya",
            "Lone"
        ]
    },
    {
        "animeEng": "Teekyuu",
        "animeRomaji": "Teekyuu",
        "songName": "Menimenimanimani",
        "artist": "Kyouko Narumi",
        "type": "Opening 1",
        "correctCount": 92,
        "startTime": 1,
        "songDuration": 29.976,
        "songNumber": 49,
        "activePlayerCount": 129,
        "LinkVideo": "https://files.catbox.moe/mp707k.webm",
        "LinkMp3": "https://files.catbox.moe/4v5u15.mp3",
        "annId": 15377,
        "aniListId": 18121,
        "kitsuId": 7718,
        "malId": 18121,
        "songDifficulty": 41.749438682244474,
        "vintage": "Summer 2013"
    },
    {
        "animeEng": "High School Star Musical",
        "animeRomaji": "Starmyu",
        "songName": "Bow-Wow House",
        "artist": "team Ootori",
        "type": "Insert Song",
        "correctCount": 12,
        "startTime": 0,
        "songDuration": 25.92,
        "songNumber": 50,
        "activePlayerCount": 129,
        "LinkVideo": "https://files.catbox.moe/aqdure.webm",
        "LinkMp3": "https://files.catbox.moe/caad9i.mp3",
        "annId": 16892,
        "aniListId": 21118,
        "kitsuId": 10783,
        "malId": 30375,
        "songDifficulty": 20.834724934895835,
        "vintage": "Fall 2015"
    },
    {
        "animeEng": "Back Street Girls: Gokudolls",
        "animeRomaji": "Back Street Girls: Gokudolls",
        "songName": "Uchuu Kyuu no Ai",
        "artist": "Gokudolls Niji-gumi",
        "type": "Insert Song",
        "correctCount": 10,
        "startTime": 19,
        "songDuration": 50.064,
        "songNumber": 51,
        "activePlayerCount": 129,
        "LinkVideo": "https://files.catbox.moe/5i6d37.webm",
        "LinkMp3": "https://files.catbox.moe/ydglsa.mp3",
        "annId": 20851,
        "aniListId": 100665,
        "kitsuId": 41021,
        "malId": 36873,
        "songDifficulty": 10.635914327330509,
        "vintage": "Summer 2018"
    },
    {
        "animeEng": "Is It Wrong to Try to Pick Up Girls in a Dungeon? II",
        "animeRomaji": "DanMachi II",
        "songName": "Sasayaka na Shukusai",
        "artist": "sora tob sakana",
        "type": "Ending 1",
        "correctCount": 45,
        "startTime": 46,
        "songDuration": 89.064,
        "songNumber": 52,
        "activePlayerCount": 129,
        "LinkVideo": "https://files.catbox.moe/i5inn8.webm",
        "LinkMp3": "https://files.catbox.moe/ejbiks.mp3",
        "annId": 20673,
        "aniListId": 101167,
        "kitsuId": 40599,
        "malId": 37347,
        "songDifficulty": 11.771002039335997,
        "vintage": "Summer 2019"
    },
    {
        "animeEng": "Initial D: Second Stage",
        "animeRomaji": "Initial D: Second Stage",
        "songName": "BURNING DESIRE",
        "artist": "MEGA NRG MAN",
        "type": "Insert Song",
        "correctCount": 5,
        "startTime": 11,
        "songDuration": 89.808,
        "songNumber": 53,
        "activePlayerCount": 129,
        "LinkVideo": "https://files.catbox.moe/iimjx7.webm",
        "LinkMp3": "https://files.catbox.moe/ek6u7z.mp3",
        "annId": 1152,
        "aniListId": 186,
        "kitsuId": 163,
        "malId": 186,
        "songDifficulty": 19.887901861252114,
        "vintage": "Fall 1999",
        "correctPlayers": [
            "Mika_tw",
            "Janoxx",
            "Mayottatoki",
            "Kuroru",
            "neoburnz"
        ]
    },
    {
        "animeEng": "Gaina Tamager",
        "animeRomaji": "Gaina Tamager",
        "songName": "Kassouro",
        "artist": "HANDSOME KENYA",
        "type": "Ending 1",
        "correctCount": 8,
        "startTime": 2,
        "songDuration": 37.68,
        "songNumber": 54,
        "activePlayerCount": 129,
        "LinkVideo": "https://files.catbox.moe/eijng6.webm",
        "LinkMp3": "https://files.catbox.moe/2kgmrm.mp3",
        "annId": 23024,
        "aniListId": 113863,
        "kitsuId": 43399,
        "malId": 40768,
        "songDifficulty": 10.490264979522792,
        "vintage": "Fall 2019"
    },
    {
        "animeEng": "Wake Up, Girl Zoo!",
        "animeRomaji": "Wake Up, Girl Zoo!",
        "songName": "Wug Zoo Zoo",
        "artist": "Wake Up, Girls!",
        "type": "Ending 1",
        "correctCount": 25,
        "startTime": 19,
        "songDuration": 57.24,
        "songNumber": 55,
        "activePlayerCount": 128,
        "LinkVideo": "https://files.catbox.moe/0aycwg.webm",
        "LinkMp3": "https://files.catbox.moe/fxc6pw.mp3",
        "annId": 16315,
        "aniListId": 20816,
        "kitsuId": 8812,
        "malId": 25875,
        "songDifficulty": 19.31086738782051,
        "vintage": "Fall 2014"
    },
    {
        "animeEng": "Rent-a-Girlfriend",
        "animeRomaji": "Kanojo, Okarishimasu",
        "songName": "Centimeter",
        "artist": "the peggies",
        "type": "Ending 1",
        "correctCount": 99,
        "startTime": 41,
        "songDuration": 88.416,
        "songNumber": 56,
        "activePlayerCount": 128,
        "LinkVideo": "https://files.catbox.moe/juazyf.webm",
        "LinkMp3": "https://files.catbox.moe/bdueai.mp3",
        "annId": 24095,
        "aniListId": 124410,
        "kitsuId": 43588,
        "malId": 42963,
        "songDifficulty": 64.16927136708343,
        "vintage": "Summer 2022"
    },
    {
        "animeEng": "Air Gear",
        "animeRomaji": "Air Gear",
        "songName": "NEEDIN' U",
        "artist": "skankfunk",
        "type": "Insert Song",
        "correctCount": 25,
        "startTime": 7,
        "songDuration": 77.164388,
        "songNumber": 57,
        "activePlayerCount": 128,
        "LinkVideo": "https://files.catbox.moe/fb9nbw.webm",
        "LinkMp3": "https://files.catbox.moe/79wwu7.mp3",
        "annId": 6251,
        "aniListId": 857,
        "kitsuId": 759,
        "malId": 857,
        "songDifficulty": 21.802696423542663,
        "vintage": "Spring 2006"
    },
    {
        "animeEng": "Magical Fairy Persia",
        "animeRomaji": "Mahou no Yousei Persia",
        "songName": "Mishiranu Kuni no Tripper",
        "artist": "Maiko Okamoto",
        "type": "Opening 1",
        "correctCount": 2,
        "startTime": 3,
        "songDuration": 87.072,
        "songNumber": 58,
        "activePlayerCount": 131,
        "LinkVideo": "https://files.catbox.moe/g7mq9v.webm",
        "LinkMp3": "https://files.catbox.moe/l45xx2.mp3",
        "annId": 1681,
        "aniListId": 2039,
        "kitsuId": 1838,
        "malId": 2039,
        "songDifficulty": 8.843797537812934,
        "vintage": "Summer 1984",
        "correctPlayers": [
            "Rukawa11",
            "munyamunya"
        ]
    },
    {
        "animeEng": "Corpse Princess: Kuro",
        "animeRomaji": "Shikabane Hime: Kuro",
        "songName": "Beautiful fighter",
        "artist": "angela",
        "type": "Opening 1",
        "correctCount": 21,
        "startTime": 23,
        "songDuration": 90.048,
        "songNumber": 59,
        "activePlayerCount": 131,
        "LinkVideo": "https://files.catbox.moe/isiec7.webm",
        "LinkMp3": "https://files.catbox.moe/bc772d.mp3",
        "annId": 10417,
        "aniListId": 5034,
        "kitsuId": 7667,
        "malId": 5034,
        "songDifficulty": 20.079032676348547,
        "vintage": "Winter 2009"
    },
    {
        "animeEng": "If My Favorite Pop Idol Made It to the Budokan, I Would Die",
        "animeRomaji": "Oshi ga Budoukan Ittekuretara Shinu",
        "songName": "\u2661Momo-iro Kataomoi\u2661",
        "artist": "Ai Fairouz",
        "type": "Ending 1",
        "correctCount": 29,
        "startTime": 48,
        "songDuration": 89.064,
        "songNumber": 60,
        "activePlayerCount": 132,
        "LinkVideo": "https://files.catbox.moe/c56vnp.webm",
        "LinkMp3": "https://files.catbox.moe/hier0a.mp3",
        "annId": 22307,
        "aniListId": 104391,
        "kitsuId": 41309,
        "malId": 37890,
        "songDifficulty": 21.043369542153904,
        "vintage": "Winter 2020"
    },
    {
        "animeEng": "Professor Layton and the Eternal Diva",
        "animeRomaji": "Layton Kyouju to Eien no Utahime",
        "songName": "Kono Shiawase yo Eien ni",
        "artist": "Nana Mizuki",
        "type": "Insert Song",
        "correctCount": 34,
        "startTime": 7,
        "songDuration": 73.584,
        "songNumber": 61,
        "activePlayerCount": 132,
        "LinkVideo": "https://files.catbox.moe/p5irbq.webm",
        "LinkMp3": "https://files.catbox.moe/qfh4cf.mp3",
        "annId": 10673,
        "aniListId": 6172,
        "kitsuId": 4459,
        "malId": 6172,
        "songDifficulty": 20.46725135769514,
        "vintage": "Fall 2009"
    },
    {
        "animeEng": "Mai, Magic and Family Day",
        "animeRomaji": "Mai no Mahou to Katei no Hi",
        "songName": "My Smile",
        "artist": "eufonius",
        "type": "Ending 1",
        "correctCount": 14,
        "startTime": 35,
        "songDuration": 111.4677,
        "songNumber": 62,
        "activePlayerCount": 132,
        "LinkVideo": "https://files.catbox.moe/4ok0hd.webm",
        "LinkMp3": "https://files.catbox.moe/8bbq5h.mp3",
        "annId": 12164,
        "aniListId": 9940,
        "kitsuId": 5952,
        "malId": 9940,
        "songDifficulty": 13.568422670717593,
        "vintage": "Winter 2011"
    },
    {
        "animeEng": "Saint Seiya Omega",
        "animeRomaji": "Saint Seiya Omega",
        "songName": "Pegasus Fantasy ver.\u03a9",
        "artist": "MAKE-UP feat. Shoko Nakagawa",
        "type": "Opening 1",
        "correctCount": 23,
        "startTime": 62,
        "songDuration": 100.392,
        "songNumber": 63,
        "activePlayerCount": 133,
        "LinkVideo": "https://files.catbox.moe/io9x2h.webm",
        "LinkMp3": "https://files.catbox.moe/mu0gjq.mp3",
        "annId": 14016,
        "aniListId": 12929,
        "kitsuId": 6850,
        "malId": 12929,
        "songDifficulty": 26.403015793010752,
        "vintage": "Winter 2012"
    },
    {
        "animeEng": "Gate",
        "animeRomaji": "Gate: Jieitai Kanochi nite, Kaku Tatakaeri",
        "songName": "GATE ~Sore wa Akatsuki no You ni",
        "artist": "Kishida Kyoudan &THE Akeboshi Rockets",
        "type": "Opening 1",
        "correctCount": 102,
        "startTime": 53,
        "songDuration": 90.017975,
        "songNumber": 64,
        "activePlayerCount": 132,
        "LinkVideo": "https://files.catbox.moe/0uknlu.webm",
        "LinkMp3": "https://files.catbox.moe/ndr8fr.mp3",
        "annId": 16679,
        "aniListId": 20994,
        "kitsuId": 10085,
        "malId": 28907,
        "songDifficulty": 33.35372238512545,
        "vintage": "Summer 2015"
    },
    {
        "animeEng": "Onegai My Melody",
        "animeRomaji": "Onegai My Melody",
        "songName": "Oto Melody",
        "artist": "Mikako Takahashi",
        "type": "Opening 1",
        "correctCount": 69,
        "startTime": 7,
        "songDuration": 89.16,
        "songNumber": 65,
        "activePlayerCount": 132,
        "LinkVideo": "https://files.catbox.moe/l9h3vx.webm",
        "LinkMp3": "https://files.catbox.moe/on2an9.mp3",
        "annId": 5103,
        "aniListId": 2489,
        "kitsuId": 2259,
        "malId": 2489,
        "songDifficulty": 29.59999440735132,
        "vintage": "Spring 2005"
    },
    {
        "animeEng": "Mazinger Z tai Ankoku Daishougun",
        "animeRomaji": "Mazinger Z tai Ankoku Daishougun",
        "songName": "Soratobu Mazinger Z",
        "artist": "Ichiro Mizuki & Columbia Yurikago-kai",
        "type": "Opening 1",
        "correctCount": 43,
        "startTime": 32,
        "songDuration": 92.064,
        "songNumber": 66,
        "activePlayerCount": 133,
        "LinkVideo": "https://files.catbox.moe/l4gtyk.webm",
        "LinkMp3": "https://files.catbox.moe/s5eva0.mp3",
        "annId": 3593,
        "aniListId": 4406,
        "kitsuId": 3597,
        "malId": 4406,
        "songDifficulty": 25.47434256417411,
        "vintage": "Summer 1974"
    },
    {
        "animeEng": "Cardfight!! Vanguard G Z",
        "animeRomaji": "Cardfight!! Vanguard G Z",
        "songName": "BREAK IT",
        "artist": "Mamoru Miyano",
        "type": "Insert Song",
        "correctCount": 30,
        "startTime": 57,
        "songDuration": 88.658068,
        "songNumber": 67,
        "activePlayerCount": 132,
        "LinkVideo": "https://files.catbox.moe/boudcm.webm",
        "LinkMp3": "https://files.catbox.moe/8l3idi.mp3",
        "annId": 20072,
        "aniListId": 99733,
        "kitsuId": 13786,
        "malId": 36022,
        "songDifficulty": 21.970064040599322,
        "vintage": "Fall 2017"
    },
    {
        "animeEng": "Eiga Doraemon: Nobita no Takarajima",
        "animeRomaji": "Eiga Doraemon: Nobita no Takarajima",
        "songName": "Koko ni Inai Anata e",
        "artist": "Gen Hoshino",
        "type": "Insert Song",
        "correctCount": 9,
        "startTime": 80,
        "songDuration": 265.8,
        "songNumber": 68,
        "activePlayerCount": 134,
        "LinkVideo": "https://files.catbox.moe/1ebn5a.webm",
        "LinkMp3": "https://files.catbox.moe/7rgxdp.mp3",
        "annId": 20361,
        "aniListId": 99084,
        "kitsuId": 40837,
        "malId": 35740,
        "songDifficulty": 5.734831814236111,
        "vintage": "Winter 2018"
    },
    {
        "animeEng": "Ninjala",
        "animeRomaji": "Ninjala",
        "songName": "Maybe Baby",
        "artist": "Kyary Pamyu Pamyu",
        "type": "Opening 1",
        "correctCount": 18,
        "startTime": 33,
        "songDuration": 89.112,
        "songNumber": 69,
        "activePlayerCount": 133,
        "LinkVideo": "https://files.catbox.moe/kx0wkt.webm",
        "LinkMp3": "https://files.catbox.moe/3q15c7.mp3",
        "annId": 24968,
        "aniListId": 142274,
        "kitsuId": null,
        "malId": 50418,
        "songDifficulty": 17.993818010602677,
        "vintage": "Winter 2022"
    },
    {
        "animeEng": "Talentless Nana",
        "animeRomaji": "Munou na Nana",
        "songName": "Broken Sky",
        "artist": "Miyu Tomita",
        "type": "Opening 1",
        "correctCount": 67,
        "startTime": 33,
        "songDuration": 89.52,
        "songNumber": 70,
        "activePlayerCount": 132,
        "LinkVideo": "https://files.catbox.moe/7coyfs.webm",
        "LinkMp3": "https://files.catbox.moe/yjcfox.mp3",
        "annId": 23497,
        "aniListId": 117343,
        "kitsuId": 43534,
        "malId": 41619,
        "songDifficulty": 25.31937017069018,
        "vintage": "Fall 2020"
    },
    {
        "animeEng": "Cara to Otamajakushi Shima",
        "animeRomaji": "Cara to Otamajakushi Shima",
        "songName": "Oh!AIWO",
        "artist": "HY",
        "type": "Opening 1",
        "correctCount": 12,
        "startTime": 18,
        "songDuration": 59.832,
        "songNumber": 71,
        "activePlayerCount": 132,
        "LinkVideo": "https://files.catbox.moe/a7c2a4.webm",
        "LinkMp3": "https://files.catbox.moe/4ay1bg.mp3",
        "annId": 23198,
        "aniListId": 115669,
        "kitsuId": 41456,
        "malId": 37428,
        "songDifficulty": 8.16548368724209,
        "vintage": "Spring 2018"
    },
    {
        "animeEng": "Battle of the Planets",
        "animeRomaji": "Gatchaman",
        "songName": "Gatchaman no Uta",
        "artist": "Masato Shimon",
        "type": "Ending 1",
        "correctCount": 64,
        "startTime": 6,
        "songDuration": 87.072,
        "songNumber": 72,
        "activePlayerCount": 133,
        "LinkVideo": "https://files.catbox.moe/xoywv7.webm",
        "LinkMp3": "https://files.catbox.moe/v6183f.mp3",
        "annId": 4,
        "aniListId": 2389,
        "kitsuId": 2166,
        "malId": 2389,
        "songDifficulty": 44.886461735884275,
        "vintage": "Fall 1972"
    },
    {
        "animeEng": "R.O.D: Read or Die",
        "animeRomaji": "R.O.D: Read or Die",
        "songName": "R.O.D no Theme",
        "artist": "Taku Iwasaki",
        "type": "Opening 1",
        "correctCount": 31,
        "startTime": 35,
        "songDuration": 90.168,
        "songNumber": 73,
        "activePlayerCount": 133,
        "LinkVideo": "https://files.catbox.moe/9ktl1f.webm",
        "LinkMp3": "https://files.catbox.moe/rcs403.mp3",
        "annId": 819,
        "aniListId": 208,
        "kitsuId": 184,
        "malId": 208,
        "songDifficulty": 19.376380907338664,
        "vintage": "Spring 2001"
    },
    {
        "animeEng": "Mushoku Tensei: Jobless Reincarnation",
        "animeRomaji": "Mushoku Tensei: Isekai Ittara Honki Dasu",
        "songName": "Inori no Uta",
        "artist": "Yuiko Ohara",
        "type": "Opening 3",
        "correctCount": 63,
        "startTime": 36,
        "songDuration": 87.24,
        "songNumber": 74,
        "activePlayerCount": 133,
        "LinkVideo": "https://files.catbox.moe/fyhbpq.webm",
        "LinkMp3": "https://files.catbox.moe/vm9obt.mp3",
        "annId": 24164,
        "aniListId": 127720,
        "kitsuId": 43907,
        "malId": 45576,
        "songDifficulty": 24.667348215581026,
        "vintage": "Fall 2021"
    },
    {
        "animeEng": "Durarara!!",
        "animeRomaji": "Durarara!!",
        "songName": "rain tears",
        "artist": "Saki Fujita",
        "type": "Insert Song",
        "correctCount": 66,
        "startTime": 6,
        "songDuration": 35.064,
        "songNumber": 75,
        "activePlayerCount": 133,
        "LinkVideo": "https://files.catbox.moe/7dgogz.webm",
        "LinkMp3": "https://files.catbox.moe/rdrist.mp3",
        "annId": 10947,
        "aniListId": 6746,
        "kitsuId": 4696,
        "malId": 6746,
        "songDifficulty": 22.486224210247883,
        "vintage": "Winter 2010"
    },
    {
        "animeEng": "Aquarian Age: Sign for Evolution",
        "animeRomaji": "Aquarian Age: Sign for Evolution",
        "songName": "Darklore",
        "artist": "Kaori Nishina",
        "type": "Insert Song",
        "correctCount": 5,
        "startTime": 38,
        "songDuration": 78.696,
        "songNumber": 76,
        "activePlayerCount": 133,
        "LinkVideo": "https://files.catbox.moe/dr9yq2.webm",
        "LinkMp3": "https://files.catbox.moe/8gdzki.mp3",
        "annId": 1147,
        "aniListId": 1224,
        "kitsuId": 1101,
        "malId": 1224,
        "songDifficulty": 11.551246537396121,
        "vintage": "Winter 2002",
        "correctPlayers": [
            "Janoxx",
            "Eryth",
            "Szafa",
            "SrueyaF",
            "Ai_Haibara"
        ]
    },
    {
        "animeEng": "Fate/Zero",
        "animeRomaji": "Fate/Zero",
        "songName": "Manten",
        "artist": "Kalafina",
        "type": "Ending 2",
        "correctCount": 51,
        "startTime": 56,
        "songDuration": 131.064,
        "songNumber": 77,
        "activePlayerCount": 133,
        "LinkVideo": "https://files.catbox.moe/4oke3e.webm",
        "LinkMp3": "https://files.catbox.moe/cnj527.mp3",
        "annId": 14122,
        "aniListId": 11741,
        "kitsuId": 7658,
        "malId": 11741,
        "songDifficulty": 28.185900011906888,
        "vintage": "Spring 2012"
    },
    {
        "animeEng": "Lupin the 3rd: Part 6",
        "animeRomaji": "Lupin Sansei: Part VI",
        "songName": "MILK TEA",
        "artist": "Yuji Ohno & Lupintic Six with Friends feat. Akari Dritschler",
        "type": "Ending 1",
        "correctCount": 15,
        "startTime": 5,
        "songDuration": 84.168,
        "songNumber": 78,
        "activePlayerCount": 133,
        "LinkVideo": "https://files.catbox.moe/x16mzq.webm",
        "LinkMp3": "https://files.catbox.moe/4lizqr.mp3",
        "annId": 24385,
        "aniListId": 134623,
        "kitsuId": 44618,
        "malId": 49040,
        "songDifficulty": 18.02607886904762,
        "vintage": "Fall 2021"
    },
    {
        "animeEng": "Kagerou Daze: In a Day's",
        "animeRomaji": "Kagerou Daze: In a Day's",
        "songName": "RED",
        "artist": "GOUACHE",
        "type": "Ending 1",
        "correctCount": 23,
        "startTime": 59,
        "songDuration": 110.784,
        "songNumber": 79,
        "activePlayerCount": 133,
        "LinkVideo": "https://files.catbox.moe/mvf2bg.webm",
        "LinkMp3": "https://files.catbox.moe/hvcz65.mp3",
        "annId": 18748,
        "aniListId": 21793,
        "kitsuId": 12093,
        "malId": 33219,
        "songDifficulty": 17.9173946272448,
        "vintage": "Fall 2016"
    },
    {
        "animeEng": "Gundam Build Divers Re:RISE Season 2",
        "animeRomaji": "Gundam Build Divers Re:RISE Season 2",
        "songName": "HATENA",
        "artist": "PENGUIN RESEARCH",
        "type": "Opening 1",
        "correctCount": 23,
        "startTime": 59,
        "songDuration": 88.656,
        "songNumber": 80,
        "activePlayerCount": 134,
        "LinkVideo": "https://files.catbox.moe/vnihyv.webm",
        "LinkMp3": "https://files.catbox.moe/yt0g9q.mp3",
        "annId": 22959,
        "aniListId": 114233,
        "kitsuId": 43144,
        "malId": 40942,
        "songDifficulty": 18.481720728811496,
        "vintage": "Spring 2020"
    },
    {
        "animeEng": "Shakugan no Shana II (Second)",
        "animeRomaji": "Shakugan no Shana II (Second)",
        "songName": "BLAZE",
        "artist": "KOTOKO",
        "type": "Opening 2",
        "correctCount": 41,
        "startTime": 8,
        "songDuration": 90.024,
        "songNumber": 81,
        "activePlayerCount": 135,
        "LinkVideo": "https://files.catbox.moe/ygieyt.webm",
        "LinkMp3": "https://files.catbox.moe/qoj3xy.mp3",
        "annId": 7847,
        "aniListId": 2787,
        "kitsuId": 2543,
        "malId": 2787,
        "songDifficulty": 18.85063283986891,
        "vintage": "Fall 2007"
    },
    {
        "animeEng": "Afro Samurai: Resurrection",
        "animeRomaji": "Afro Samurai: Resurrection",
        "songName": "NUMBER ONE SAMURAI",
        "artist": "THE RZA & 9TH PRINCE",
        "type": "Ending 1",
        "correctCount": 35,
        "startTime": 28,
        "songDuration": 92.136,
        "songNumber": 82,
        "activePlayerCount": 135,
        "LinkVideo": "https://files.catbox.moe/zqjydi.webm",
        "LinkMp3": "https://files.catbox.moe/lf904c.mp3",
        "annId": 10181,
        "aniListId": 4970,
        "kitsuId": 3870,
        "malId": 4970,
        "songDifficulty": 25.949629934210527,
        "vintage": "Fall 2009"
    },
    {
        "animeEng": "Kiitaro's yokai picture diary",
        "animeRomaji": "Kiitarou Shounen no Youkai Enikki",
        "songName": "Youki Kenran Kouou Byakuya",
        "artist": "Akira Ouse",
        "type": "Ending 7",
        "correctCount": 5,
        "startTime": 1,
        "songDuration": 32.574134,
        "songNumber": 83,
        "activePlayerCount": 135,
        "LinkVideo": "https://files.catbox.moe/y1i13f.webm",
        "LinkMp3": "https://files.catbox.moe/ajesve.mp3",
        "annId": 18706,
        "aniListId": 21802,
        "kitsuId": 12119,
        "malId": 33244,
        "songDifficulty": 15.229563759670196,
        "vintage": "Fall 2016",
        "correctPlayers": [
            "koroshiya",
            "ArukasFrost",
            "SrueyaF",
            "anonimus_opinion",
            "Chiya"
        ]
    },
    {
        "animeEng": "Pichi Pichi Pitch",
        "animeRomaji": "Mermaid Melody: Pichi Pichi Pitch",
        "songName": "Return to the Sea",
        "artist": "Kana Ueda",
        "type": "Insert Song",
        "correctCount": 18,
        "startTime": 8,
        "songDuration": 73.968,
        "songNumber": 84,
        "activePlayerCount": 135,
        "LinkVideo": "https://files.catbox.moe/z2wfi1.webm",
        "LinkMp3": "https://files.catbox.moe/vr2wg3.mp3",
        "annId": 2289,
        "aniListId": 521,
        "kitsuId": 480,
        "malId": 521,
        "songDifficulty": 26.637104985955055,
        "vintage": "Spring 2003"
    },
    {
        "animeEng": "Usakame",
        "animeRomaji": "Usakame",
        "songName": "Hashire! Usakame Koukou Tennis-bu",
        "artist": "Usakame Koukou Tennis-bu",
        "type": "Opening 1",
        "correctCount": 54,
        "startTime": 1,
        "songDuration": 49.056,
        "songNumber": 85,
        "activePlayerCount": 127,
        "LinkVideo": "https://files.catbox.moe/2yxi8a.webm",
        "LinkMp3": "https://files.catbox.moe/gl5pw7.mp3",
        "annId": 17972,
        "aniListId": 21570,
        "kitsuId": 11685,
        "malId": 32454,
        "songDifficulty": 19.659658332365915,
        "vintage": "Spring 2016"
    }
]