[
    {
        "animeEng": "Manga de Wakaru! Fate/Grand Order",
        "animeRomaji": "Manga de Wakaru! Fate/Grand Order",
        "songName": "Mawaseba Wakaru! FGO",
        "artist": "Tomoko Kaneda",
        "type": "Opening 1",
        "correctCount": 69,
        "startTime": 0,
        "songDuration": 28.464,
        "songNumber": 1,
        "activePlayerCount": 170,
        "LinkVideo": "https://files.catbox.moe/dh9unv.webm",
        "LinkMp3": "https://files.catbox.moe/tqoytk.mp3",
        "annId": 21942,
        "songDifficulty": 30.03062467409725,
        "vintage": "Fall 2018"
    },
    {
        "animeEng": "Precure All Stars DX: 3D Theatre",
        "animeRomaji": "Precure All Stars DX: the DANCE LIVE\u2665 Miracle Dance Stage e Youkoso",
        "songName": "Precure All Stars DX Medley for 3D theatre",
        "artist": "Mayu Kudou, Aya Ikeda, Mayumi Gojou, Yuka Uchiyae",
        "type": "Insert Song",
        "correctCount": 1,
        "startTime": 216,
        "songDuration": 445.014392,
        "songNumber": 2,
        "activePlayerCount": 183,
        "LinkVideo": "https://files.catbox.moe/kfxvs2.webm",
        "LinkMp3": "https://files.catbox.moe/j7bu2o.mp3",
        "annId": 24776,
        "songDifficulty": 6.242230155607657,
        "vintage": "Summer 2011",
        "correctPlayers": [
            "watashiii"
        ]
    },
    {
        "animeEng": "The Saint's Magic Power is Omnipotent",
        "animeRomaji": "Seijo no Maryoku wa Bannou Desu",
        "songName": "Pray",
        "artist": "Aira Yuuki",
        "type": "Ending 2",
        "correctCount": 21,
        "startTime": 21,
        "songDuration": 227.904,
        "songNumber": 3,
        "activePlayerCount": 186,
        "LinkVideo": "https://files.catbox.moe/vpqnve.webm",
        "LinkMp3": "https://files.catbox.moe/8odmxz.mp3",
        "annId": 23896,
        "songDifficulty": 14.793906699317038,
        "vintage": "Spring 2021"
    },
    {
        "animeEng": "Miss Kobayashi's Dragon Maid",
        "animeRomaji": "Kobayashi-san Chi no Maid Dragon",
        "songName": "Aozora no Rhapsody",
        "artist": "fh\u00e1na",
        "type": "Opening 1",
        "correctCount": 159,
        "startTime": 58,
        "songDuration": 89.448,
        "songNumber": 4,
        "activePlayerCount": 188,
        "LinkVideo": "https://files.catbox.moe/thsitv.webm",
        "LinkMp3": "https://files.catbox.moe/7bqtto.mp3",
        "annId": 18807,
        "songDifficulty": 57.24045494388642,
        "vintage": "Winter 2017"
    },
    {
        "animeEng": "Bonobono",
        "animeRomaji": "Bonobono",
        "songName": "bonobono Suru",
        "artist": "Monobright",
        "type": "Ending 1",
        "correctCount": 118,
        "startTime": 5,
        "songDuration": 58.983476,
        "songNumber": 5,
        "activePlayerCount": 190,
        "LinkVideo": "https://files.catbox.moe/fmuhqv.webm",
        "LinkMp3": "https://files.catbox.moe/1lc2wh.mp3",
        "annId": 18045,
        "songDifficulty": 35.43207354697452,
        "vintage": "Spring 2016"
    },
    {
        "animeEng": "Chain Chronicle: Short Animation",
        "animeRomaji": "Chain Chronicle: Short Animation",
        "songName": "Arrive",
        "artist": "The Sketchbook",
        "type": "Ending 1",
        "correctCount": 5,
        "startTime": 46,
        "songDuration": 90.072,
        "songNumber": 6,
        "activePlayerCount": 193,
        "LinkVideo": "https://files.catbox.moe/jmzpdp.webm",
        "LinkMp3": "https://files.catbox.moe/p2egq5.mp3",
        "annId": 16638,
        "songDifficulty": 10.660614274505877,
        "vintage": "Summer 2014",
        "correctPlayers": [
            "MaikaLover233",
            "EruisKawaii",
            "wswsasd",
            "Milar",
            "Carlos1218"
        ]
    },
    {
        "animeEng": "Negibouzu no Asatarou",
        "animeRomaji": "Negibouzu no Asatarou",
        "songName": "Hoshi no Kanata e",
        "artist": "Saki Oshitani",
        "type": "Ending 1",
        "correctCount": 3,
        "startTime": 38,
        "songDuration": 79.56,
        "songNumber": 7,
        "activePlayerCount": 195,
        "LinkVideo": "https://files.catbox.moe/uhm5rp.webm",
        "LinkMp3": "https://files.catbox.moe/ucn3y9.mp3",
        "annId": 10230,
        "songDifficulty": 9.931077082354323,
        "vintage": "Fall 2008",
        "correctPlayers": [
            "gaaw",
            "OnlyMonMusu",
            "RyokuShaka"
        ]
    },
    {
        "animeEng": "Welcome to the NHK",
        "animeRomaji": "NHK ni Youkoso!",
        "songName": "Puzzle -extra hot mix-",
        "artist": "ROUND TABLE featuring Nino",
        "type": "Opening 2",
        "correctCount": 68,
        "startTime": 33,
        "songDuration": 88.632,
        "songNumber": 8,
        "activePlayerCount": 198,
        "LinkVideo": "https://files.catbox.moe/jlcz7e.webm",
        "LinkMp3": "https://files.catbox.moe/e8kopl.mp3",
        "annId": 6357,
        "songDifficulty": 35.66460548803646,
        "vintage": "Summer 2006"
    },
    {
        "animeEng": "ReLIFE",
        "animeRomaji": "ReLIFE",
        "songName": "Timing",
        "artist": "Black Biscuits",
        "type": "Ending 3",
        "correctCount": 13,
        "startTime": 6,
        "songDuration": 72.528,
        "songNumber": 9,
        "activePlayerCount": 200,
        "LinkVideo": "https://files.catbox.moe/d1j0jl.webm",
        "LinkMp3": "https://files.catbox.moe/g76f5a.mp3",
        "annId": 16917,
        "songDifficulty": 10.027737607032904,
        "vintage": "Summer 2016"
    },
    {
        "animeEng": "Yu-Gi-Oh!: The Movie",
        "animeRomaji": "Yu-Gi-Oh! Duel Monsters: Hikari no Pyramid",
        "songName": "FIRE",
        "artist": "BLAZE",
        "type": "Ending 1",
        "correctCount": 14,
        "startTime": 210,
        "songDuration": 284.352,
        "songNumber": 10,
        "activePlayerCount": 202,
        "LinkVideo": "https://files.catbox.moe/asle0w.webm",
        "LinkMp3": "https://files.catbox.moe/w90i93.mp3",
        "annId": 2761,
        "songDifficulty": 11.685637782087447,
        "vintage": "Winter 2005"
    },
    {
        "animeEng": "The Asterisk War",
        "animeRomaji": "Gakusen Toshi Asterisk",
        "songName": "Brand-new World",
        "artist": "Shiena Nishizawa",
        "type": "Ending 2",
        "correctCount": 144,
        "startTime": 52,
        "songDuration": 87.768,
        "songNumber": 11,
        "activePlayerCount": 203,
        "LinkVideo": "https://files.catbox.moe/rypp7j.webm",
        "LinkMp3": "https://files.catbox.moe/f2r9or.mp3",
        "annId": 18068,
        "songDifficulty": 43.24393466074974,
        "vintage": "Spring 2016"
    },
    {
        "animeEng": "Soul Eater NOT!",
        "animeRomaji": "Soul Eater NOT!",
        "songName": "monochrome",
        "artist": "Dancing Dolls",
        "type": "Opening 1",
        "correctCount": 52,
        "startTime": 32,
        "songDuration": 88.056,
        "songNumber": 12,
        "activePlayerCount": 204,
        "LinkVideo": "https://files.catbox.moe/myx0zp.webm",
        "LinkMp3": "https://files.catbox.moe/oyue7t.mp3",
        "annId": 15770,
        "songDifficulty": 19.859352395392833,
        "vintage": "Spring 2014"
    },
    {
        "animeEng": "Muteking the Dancing Hero",
        "animeRomaji": "Muteking the Dancing Hero",
        "songName": "Super Hyper MUTEKI Buddy!",
        "artist": "Kentarou Mashiro/Takuya Eguchi",
        "type": "Insert Song",
        "correctCount": 9,
        "startTime": 58,
        "songDuration": 88.176,
        "songNumber": 13,
        "activePlayerCount": 204,
        "LinkVideo": "https://files.catbox.moe/uq8qzh.webm",
        "LinkMp3": "https://files.catbox.moe/nf9t6r.mp3",
        "annId": 24202,
        "songDifficulty": 16.456751539217716,
        "vintage": "Fall 2021"
    },
    {
        "animeEng": "Kill la Kill",
        "animeRomaji": "Kill la Kill",
        "songName": "Before my body is dry",
        "artist": "Mika Kobayashi & David Whitaker",
        "type": "Insert Song",
        "correctCount": 139,
        "startTime": 51,
        "songDuration": 92.352,
        "songNumber": 14,
        "activePlayerCount": 205,
        "LinkVideo": "https://files.catbox.moe/95nb5w.webm",
        "LinkMp3": "https://files.catbox.moe/u7sn2o.mp3",
        "annId": 15336,
        "songDifficulty": 51.73903606909514,
        "vintage": "Fall 2013"
    },
    {
        "animeEng": "AKB0048 Next Stage",
        "animeRomaji": "AKB0048 Next Stage",
        "songName": "Chance no Junban",
        "artist": "AKB48",
        "type": "Insert Song",
        "correctCount": 73,
        "startTime": 0,
        "songDuration": 27.648,
        "songNumber": 15,
        "activePlayerCount": 202,
        "LinkVideo": "https://files.catbox.moe/tjpvfq.webm",
        "LinkMp3": "https://files.catbox.moe/lzbr9m.mp3",
        "annId": 14873,
        "songDifficulty": 43.57815398886827,
        "vintage": "Winter 2013"
    },
    {
        "animeEng": "Fortune Dogs",
        "animeRomaji": "Fortune Dogs",
        "songName": "keep contact",
        "artist": "KUMACHI",
        "type": "Ending 2",
        "correctCount": 2,
        "startTime": 19,
        "songDuration": 89.616,
        "songNumber": 16,
        "activePlayerCount": 204,
        "LinkVideo": "https://files.catbox.moe/i6gxty.webm",
        "LinkMp3": "https://files.catbox.moe/g18h3r.mp3",
        "annId": 2011,
        "songDifficulty": 1.8604697282065445,
        "vintage": "Summer 2002",
        "correctPlayers": [
            "MaikaLover233",
            "RyokuShaka"
        ]
    },
    {
        "animeEng": "A Certain Scientific Railgun",
        "animeRomaji": "Toaru Kagaku no Railgun",
        "songName": "LEVEL5-judgelight-",
        "artist": "fripSide",
        "type": "Opening 2",
        "correctCount": 150,
        "startTime": 13,
        "songDuration": 89.064,
        "songNumber": 17,
        "activePlayerCount": 205,
        "LinkVideo": "https://files.catbox.moe/9jfadg.webm",
        "LinkMp3": "https://files.catbox.moe/om1b8b.mp3",
        "annId": 10706,
        "songDifficulty": 44.32206748703484,
        "vintage": "Fall 2009"
    },
    {
        "animeEng": "Fuuka",
        "animeRomaji": "Fuuka",
        "songName": "Climber's High!",
        "artist": "Lynn",
        "type": "Insert Song",
        "correctCount": 58,
        "startTime": 86,
        "songDuration": 167.112,
        "songNumber": 18,
        "activePlayerCount": 205,
        "LinkVideo": "https://files.catbox.moe/i1j0q8.webm",
        "LinkMp3": "https://files.catbox.moe/nfz0ed.mp3",
        "annId": 18879,
        "songDifficulty": 32.83284758607785,
        "vintage": "Winter 2017"
    },
    {
        "animeEng": "Needless",
        "animeRomaji": "Needless",
        "songName": "Scarlet Bomb!",
        "artist": "Aki Misato",
        "type": "Opening 2",
        "correctCount": 25,
        "startTime": 25,
        "songDuration": 89.544,
        "songNumber": 19,
        "activePlayerCount": 207,
        "LinkVideo": "https://files.catbox.moe/d0tito.webm",
        "LinkMp3": "https://files.catbox.moe/bxmvbd.mp3",
        "annId": 10709,
        "songDifficulty": 16.77845515167364,
        "vintage": "Summer 2009"
    },
    {
        "animeEng": "Free! The Final Stroke",
        "animeRomaji": "Free! The Final Stroke",
        "songName": "We could be free",
        "artist": "Zinee&issei",
        "type": "Ending 1",
        "correctCount": 2,
        "startTime": 95,
        "songDuration": 244.056,
        "songNumber": 20,
        "activePlayerCount": 207,
        "LinkVideo": "https://files.catbox.moe/kk3vzi.webm",
        "LinkMp3": "https://files.catbox.moe/7sjtka.mp3",
        "annId": 24331,
        "songDifficulty": 7.244224019569926,
        "vintage": "Summer 2021",
        "correctPlayers": [
            "MaikaLover233",
            "KSzokE"
        ]
    },
    {
        "animeEng": "Assassination Classroom",
        "animeRomaji": "Ansatsu Kyoushitsu",
        "songName": "Jiriki Hongan Revolution",
        "artist": "3-nen E-gumi Utatan",
        "type": "Opening 3",
        "correctCount": 131,
        "startTime": 20,
        "songDuration": 89.52,
        "songNumber": 21,
        "activePlayerCount": 209,
        "LinkVideo": "https://files.catbox.moe/5oac4p.webm",
        "LinkMp3": "https://files.catbox.moe/9yxci0.mp3",
        "annId": 16142,
        "songDifficulty": 40.03930666702714,
        "vintage": "Winter 2015"
    },
    {
        "animeEng": "Zero Duel Masters",
        "animeRomaji": "Zero Duel Masters",
        "songName": "Ima! Hajimaru Yuuki",
        "artist": "Rey",
        "type": "Opening 1",
        "correctCount": 43,
        "startTime": 0,
        "songDuration": 26.424,
        "songNumber": 22,
        "activePlayerCount": 210,
        "LinkVideo": "https://files.catbox.moe/s3seca.webm",
        "LinkMp3": "https://files.catbox.moe/3wrqhh.mp3",
        "annId": 7964,
        "songDifficulty": 14.998249252759043,
        "vintage": "Spring 2007"
    },
    {
        "animeEng": "My Hero Academia",
        "animeRomaji": "Boku no Hero Academia",
        "songName": "Sound of the Holidays",
        "artist": "Jonathan Underdown",
        "type": "Insert Song",
        "correctCount": 45,
        "startTime": 21,
        "songDuration": 135.432,
        "songNumber": 23,
        "activePlayerCount": 210,
        "LinkVideo": "https://files.catbox.moe/gq7j4h.webm",
        "LinkMp3": "https://files.catbox.moe/42clj7.mp3",
        "annId": 23862,
        "songDifficulty": 17.04241380703861,
        "vintage": "Winter 2021"
    },
    {
        "animeEng": "Nobunagun",
        "animeRomaji": "Nobunagun",
        "songName": "Respect for the dead man",
        "artist": "Pay money To my Pain",
        "type": "Opening 1",
        "correctCount": 45,
        "startTime": 13,
        "songDuration": 88.272,
        "songNumber": 24,
        "activePlayerCount": 209,
        "LinkVideo": "https://files.catbox.moe/aq4cht.webm",
        "LinkMp3": "https://files.catbox.moe/2p79qg.mp3",
        "annId": 15678,
        "songDifficulty": 19.364934976208847,
        "vintage": "Winter 2014"
    },
    {
        "animeEng": "Rideback",
        "animeRomaji": "Rideback",
        "songName": "RIDEBACK",
        "artist": "MELL",
        "type": "Opening 1",
        "correctCount": 23,
        "startTime": 20,
        "songDuration": 86.496,
        "songNumber": 25,
        "activePlayerCount": 210,
        "LinkVideo": "https://files.catbox.moe/w5ahil.webm",
        "LinkMp3": "https://files.catbox.moe/2d30mq.mp3",
        "annId": 8049,
        "songDifficulty": 17.611420977159984,
        "vintage": "Winter 2009"
    },
    {
        "animeEng": "Yuri!!! on Ice",
        "animeRomaji": "Yuri!!! on Ice",
        "songName": "History Maker",
        "artist": "DEAN FUJIOKA",
        "type": "Opening 1",
        "correctCount": 188,
        "startTime": 16,
        "songDuration": 89.064,
        "songNumber": 26,
        "activePlayerCount": 210,
        "LinkVideo": "https://files.catbox.moe/z2zxcv.webm",
        "LinkMp3": "https://files.catbox.moe/o6i75g.mp3",
        "annId": 18191,
        "songDifficulty": 68.10387792467692,
        "vintage": "Fall 2016"
    },
    {
        "animeEng": "Gankutsuou",
        "animeRomaji": "Gankutsuou: The Count of Monte Cristo",
        "songName": "Waltz (waltz in blue)",
        "artist": "Jean-Jacques Burnel",
        "type": "Insert Song",
        "correctCount": 54,
        "startTime": 4,
        "songDuration": 63.12,
        "songNumber": 27,
        "activePlayerCount": 212,
        "LinkVideo": "https://files.catbox.moe/asio1e.webm",
        "LinkMp3": "https://files.catbox.moe/nw5yv2.mp3",
        "annId": 4194,
        "songDifficulty": 29.950725934765313,
        "vintage": "Fall 2004"
    },
    {
        "animeEng": "Ojamajo Doremi Na-i-sho",
        "animeRomaji": "Ojamajo Doremi Na-i-sho",
        "songName": "Polar Star",
        "artist": "Rumi Shishido",
        "type": "Insert Song",
        "correctCount": 3,
        "startTime": 89,
        "songDuration": 136.056,
        "songNumber": 28,
        "activePlayerCount": 211,
        "LinkVideo": "https://files.catbox.moe/ygzwqt.webm",
        "LinkMp3": "https://files.catbox.moe/dg59vo.mp3",
        "annId": 3797,
        "songDifficulty": 13.153529936691811,
        "vintage": "Spring 2004",
        "correctPlayers": [
            "gaaw",
            "Cirquit",
            "Chemist"
        ]
    },
    {
        "animeEng": "Theatre of Darkness: Yamishibai",
        "animeRomaji": "Yami Shibai",
        "songName": "Naa? Naa? Naa?",
        "artist": "The Mirraz",
        "type": "Ending 1",
        "correctCount": 54,
        "startTime": 0,
        "songDuration": 29.088,
        "songNumber": 29,
        "activePlayerCount": 210,
        "LinkVideo": "https://files.catbox.moe/vmbwtx.webm",
        "LinkMp3": "https://files.catbox.moe/7g92eu.mp3",
        "annId": 17778,
        "songDifficulty": 23.8728844208694,
        "vintage": "Winter 2016"
    },
    {
        "animeEng": "Magic-kyun! Renaissance",
        "animeRomaji": "Magic-kyun! Renaissance",
        "songName": "Art Session!!!!!!!",
        "artist": "ArtiSTARs",
        "type": "Insert Song",
        "correctCount": 5,
        "startTime": 116,
        "songDuration": 152.784,
        "songNumber": 30,
        "activePlayerCount": 211,
        "LinkVideo": "https://files.catbox.moe/mggopf.webm",
        "LinkMp3": "https://files.catbox.moe/iyods3.mp3",
        "annId": 18467,
        "songDifficulty": 16.82153027928518,
        "vintage": "Fall 2016",
        "correctPlayers": [
            "syuka",
            "Thaleko",
            "Black_Flame",
            "NaoJordan",
            "MusicDown"
        ]
    },
    {
        "animeEng": "Ghost in the Shell",
        "animeRomaji": "Koukaku Kidoutai",
        "songName": "One Minute Warning",
        "artist": "Passengers",
        "type": "Ending 1",
        "correctCount": 47,
        "startTime": 7,
        "songDuration": 274.056,
        "songNumber": 31,
        "activePlayerCount": 210,
        "LinkVideo": "https://files.catbox.moe/ntdsso.webm",
        "LinkMp3": "https://files.catbox.moe/h2h3od.mp3",
        "annId": 465,
        "songDifficulty": 20.08158197980685,
        "vintage": "Fall 1995"
    },
    {
        "animeEng": "Fighting Spirit",
        "animeRomaji": "Hajime no Ippo",
        "songName": "under star",
        "artist": "Shocking Lemon",
        "type": "Opening 1",
        "correctCount": 37,
        "startTime": 30,
        "songDuration": 89.833558,
        "songNumber": 32,
        "activePlayerCount": 211,
        "LinkVideo": "https://files.catbox.moe/yj3g9y.webm",
        "LinkMp3": "https://files.catbox.moe/sowrpi.mp3",
        "annId": 1139,
        "songDifficulty": 32.65050096230046,
        "vintage": "Fall 2000"
    },
    {
        "animeEng": "Dr. Stone Season 2",
        "animeRomaji": "Dr. Stone: Stone Wars",
        "songName": "Yeah,My Teams Amazing!!",
        "artist": "Aztech, Paranom & Kasper from Hybrid Thoughts",
        "type": "Insert Song",
        "correctCount": 51,
        "startTime": 31,
        "songDuration": 81.552,
        "songNumber": 33,
        "activePlayerCount": 212,
        "LinkVideo": "https://files.catbox.moe/4qcm3n.webm",
        "LinkMp3": "https://files.catbox.moe/z5o7zz.mp3",
        "annId": 22942,
        "songDifficulty": 18.016702436597555,
        "vintage": "Winter 2021"
    },
    {
        "animeEng": "How Not to Summon a Demon Lord",
        "animeRomaji": "Isekai Maou to Shoukan Shoujo no Dorei Majutsu",
        "songName": "DeCIDE",
        "artist": "SUMMONERS 2+",
        "type": "Opening 1",
        "correctCount": 69,
        "startTime": 1,
        "songDuration": 88.56,
        "songNumber": 34,
        "activePlayerCount": 216,
        "LinkVideo": "https://files.catbox.moe/yvs4w4.webm",
        "LinkMp3": "https://files.catbox.moe/pzo2c2.mp3",
        "annId": 20582,
        "songDifficulty": 17.824125939849623,
        "vintage": "Summer 2018"
    },
    {
        "animeEng": "Baby-Hamitang",
        "animeRomaji": "Baby-Hamitang",
        "songName": "LUCKY",
        "artist": "Baby-Hamitang",
        "type": "Insert Song",
        "correctCount": 17,
        "startTime": 0,
        "songDuration": 20.064,
        "songNumber": 35,
        "activePlayerCount": 216,
        "LinkVideo": "https://files.catbox.moe/062yum.webm",
        "LinkMp3": "https://files.catbox.moe/01ptg0.mp3",
        "annId": 25097,
        "songDifficulty": 11.078944431390978,
        "vintage": "Winter 2022"
    },
    {
        "animeEng": "Fairy Tail",
        "animeRomaji": "Fairy Tail",
        "songName": "Mysterious Magic",
        "artist": "Do As Infinity",
        "type": "Opening 3",
        "correctCount": 94,
        "startTime": 39,
        "songDuration": 89.064,
        "songNumber": 36,
        "activePlayerCount": 216,
        "LinkVideo": "https://files.catbox.moe/ogihiy.webm",
        "LinkMp3": "https://files.catbox.moe/dme6ul.mp3",
        "annId": 15799,
        "songDifficulty": 33.08853668452267,
        "vintage": "Spring 2014"
    },
    {
        "animeEng": "Sousei no Aquarion Evol",
        "animeRomaji": "Sousei no Aquarion Evol",
        "songName": "Kimi no Shinwa ~Aquarion Dai Ni Shou",
        "artist": "AKINO with bless4",
        "type": "Insert Song",
        "correctCount": 103,
        "startTime": 25,
        "songDuration": 139.896,
        "songNumber": 37,
        "activePlayerCount": 216,
        "LinkVideo": "https://files.catbox.moe/0959wb.webm",
        "LinkMp3": "https://files.catbox.moe/o6wpa5.mp3",
        "annId": 16903,
        "songDifficulty": 32.33524635118195,
        "vintage": "Fall 2015"
    },
    {
        "animeEng": "Pichu Bros. in Party Panic!",
        "animeRomaji": "Boku-tachi Pichu Brothers: Party wa Oosawagi! no Maki",
        "songName": "Nyarth no Party",
        "artist": "Inuko Inuyama feat. Musashi to Kojirou",
        "type": "Insert Song",
        "correctCount": 167,
        "startTime": 20,
        "songDuration": 80.112,
        "songNumber": 38,
        "activePlayerCount": 213,
        "LinkVideo": "https://files.catbox.moe/486a9s.webm",
        "LinkMp3": "https://files.catbox.moe/gqtxyn.mp3",
        "annId": 15664,
        "songDifficulty": 53.76464173340961,
        "vintage": "Summer 2003"
    },
    {
        "animeEng": "Utawarerumono OVA",
        "animeRomaji": "Utawarerumono OVA",
        "songName": "Yume no Tsuzuki",
        "artist": "Rena Uehara",
        "type": "Ending 1",
        "correctCount": 15,
        "startTime": 70,
        "songDuration": 116.064,
        "songNumber": 39,
        "activePlayerCount": 213,
        "LinkVideo": "https://files.catbox.moe/6738tl.webm",
        "LinkMp3": "https://files.catbox.moe/stt93u.mp3",
        "annId": 9034,
        "songDifficulty": 16.778327882751938,
        "vintage": "Spring 2009"
    },
    {
        "animeEng": "The Secret World of Arrietty",
        "animeRomaji": "Karigurashi no Arrietty",
        "songName": "Arrietty's Song",
        "artist": "C\u00e9cile Corbel",
        "type": "Ending 1",
        "correctCount": 49,
        "startTime": 151,
        "songDuration": 207.912,
        "songNumber": 40,
        "activePlayerCount": 214,
        "LinkVideo": "https://files.catbox.moe/m7zxo7.webm",
        "LinkMp3": "https://files.catbox.moe/698pjy.mp3",
        "annId": 11212,
        "songDifficulty": 19.66739892739274,
        "vintage": "Summer 2010"
    },
    {
        "animeEng": "Katana Maidens: Toji no Miko",
        "animeRomaji": "Toji no Miko",
        "songName": "Shinkakei Colors",
        "artist": "Kaede Hondo, Saori Oonishi, Azumi Waki, Hina Kino, Risae Matsuda, Eri Suzuki",
        "type": "Opening 2",
        "correctCount": 16,
        "startTime": 3,
        "songDuration": 89.807436,
        "songNumber": 41,
        "activePlayerCount": 212,
        "LinkVideo": "https://files.catbox.moe/jznamz.webm",
        "LinkMp3": "https://files.catbox.moe/12qh9o.mp3",
        "annId": 20019,
        "songDifficulty": 18.12167026371807,
        "vintage": "Winter 2018"
    },
    {
        "animeEng": "BanG Dream!",
        "animeRomaji": "BanG Dream!",
        "songName": "Watashi no Kokoro wa Choco Coronet",
        "artist": "Poppin'Party",
        "type": "Insert Song",
        "correctCount": 72,
        "startTime": 53,
        "songDuration": 97.032,
        "songNumber": 42,
        "activePlayerCount": 212,
        "LinkVideo": "https://files.catbox.moe/ibcpn4.webm",
        "LinkMp3": "https://files.catbox.moe/l7qshj.mp3",
        "annId": 18693,
        "songDifficulty": 32.213493710950345,
        "vintage": "Winter 2017"
    },
    {
        "animeEng": "Saint Seiya",
        "animeRomaji": "Saint Seiya",
        "songName": "Soldier Dream",
        "artist": "Hironobu Kageyama & BROADWAY",
        "type": "Opening 2",
        "correctCount": 109,
        "startTime": 9,
        "songDuration": 78.264,
        "songNumber": 43,
        "activePlayerCount": 212,
        "LinkVideo": "https://files.catbox.moe/g7cbkx.webm",
        "LinkMp3": "https://files.catbox.moe/wsqrqi.mp3",
        "annId": 429,
        "songDifficulty": 44.616143317230275,
        "vintage": "Fall 1986"
    },
    {
        "animeEng": "Mob Psycho 100 II OVA",
        "animeRomaji": "Mob Psycho 100: Dai Ikkai Rei Toka Soudansho Ianryokou - Kokoro Mitasu Iyashi no Tabi",
        "songName": "Ikiru Hitobito",
        "artist": "sajou no hana",
        "type": "Ending 1",
        "correctCount": 82,
        "startTime": 58,
        "songDuration": 89.016,
        "songNumber": 44,
        "activePlayerCount": 214,
        "LinkVideo": "https://files.catbox.moe/krtjca.webm",
        "LinkMp3": "https://files.catbox.moe/r34n0g.mp3",
        "annId": 22493,
        "songDifficulty": 30.810765481651377,
        "vintage": "Summer 2019"
    },
    {
        "animeEng": "Gintama: Shiroyasha Koutan",
        "animeRomaji": "Gintama: Shiroyasha Koutan",
        "songName": "We Are!",
        "artist": "Hiroshi Kitadani",
        "type": "Ending 1",
        "correctCount": 168,
        "startTime": 0,
        "songDuration": 27.696,
        "songNumber": 45,
        "activePlayerCount": 215,
        "LinkVideo": "https://files.catbox.moe/kh1pvl.webm",
        "LinkMp3": "https://files.catbox.moe/krkson.mp3",
        "annId": 23119,
        "songDifficulty": 65.85136584264589,
        "vintage": "Summer 2008"
    },
    {
        "animeEng": "Dino Mech Gaiking",
        "animeRomaji": "Daikuu Maryuu Gaiking",
        "songName": "Hoshizora no Gaiking",
        "artist": "Isao Sasaki",
        "type": "Ending 1",
        "correctCount": 3,
        "startTime": 25,
        "songDuration": 67.392,
        "songNumber": 46,
        "activePlayerCount": 215,
        "LinkVideo": "https://files.catbox.moe/guz2h2.webm",
        "LinkMp3": "https://files.catbox.moe/j18tjf.mp3",
        "annId": 1294,
        "songDifficulty": 15.14769366968458,
        "vintage": "Spring 1976",
        "correctPlayers": [
            "Rukawa11",
            "watashiii",
            "OnlyMonMusu"
        ]
    },
    {
        "animeEng": "Tokyo Ghoul",
        "animeRomaji": "Tokyo Ghoul",
        "songName": "unravel",
        "artist": "TK from Ling Tosite Sigure",
        "type": "Opening 1",
        "correctCount": 198,
        "startTime": 10,
        "songDuration": 86.907894,
        "songNumber": 47,
        "activePlayerCount": 217,
        "LinkVideo": "https://files.catbox.moe/zzkjlg.webm",
        "LinkMp3": "https://files.catbox.moe/lkhvvb.mp3",
        "annId": 16087,
        "songDifficulty": 84.79183628291375,
        "vintage": "Summer 2014"
    },
    {
        "animeEng": "Lupin III: Part II",
        "animeRomaji": "Lupin Sansei",
        "songName": "THEME FROM LUPIN III (Non-vocal)",
        "artist": "Yuji Ohno",
        "type": "Opening 1",
        "correctCount": 143,
        "startTime": 47,
        "songDuration": 79.750466,
        "songNumber": 48,
        "activePlayerCount": 217,
        "LinkVideo": "https://files.catbox.moe/xpgsjg.webm",
        "LinkMp3": "https://files.catbox.moe/nz7c94.mp3",
        "annId": 885,
        "songDifficulty": 44.906265087871766,
        "vintage": "Fall 1977"
    },
    {
        "animeEng": "SK8 the Infinity",
        "animeRomaji": "SK\u221e",
        "songName": "Paradise",
        "artist": "Rude-\u03b1",
        "type": "Opening 1",
        "correctCount": 127,
        "startTime": 36,
        "songDuration": 86.4,
        "songNumber": 49,
        "activePlayerCount": 217,
        "LinkVideo": "https://files.catbox.moe/ml5ngg.webm",
        "LinkMp3": "https://files.catbox.moe/zhka64.mp3",
        "annId": 23777,
        "songDifficulty": 42.29768689331049,
        "vintage": "Winter 2021"
    },
    {
        "animeEng": "Haikyu!!",
        "animeRomaji": "Haikyu!!",
        "songName": "Imagination",
        "artist": "SPYAIR",
        "type": "Opening 1",
        "correctCount": 180,
        "startTime": 41,
        "songDuration": 89.568,
        "songNumber": 50,
        "activePlayerCount": 218,
        "LinkVideo": "https://files.catbox.moe/bittzk.webm",
        "LinkMp3": "https://files.catbox.moe/fqwcd3.mp3",
        "annId": 15683,
        "songDifficulty": 48.76959359377893,
        "vintage": "Spring 2014"
    },
    {
        "animeEng": "Sgt. Frog",
        "animeRomaji": "Keroro Gunsou",
        "songName": "Kero! to March",
        "artist": "Nobuaki Kakuda & Juri Ihata",
        "type": "Opening 1",
        "correctCount": 79,
        "startTime": 19,
        "songDuration": 87.6,
        "songNumber": 51,
        "activePlayerCount": 218,
        "LinkVideo": "https://files.catbox.moe/sxdszo.webm",
        "LinkMp3": "https://files.catbox.moe/ud7tzu.mp3",
        "annId": 3711,
        "songDifficulty": 44.516545353684776,
        "vintage": "Spring 2004"
    },
    {
        "animeEng": "7SEEDS",
        "animeRomaji": "7SEEDS",
        "songName": "Ark",
        "artist": "Amatsuki",
        "type": "Opening 1",
        "correctCount": 27,
        "startTime": 11,
        "songDuration": 87.552,
        "songNumber": 52,
        "activePlayerCount": 217,
        "LinkVideo": "https://files.catbox.moe/eco7y9.webm",
        "LinkMp3": "https://files.catbox.moe/0ijdr7.mp3",
        "annId": 21601,
        "songDifficulty": 16.76349225399626,
        "vintage": "Spring 2019"
    },
    {
        "animeEng": "Black Jack The Movie",
        "animeRomaji": "Black Jack The Movie",
        "songName": "Invisible Love",
        "artist": "Mai Yamane",
        "type": "Opening 1",
        "correctCount": 11,
        "startTime": 10,
        "songDuration": 90.648,
        "songNumber": 53,
        "activePlayerCount": 217,
        "LinkVideo": "https://files.catbox.moe/yhxbk8.webm",
        "LinkMp3": "https://files.catbox.moe/twoess.mp3",
        "annId": 107,
        "songDifficulty": 11.216036779754408,
        "vintage": "Fall 1996"
    },
    {
        "animeEng": "Shaman King",
        "animeRomaji": "Shaman King",
        "songName": "Over Soul",
        "artist": "Megumi Hayashibara",
        "type": "Ending 2",
        "correctCount": 128,
        "startTime": 112,
        "songDuration": 162.168,
        "songNumber": 54,
        "activePlayerCount": 221,
        "LinkVideo": "https://files.catbox.moe/9xqh2c.webm",
        "LinkMp3": "https://files.catbox.moe/kiim5l.mp3",
        "annId": 23413,
        "songDifficulty": 38.09705659460078,
        "vintage": "Spring 2021"
    },
    {
        "animeEng": "Baby-Hamitang",
        "animeRomaji": "Baby-Hamitang",
        "songName": "Hello Ni Zd Marha Bon Hola",
        "artist": "Baby-Hamitang",
        "type": "Opening 1",
        "correctCount": 24,
        "startTime": 0,
        "songDuration": 24.12,
        "songNumber": 55,
        "activePlayerCount": 221,
        "LinkVideo": "https://files.catbox.moe/295gvb.webm",
        "LinkMp3": "https://files.catbox.moe/rckzba.mp3",
        "annId": 25097,
        "songDifficulty": 11.60722954437023,
        "vintage": "Winter 2022"
    },
    {
        "animeEng": "Fighting Spirit",
        "animeRomaji": "Hajime no Ippo",
        "songName": "Inner Light",
        "artist": "Shocking Lemon",
        "type": "Opening 2",
        "correctCount": 46,
        "startTime": 46,
        "songDuration": 79.44,
        "songNumber": 56,
        "activePlayerCount": 219,
        "LinkVideo": "https://files.catbox.moe/dwpr31.webm",
        "LinkMp3": "https://files.catbox.moe/jg0jcu.mp3",
        "annId": 1139,
        "songDifficulty": 32.21320131767231,
        "vintage": "Fall 2000"
    },
    {
        "animeEng": "Yu Yu Hakusho: Ghost Files",
        "animeRomaji": "Yuu\u2606Yuu\u2606Hakusho",
        "songName": "Daydream Generation",
        "artist": "Matsuko Mawatari",
        "type": "Ending 5",
        "correctCount": 107,
        "startTime": 12,
        "songDuration": 85.032,
        "songNumber": 57,
        "activePlayerCount": 220,
        "LinkVideo": "https://files.catbox.moe/t27mzn.webm",
        "LinkMp3": "https://files.catbox.moe/ufvz4y.mp3",
        "annId": 311,
        "songDifficulty": 38.576897217025255,
        "vintage": "Fall 1992"
    },
    {
        "animeEng": "Is It Wrong to Try to Pick Up Girls in a Dungeon?",
        "animeRomaji": "DanMachi",
        "songName": "Hey World",
        "artist": "Yuka Iguchi",
        "type": "Opening 1",
        "correctCount": 165,
        "startTime": 59,
        "songDuration": 88.896,
        "songNumber": 58,
        "activePlayerCount": 224,
        "LinkVideo": "https://files.catbox.moe/vgsmaz.webm",
        "LinkMp3": "https://files.catbox.moe/pf42wo.mp3",
        "annId": 16443,
        "songDifficulty": 30.186186263123137,
        "vintage": "Spring 2015"
    },
    {
        "animeEng": "Ghost in the Shell: Stand Alone Complex - The Laughing Man",
        "animeRomaji": "Ghost in the Shell: Stand Alone Complex - The Laughing Man",
        "songName": "stamina rose",
        "artist": "Gabriela Robin",
        "type": "Opening 1",
        "correctCount": 10,
        "startTime": 41,
        "songDuration": 95.424,
        "songNumber": 59,
        "activePlayerCount": 227,
        "LinkVideo": "https://files.catbox.moe/sffllw.webm",
        "LinkMp3": "https://files.catbox.moe/vzam4x.mp3",
        "annId": 5644,
        "songDifficulty": 12.718992181801605,
        "vintage": "Summer 2005"
    },
    {
        "animeEng": "Spelunker Sensei",
        "animeRomaji": "Spelunker Sensei",
        "songName": "Risk my life -theme of SPELUNKER is a teacher-",
        "artist": "Takenobu Mitsuyoshi",
        "type": "Opening 1",
        "correctCount": 25,
        "startTime": 8,
        "songDuration": 94.32,
        "songNumber": 60,
        "activePlayerCount": 227,
        "LinkVideo": "https://files.catbox.moe/xzrsd3.webm",
        "LinkMp3": "https://files.catbox.moe/5jpnwo.mp3",
        "annId": 12363,
        "songDifficulty": 16.008385365403544,
        "vintage": "Winter 2011"
    },
    {
        "animeEng": "Full Moon o Sagashite",
        "animeRomaji": "Full Moon o Sagashite",
        "songName": "New Future",
        "artist": "Changin' My Life",
        "type": "Ending 1",
        "correctCount": 37,
        "startTime": 59,
        "songDuration": 108.216,
        "songNumber": 61,
        "activePlayerCount": 227,
        "LinkVideo": "https://files.catbox.moe/li5lbf.webm",
        "LinkMp3": "https://files.catbox.moe/lfcrhe.mp3",
        "annId": 872,
        "songDifficulty": 28.29130993150685,
        "vintage": "Spring 2002"
    },
    {
        "animeEng": "Fw:Hamatora",
        "animeRomaji": "Fw:Hamatora",
        "songName": "Rolling life",
        "artist": "Wataru Hatano",
        "type": "Ending 1",
        "correctCount": 8,
        "startTime": 128,
        "songDuration": 173.502324,
        "songNumber": 62,
        "activePlayerCount": 228,
        "LinkVideo": "https://files.catbox.moe/kijpp2.webm",
        "LinkMp3": "https://files.catbox.moe/tvm8ea.mp3",
        "annId": 17753,
        "songDifficulty": 6.238661728896104,
        "vintage": "Fall 2015"
    },
    {
        "animeEng": "Jewelpet Sunshine",
        "animeRomaji": "Jewelpet Sunshine",
        "songName": "Scarborough Fair",
        "artist": "Simon & Garfunkel",
        "type": "Insert Song",
        "correctCount": 44,
        "startTime": 17,
        "songDuration": 60.315698,
        "songNumber": 63,
        "activePlayerCount": 227,
        "LinkVideo": "https://files.catbox.moe/42dy79.webm",
        "LinkMp3": "https://files.catbox.moe/vtytca.mp3",
        "annId": 12527,
        "songDifficulty": 25.288107218523002,
        "vintage": "Spring 2011"
    },
    {
        "animeEng": "Yume kara, Samenai",
        "animeRomaji": "Yume kara, Samenai",
        "songName": "Koi ga Tomaranai",
        "artist": "Ryouko Sano",
        "type": "Insert Song",
        "correctCount": 6,
        "startTime": 70,
        "songDuration": 145.968,
        "songNumber": 64,
        "activePlayerCount": 226,
        "LinkVideo": "https://files.catbox.moe/ha318x.webm",
        "LinkMp3": "https://files.catbox.moe/ulggsh.mp3",
        "annId": 7429,
        "songDifficulty": 5.774105248861755,
        "vintage": "Winter 1987"
    },
    {
        "animeEng": "One Punch Man",
        "animeRomaji": "One Punch Man",
        "songName": "THE HERO !! ~Ikareru Ken ni Honoo o Tsukeru~",
        "artist": "JAM Project",
        "type": "Opening 1",
        "correctCount": 209,
        "startTime": 61,
        "songDuration": 89.832,
        "songNumber": 65,
        "activePlayerCount": 226,
        "LinkVideo": "https://files.catbox.moe/p5bjvw.webm",
        "LinkMp3": "https://files.catbox.moe/cz0ubn.mp3",
        "annId": 16840,
        "songDifficulty": 84.24053695150116,
        "vintage": "Fall 2015"
    },
    {
        "animeEng": "School Days: Valentine Days",
        "animeRomaji": "School Days: Valentine Days",
        "songName": "Look at me",
        "artist": "YURIA",
        "type": "Insert Song",
        "correctCount": 32,
        "startTime": 3,
        "songDuration": 70.128,
        "songNumber": 66,
        "activePlayerCount": 226,
        "LinkVideo": "https://files.catbox.moe/21672s.webm",
        "LinkMp3": "https://files.catbox.moe/jp7fdd.mp3",
        "annId": 11322,
        "songDifficulty": 20.169881682073957,
        "vintage": "Winter 2008"
    },
    {
        "animeEng": "Land of the Lustrous",
        "animeRomaji": "Houseki no Kuni",
        "songName": "Kirameku Hamabe",
        "artist": "Yuiko Ohara",
        "type": "Ending 1",
        "correctCount": 46,
        "startTime": 8,
        "songDuration": 89.04,
        "songNumber": 67,
        "activePlayerCount": 225,
        "LinkVideo": "https://files.catbox.moe/vsina2.webm",
        "LinkMp3": "https://files.catbox.moe/aca9v9.mp3",
        "annId": 19614,
        "songDifficulty": 19.67383026189825,
        "vintage": "Fall 2017"
    },
    {
        "animeEng": "Go-Go Tamagotchi!",
        "animeRomaji": "Go-Go Tamagotchi!",
        "songName": "GO-GO Tamagotchi!",
        "artist": "hitomi",
        "type": "Opening 1",
        "correctCount": 7,
        "startTime": 14,
        "songDuration": 89.624582,
        "songNumber": 68,
        "activePlayerCount": 227,
        "LinkVideo": "https://files.catbox.moe/an81el.webm",
        "LinkMp3": "https://files.catbox.moe/b2cj2e.mp3",
        "annId": 16860,
        "songDifficulty": 15.0894021281965,
        "vintage": "Spring 2014"
    },
    {
        "animeEng": "Build-Divide: #000000 (Code Black)",
        "animeRomaji": "Build-Divide: #000000 (Code Black)",
        "songName": "BANG!!!",
        "artist": "EGOIST",
        "type": "Opening 2",
        "correctCount": 75,
        "startTime": 27,
        "songDuration": 89.184,
        "songNumber": 69,
        "activePlayerCount": 227,
        "LinkVideo": "https://files.catbox.moe/3y0ma2.webm",
        "LinkMp3": "https://files.catbox.moe/43vla3.mp3",
        "annId": 24316,
        "songDifficulty": 26.4841434126258,
        "vintage": "Fall 2021"
    },
    {
        "animeEng": "Hello World",
        "animeRomaji": "Hello World",
        "songName": "Lost Game (Movie ver.)",
        "artist": "Nulbarich",
        "type": "Insert Song",
        "correctCount": 7,
        "startTime": 54,
        "songDuration": 142.512,
        "songNumber": 70,
        "activePlayerCount": 227,
        "LinkVideo": "https://files.catbox.moe/szsaf6.webm",
        "LinkMp3": "https://files.catbox.moe/dkbgj7.mp3",
        "annId": 22139,
        "songDifficulty": 20.9756975541624,
        "vintage": "Summer 2019"
    },
    {
        "animeEng": "Mezzo",
        "animeRomaji": "Mezzo",
        "songName": "Suki Mami Mai Tai",
        "artist": "BARNABYS",
        "type": "Opening 1",
        "correctCount": 7,
        "startTime": 32,
        "songDuration": 89.568,
        "songNumber": 71,
        "activePlayerCount": 227,
        "LinkVideo": "https://files.catbox.moe/1kvx8h.webm",
        "LinkMp3": "https://files.catbox.moe/bru7bv.mp3",
        "annId": 3059,
        "songDifficulty": 10.334388441217078,
        "vintage": "Winter 2004"
    },
    {
        "animeEng": "Expelled from Paradise",
        "animeRomaji": "Rakuen Tsuihou: Expelled from Paradise",
        "songName": "EONIAN",
        "artist": "ALISE",
        "type": "Insert Song",
        "correctCount": 7,
        "startTime": 29,
        "songDuration": 74.304,
        "songNumber": 72,
        "activePlayerCount": 227,
        "LinkVideo": "https://files.catbox.moe/ht6b53.webm",
        "LinkMp3": "https://files.catbox.moe/rzek7y.mp3",
        "annId": 14817,
        "songDifficulty": 7.951060476079424,
        "vintage": "Fall 2014"
    },
    {
        "animeEng": "The Testament of Sister New Devil Departures",
        "animeRomaji": "Shinmai Maou no Testament Departures",
        "songName": "Over The Testament",
        "artist": "Metamorphose",
        "type": "Ending 1",
        "correctCount": 88,
        "startTime": 101,
        "songDuration": 205.848,
        "songNumber": 73,
        "activePlayerCount": 227,
        "LinkVideo": "https://files.catbox.moe/qv4rmo.webm",
        "LinkMp3": "https://files.catbox.moe/b4b5wl.mp3",
        "annId": 20552,
        "songDifficulty": 27.00717711629747,
        "vintage": "Winter 2018"
    },
    {
        "animeEng": "Mobile Suit Gundam Narrative",
        "animeRomaji": "Kidou Senshi Gundam NT",
        "songName": "Cage <NTv>",
        "artist": "SawanoHiroyuki[nZk]:Tielle",
        "type": "Insert Song",
        "correctCount": 11,
        "startTime": 10,
        "songDuration": 229.464,
        "songNumber": 74,
        "activePlayerCount": 227,
        "LinkVideo": "https://files.catbox.moe/mt9qf0.webm",
        "LinkMp3": "https://files.catbox.moe/89lqon.mp3",
        "annId": 20852,
        "songDifficulty": 18.676611062914905,
        "vintage": "Fall 2018"
    },
    {
        "animeEng": "Love Live! Sunshine!!",
        "animeRomaji": "Love Live! School Idol Project Sunshine!!",
        "songName": "WATER BLUE NEW WORLD",
        "artist": "Aqours",
        "type": "Insert Song",
        "correctCount": 74,
        "startTime": 81,
        "songDuration": 126.072,
        "songNumber": 75,
        "activePlayerCount": 227,
        "LinkVideo": "https://files.catbox.moe/ya6nio.webm",
        "LinkMp3": "https://files.catbox.moe/9eo5kk.mp3",
        "annId": 20000,
        "songDifficulty": 35.76443676716918,
        "vintage": "Fall 2017"
    },
    {
        "animeEng": "Asa made Jugyou Chu!",
        "animeRomaji": "Asa made Jugyou Chu!",
        "songName": "happy\u2606lucky",
        "artist": "Asami Shimoda, Azumi Asakura, Suzuko Mimori",
        "type": "Ending 1",
        "correctCount": 16,
        "startTime": 18,
        "songDuration": 86.904,
        "songNumber": 76,
        "activePlayerCount": 227,
        "LinkVideo": "https://files.catbox.moe/220don.webm",
        "LinkMp3": "https://files.catbox.moe/foib0h.mp3",
        "annId": 13946,
        "songDifficulty": 12.608179419525065,
        "vintage": "Spring 2012"
    },
    {
        "animeEng": "The Irresponsible Captain Tylor",
        "animeRomaji": "Musekinin Kanchou Tylor",
        "songName": "Funanori",
        "artist": "Junko Hirotani",
        "type": "Opening 1",
        "correctCount": 6,
        "startTime": 63,
        "songDuration": 133.2222,
        "songNumber": 77,
        "activePlayerCount": 227,
        "LinkVideo": "https://files.catbox.moe/l1jwiz.webm",
        "LinkMp3": "https://files.catbox.moe/1stbn0.mp3",
        "annId": 87,
        "songDifficulty": 5.819182681341241,
        "vintage": "Fall 1994"
    },
    {
        "animeEng": "Heart Catch Pretty Cure! The Movie: Fashion Show in Paris!",
        "animeRomaji": "Heartcatch Precure! Hana no Miyako de Fashion Show... Desu ka!?",
        "songName": "Tomorrow Song~Ashita no Uta~ for the Movie",
        "artist": "Mayu Kudou with Heartcatch Precure",
        "type": "Ending 1",
        "correctCount": 6,
        "startTime": 88,
        "songDuration": 121.128,
        "songNumber": 78,
        "activePlayerCount": 228,
        "LinkVideo": "https://files.catbox.moe/db2qa1.webm",
        "LinkMp3": "https://files.catbox.moe/1af30d.mp3",
        "annId": 11363,
        "songDifficulty": 19.978151874131342,
        "vintage": "Fall 2010"
    },
    {
        "animeEng": "Cleopatra D.C.",
        "animeRomaji": "Cleopatra D.C.",
        "songName": "Someone Who'd Care",
        "artist": "Hitomi Otsuma",
        "type": "Ending 2",
        "correctCount": 2,
        "startTime": 52,
        "songDuration": 112.392,
        "songNumber": 79,
        "activePlayerCount": 228,
        "LinkVideo": "https://files.catbox.moe/udhym4.webm",
        "LinkMp3": "https://files.catbox.moe/9o1yd4.mp3",
        "annId": 267,
        "songDifficulty": 9.232578428451625,
        "vintage": "Spring 1989",
        "correctPlayers": [
            "Dr_Woland",
            "Jerma985"
        ]
    },
    {
        "animeEng": "So I'm a Spider, So What?",
        "animeRomaji": "Kumo desu ga, Nani ka?",
        "songName": "Ganbare! Kumoko-san no Theme",
        "artist": "Aoi Yuuki",
        "type": "Ending 1",
        "correctCount": 131,
        "startTime": 51,
        "songDuration": 89.568,
        "songNumber": 80,
        "activePlayerCount": 228,
        "LinkVideo": "https://files.catbox.moe/v214u0.webm",
        "LinkMp3": "https://files.catbox.moe/0p8yk4.mp3",
        "annId": 21180,
        "songDifficulty": 43.67857142857143,
        "vintage": "Winter 2021"
    },
    {
        "animeEng": "Dominion Tank Police",
        "animeRomaji": "Dominion Tank Police",
        "songName": "Hoshi no Orgel",
        "artist": "Shoujo-tai",
        "type": "Ending 1",
        "correctCount": 5,
        "startTime": 27,
        "songDuration": 123.576,
        "songNumber": 81,
        "activePlayerCount": 226,
        "LinkVideo": "https://files.catbox.moe/r7290m.webm",
        "LinkMp3": "https://files.catbox.moe/c2dr9h.mp3",
        "annId": 541,
        "songDifficulty": 13.35125442976804,
        "vintage": "Spring 1988",
        "correctPlayers": [
            "NicoIe",
            "watashiii",
            "Black_Flame",
            "Hejsan",
            "Dr_Woland"
        ]
    },
    {
        "animeEng": "BanG Dream! Episode of Roselia",
        "animeRomaji": "BanG Dream! Episode of Roselia",
        "songName": "Singing \"OURS\"",
        "artist": "Roselia",
        "type": "Ending 2",
        "correctCount": 70,
        "startTime": 42,
        "songDuration": 313.032,
        "songNumber": 82,
        "activePlayerCount": 225,
        "LinkVideo": "https://files.catbox.moe/em9hra.webm",
        "LinkMp3": "https://files.catbox.moe/wb2ukx.mp3",
        "annId": 23928,
        "songDifficulty": 36.712663782870706,
        "vintage": "Spring 2021"
    },
    {
        "animeEng": "One Piece Second Movie",
        "animeRomaji": "One Piece: Nejimaki Shima no Bouken",
        "songName": "Believe",
        "artist": "Folder5",
        "type": "Ending 1",
        "correctCount": 143,
        "startTime": 20,
        "songDuration": 103.128,
        "songNumber": 83,
        "activePlayerCount": 225,
        "LinkVideo": "https://files.catbox.moe/qe3id5.webm",
        "LinkMp3": "https://files.catbox.moe/yow5jd.mp3",
        "annId": 3206,
        "songDifficulty": 44.66969204781705,
        "vintage": "Winter 2001"
    },
    {
        "animeEng": "Taisho Otome Fairy Tale",
        "animeRomaji": "Taishou Otome Otogibanashi",
        "songName": "Koi no Uta",
        "artist": "Ayasa Ito",
        "type": "Insert Song",
        "correctCount": 31,
        "startTime": 17,
        "songDuration": 60.768,
        "songNumber": 84,
        "activePlayerCount": 225,
        "LinkVideo": "https://files.catbox.moe/u7zb2w.webm",
        "LinkMp3": "https://files.catbox.moe/wsmzac.mp3",
        "annId": 23866,
        "songDifficulty": 25.001287955846895,
        "vintage": "Fall 2021"
    },
    {
        "animeEng": "Made in Abyss Recaps",
        "animeRomaji": "Made in Abyss Recaps",
        "songName": "Underground River (opening version)",
        "artist": "Kevin Penkin ft.Raj Ramayya",
        "type": "Ending 1",
        "correctCount": 111,
        "startTime": 3,
        "songDuration": 116.688,
        "songNumber": 85,
        "activePlayerCount": 224,
        "LinkVideo": "https://files.catbox.moe/4puh9n.webm",
        "LinkMp3": "https://files.catbox.moe/z5ty2f.mp3",
        "annId": 21238,
        "songDifficulty": 42.48478967622081,
        "vintage": "Winter 2019"
    }
]