[
    {
        "animeEng": "By the Grace of the Gods",
        "animeRomaji": "Kami-tachi ni Hirowareta Otoko",
        "songName": "Yasashii Sekai",
        "artist": "Azusa Tadokoro",
        "type": "Opening 1",
        "correctCount": 22,
        "startTime": 16,
        "songDuration": 88.968,
        "songNumber": 1,
        "activePlayerCount": 124,
        "LinkVideo": "https://files.catbox.moe/qeq5n2.webm",
        "LinkMp3": "https://files.catbox.moe/h627q3.mp3",
        "annId": 23262,
        "songDifficulty": 16.286854842682608,
        "vintage": "Fall 2020"
    },
    {
        "animeEng": "Code Geass: Lelouch of the Rebellion Remake Movies",
        "animeRomaji": "Code Geass: Hangyaku no Lelouch Remake Movies",
        "songName": "Continued Story",
        "artist": "Hitomi",
        "type": "Insert Song",
        "correctCount": 67,
        "startTime": 34,
        "songDuration": 155.952,
        "songNumber": 2,
        "activePlayerCount": 129,
        "LinkVideo": "https://files.catbox.moe/jda7vm.webm",
        "LinkMp3": "https://files.catbox.moe/5xwr9d.mp3",
        "annId": 20158,
        "songDifficulty": 42.19249393681174,
        "vintage": "Fall 2017"
    },
    {
        "animeEng": "Kaguya-sama: Love is War - Ultra Romantic",
        "animeRomaji": "Kaguya-sama wa Kokurasetai: Ultra Romantic",
        "songName": "My Nonfiction",
        "artist": "Makoto Furukawa & Konomi Kohara",
        "type": "Ending 2",
        "correctCount": 68,
        "startTime": 18,
        "songDuration": 88.944,
        "songNumber": 3,
        "activePlayerCount": 135,
        "LinkVideo": "https://files.catbox.moe/c13ij8.webm",
        "LinkMp3": "https://files.catbox.moe/ciwd8n.mp3",
        "annId": 24889,
        "songDifficulty": 39.80772456295047,
        "vintage": "Spring 2022"
    },
    {
        "animeEng": "One Punch Man",
        "animeRomaji": "One Punch Man",
        "songName": "Saitama no One-Punch Ondo",
        "artist": "Makoto Furukawa",
        "type": "Ending 1",
        "correctCount": 94,
        "startTime": 52,
        "songDuration": 93.696,
        "songNumber": 4,
        "activePlayerCount": 137,
        "LinkVideo": "https://files.catbox.moe/da575n.webm",
        "LinkMp3": "https://files.catbox.moe/69psex.mp3",
        "annId": 17988,
        "songDifficulty": 43.68179513184584,
        "vintage": "Fall 2015"
    },
    {
        "animeEng": "Dragon Ball Z Kai",
        "animeRomaji": "Dragon Ball Kai",
        "songName": "Dragon Soul",
        "artist": "Takayoshi Tanimoto",
        "type": "Opening 1",
        "correctCount": 85,
        "startTime": 12,
        "songDuration": 84,
        "songNumber": 5,
        "activePlayerCount": 141,
        "LinkVideo": "https://files.catbox.moe/1re7yl.webm",
        "LinkMp3": "https://files.catbox.moe/vp182q.mp3",
        "annId": 10877,
        "songDifficulty": 42.14764998707008,
        "vintage": "Spring 2009"
    },
    {
        "animeEng": "Dr. Stone Season 2",
        "animeRomaji": "Dr. Stone: Stone Wars",
        "songName": "Sangenshoku",
        "artist": "PELICAN FANCLUB",
        "type": "Insert Song",
        "correctCount": 96,
        "startTime": 54,
        "songDuration": 89.568,
        "songNumber": 6,
        "activePlayerCount": 143,
        "LinkVideo": "https://files.catbox.moe/vigv3u.webm",
        "LinkMp3": "https://files.catbox.moe/8hsxu8.mp3",
        "annId": 22942,
        "songDifficulty": 48.06550692395546,
        "vintage": "Winter 2021"
    },
    {
        "animeEng": "Welcome to Demon School! Iruma-kun",
        "animeRomaji": "Mairimashita! Iruma-kun",
        "songName": "Kokoro Showtime",
        "artist": "Amatsuki",
        "type": "Ending 1",
        "correctCount": 39,
        "startTime": 32,
        "songDuration": 88.992,
        "songNumber": 7,
        "activePlayerCount": 144,
        "LinkVideo": "https://files.catbox.moe/kw00ud.webm",
        "LinkMp3": "https://files.catbox.moe/lsmdhy.mp3",
        "annId": 24018,
        "songDifficulty": 31.16505394806806,
        "vintage": "Spring 2021"
    },
    {
        "animeEng": "Digimon Adventure",
        "animeRomaji": "Digimon Adventure",
        "songName": "Seven (Acoustic Version)",
        "artist": "Kouji Wada",
        "type": "Insert Song",
        "correctCount": 35,
        "startTime": 38,
        "songDuration": 151.056,
        "songNumber": 8,
        "activePlayerCount": 147,
        "LinkVideo": "https://files.catbox.moe/0ka20b.webm",
        "LinkMp3": "https://files.catbox.moe/nrswod.mp3",
        "annId": 794,
        "songDifficulty": 19.407464056286326,
        "vintage": "Winter 1999"
    },
    {
        "animeEng": "The Tatami Galaxy",
        "animeRomaji": "Yojouhan Shinwa Taikei",
        "songName": "Maigo Inu to Ame no Beat",
        "artist": "Scenarioart",
        "type": "Opening 1",
        "correctCount": 68,
        "startTime": 38,
        "songDuration": 88.56,
        "songNumber": 9,
        "activePlayerCount": 146,
        "LinkVideo": "https://files.catbox.moe/c2vrq9.webm",
        "LinkMp3": "https://files.catbox.moe/hk7ftc.mp3",
        "annId": 11200,
        "songDifficulty": 32.44191212268744,
        "vintage": "Spring 2010"
    },
    {
        "animeEng": "Aikatsu!",
        "animeRomaji": "Aikatsu!",
        "songName": "Idol Katsudou!",
        "artist": "Waka\u30fbFuuri\u30fbSunao from STAR\u2606ANIS",
        "type": "Insert Song",
        "correctCount": 111,
        "startTime": 43,
        "songDuration": 81.528,
        "songNumber": 10,
        "activePlayerCount": 149,
        "LinkVideo": "https://files.catbox.moe/lw9xp8.webm",
        "LinkMp3": "https://files.catbox.moe/517lhk.mp3",
        "annId": 16165,
        "songDifficulty": 44.45805947580645,
        "vintage": "Fall 2014"
    },
    {
        "animeEng": "Baccano!",
        "animeRomaji": "Baccano!",
        "songName": "Calling",
        "artist": "Kaori Oda",
        "type": "Ending 1",
        "correctCount": 30,
        "startTime": 5,
        "songDuration": 88.057262,
        "songNumber": 11,
        "activePlayerCount": 147,
        "LinkVideo": "https://files.catbox.moe/f4ufs6.webm",
        "LinkMp3": "https://files.catbox.moe/5fe8bj.mp3",
        "annId": 7492,
        "songDifficulty": 17.477559328128212,
        "vintage": "Summer 2007"
    },
    {
        "animeEng": "Jinki:Extend",
        "animeRomaji": "Jinki:Extend",
        "songName": "FLY AWAY",
        "artist": "unicorn table",
        "type": "Opening 1",
        "correctCount": 11,
        "startTime": 52,
        "songDuration": 89.976,
        "songNumber": 12,
        "activePlayerCount": 148,
        "LinkVideo": "https://files.catbox.moe/s3f1r1.webm",
        "LinkMp3": "https://files.catbox.moe/rtzbut.mp3",
        "annId": 4658,
        "songDifficulty": 12.67162775532062,
        "vintage": "Winter 2005"
    },
    {
        "animeEng": "Let's Nupu Nupu",
        "animeRomaji": "Let's Nupu Nupu",
        "songName": "Twister",
        "artist": "Jack & Betty",
        "type": "Insert Song",
        "correctCount": 8,
        "startTime": 6,
        "songDuration": 41.832,
        "songNumber": 13,
        "activePlayerCount": 148,
        "LinkVideo": "https://files.catbox.moe/pn43dh.webm",
        "LinkMp3": "https://files.catbox.moe/qxnxk3.mp3",
        "annId": 383,
        "songDifficulty": 10.341742551342174,
        "vintage": "Fall 1998"
    },
    {
        "animeEng": "Puella Magi Madoka Magica The Movie Part 3: Rebellion",
        "animeRomaji": "Gekijouban Mahou Shoujo Madoka\u2605Magica Shinpen: Hangyaku no Monogatari",
        "songName": "Noi!",
        "artist": "Suginami Jidou Gasshou-dan",
        "type": "Insert Song",
        "correctCount": 74,
        "startTime": 5,
        "songDuration": 50.04,
        "songNumber": 14,
        "activePlayerCount": 148,
        "LinkVideo": "https://files.catbox.moe/i5f9sa.webm",
        "LinkMp3": "https://files.catbox.moe/6o69e1.mp3",
        "annId": 14850,
        "songDifficulty": 29.66498032080796,
        "vintage": "Fall 2013"
    },
    {
        "animeEng": "Pok\u00e9mon",
        "animeRomaji": "Pocket Monsters",
        "songName": "Mezase Pokemon Master",
        "artist": "Rica Matsumoto",
        "type": "Opening 1",
        "correctCount": 128,
        "startTime": 49,
        "songDuration": 84.048,
        "songNumber": 15,
        "activePlayerCount": 149,
        "LinkVideo": "https://files.catbox.moe/kctvsa.webm",
        "LinkMp3": "https://files.catbox.moe/7eut13.mp3",
        "annId": 270,
        "songDifficulty": 43.430939894728695,
        "vintage": "Spring 1997"
    },
    {
        "animeEng": "DARLING in the FRANXX",
        "animeRomaji": "DARLING in the FRANXX",
        "songName": "KISS OF DEATH (Produced by HYDE)",
        "artist": "Mika Nakashima",
        "type": "Opening 1",
        "correctCount": 122,
        "startTime": 0,
        "songDuration": 89.0672,
        "songNumber": 16,
        "activePlayerCount": 149,
        "LinkVideo": "https://files.catbox.moe/t3pa2m.webm",
        "LinkMp3": "https://files.catbox.moe/9j0il7.mp3",
        "annId": 19850,
        "songDifficulty": 55.955502579451625,
        "vintage": "Winter 2018"
    },
    {
        "animeEng": "The Princess and the Moon",
        "animeRomaji": "Otsuki-sama to Oujo",
        "songName": "Otsuki-sama no Negai",
        "artist": "Kazuko Kawashima",
        "type": "Ending 1",
        "correctCount": 4,
        "startTime": 43,
        "songDuration": 86.544,
        "songNumber": 17,
        "activePlayerCount": 148,
        "LinkVideo": "https://files.catbox.moe/jeymwx.webm",
        "LinkMp3": "https://files.catbox.moe/9lk5pd.mp3",
        "annId": 19955,
        "songDifficulty": 5.826382156706204,
        "vintage": "Summer 1983",
        "correctPlayers": [
            "kar72",
            "LilSlimbo",
            "LelPop",
            "Rukawa11"
        ]
    },
    {
        "animeEng": "Unbreakable Machine-Doll",
        "animeRomaji": "Kikou Shoujo wa Kizutsukanai",
        "songName": "Anicca",
        "artist": "Hitomi Harada",
        "type": "Opening 1",
        "correctCount": 44,
        "startTime": 12,
        "songDuration": 90.552,
        "songNumber": 18,
        "activePlayerCount": 148,
        "LinkVideo": "https://files.catbox.moe/6qngs9.webm",
        "LinkMp3": "https://files.catbox.moe/xaby8r.mp3",
        "annId": 15107,
        "songDifficulty": 20.070534139026112,
        "vintage": "Fall 2013"
    },
    {
        "animeEng": "Arifureta: From Commonplace to World's Strongest Season 2",
        "animeRomaji": "Arifureta Shokugyou de Sekai Saikyou 2nd Season",
        "songName": "Daylight",
        "artist": "MindaRyn",
        "type": "Opening 1",
        "correctCount": 47,
        "startTime": 2,
        "songDuration": 87.72,
        "songNumber": 19,
        "activePlayerCount": 148,
        "LinkVideo": "https://files.catbox.moe/6oghqb.webm",
        "LinkMp3": "https://files.catbox.moe/g3e8wh.mp3",
        "annId": 24311,
        "songDifficulty": 26.594749800039992,
        "vintage": "Winter 2022"
    },
    {
        "animeEng": "The Slayers Next",
        "animeRomaji": "The Slayers Next",
        "songName": "Jama wa Sasenai",
        "artist": "Masami Okui",
        "type": "Ending 1",
        "correctCount": 11,
        "startTime": 16,
        "songDuration": 74.904,
        "songNumber": 20,
        "activePlayerCount": 148,
        "LinkVideo": "https://files.catbox.moe/z3pi1k.webm",
        "LinkMp3": "https://files.catbox.moe/aa87v6.mp3",
        "annId": 220,
        "songDifficulty": 20.152955278644356,
        "vintage": "Spring 1996"
    },
    {
        "animeEng": "The Magical World of Gigi",
        "animeRomaji": "Mahou no Princess Minky Momo",
        "songName": "Good Lookin' Tonight",
        "artist": "Mami Koyama",
        "type": "Insert Song",
        "correctCount": 2,
        "startTime": 44,
        "songDuration": 105.456,
        "songNumber": 21,
        "activePlayerCount": 149,
        "LinkVideo": "https://files.catbox.moe/4t8fph.webm",
        "LinkMp3": "https://files.catbox.moe/ah9w7e.mp3",
        "annId": 1450,
        "songDifficulty": 12.66129144765265,
        "vintage": "Winter 1982",
        "correctPlayers": [
            "watashiii",
            "munyamunya"
        ]
    },
    {
        "animeEng": "Spelunker Sensei",
        "animeRomaji": "Spelunker Sensei",
        "songName": "Risk my life -theme of SPELUNKER is a teacher-",
        "artist": "Takenobu Mitsuyoshi",
        "type": "Opening 1",
        "correctCount": 25,
        "startTime": 59,
        "songDuration": 94.32,
        "songNumber": 22,
        "activePlayerCount": 150,
        "LinkVideo": "https://files.catbox.moe/xzrsd3.webm",
        "LinkMp3": "https://files.catbox.moe/5jpnwo.mp3",
        "annId": 12363,
        "songDifficulty": 15.13538856414868,
        "vintage": "Winter 2011"
    },
    {
        "animeEng": "D-Frag!",
        "animeRomaji": "D-Frag!",
        "songName": "Minna no Namae o Irete Kudasai",
        "artist": "Kana Hanazawa, Shizuka Itou, Aki Toyosaki",
        "type": "Ending 1",
        "correctCount": 41,
        "startTime": 40,
        "songDuration": 88.656,
        "songNumber": 23,
        "activePlayerCount": 150,
        "LinkVideo": "https://files.catbox.moe/ssnapn.webm",
        "LinkMp3": "https://files.catbox.moe/4cn8dk.mp3",
        "annId": 15705,
        "songDifficulty": 22.135396716826264,
        "vintage": "Winter 2014"
    },
    {
        "animeEng": "Shadow Skill",
        "animeRomaji": "Shadow Skill: Eigi",
        "songName": "For My Pride",
        "artist": "SPIRIT LEVEL",
        "type": "Ending 2",
        "correctCount": 0,
        "startTime": 30,
        "songDuration": 90.25151,
        "songNumber": 24,
        "activePlayerCount": 150,
        "LinkVideo": "https://files.catbox.moe/j6mu6k.webm",
        "LinkMp3": "https://files.catbox.moe/c2uh4o.mp3",
        "annId": 729,
        "songDifficulty": 8.017155905330883,
        "vintage": "Summer 1998"
    },
    {
        "animeEng": "Wake Up, Girls!",
        "animeRomaji": "Wake Up, Girls!",
        "songName": "Jela",
        "artist": "I-1 club",
        "type": "Insert Song",
        "correctCount": 20,
        "startTime": 0,
        "songDuration": 23.664,
        "songNumber": 25,
        "activePlayerCount": 150,
        "LinkVideo": "https://files.catbox.moe/nn5x5j.webm",
        "LinkMp3": "https://files.catbox.moe/xvx4x8.mp3",
        "annId": 15510,
        "songDifficulty": 20.587219745498615,
        "vintage": "Winter 2014"
    },
    {
        "animeEng": "Spy \u00d7 Family",
        "animeRomaji": "Spy \u00d7 Family",
        "songName": "Mixed Nuts",
        "artist": "Official HIGE DANdism",
        "type": "Opening 1",
        "correctCount": 135,
        "startTime": 9,
        "songDuration": 88.056,
        "songNumber": 26,
        "activePlayerCount": 153,
        "LinkVideo": "https://files.catbox.moe/pxds9u.webm",
        "LinkMp3": "https://files.catbox.moe/jpl7nw.mp3",
        "annId": 24917,
        "songDifficulty": 59.03476517053456,
        "vintage": "Spring 2022"
    },
    {
        "animeEng": "s-CRY-ed Alteration I: Tao",
        "animeRomaji": "s-CRY-ed Alteration I: Tao",
        "songName": "Reckless fire 2011",
        "artist": "Yasuaki Ide",
        "type": "Ending 1",
        "correctCount": 20,
        "startTime": 46,
        "songDuration": 228.144,
        "songNumber": 27,
        "activePlayerCount": 153,
        "LinkVideo": "https://files.catbox.moe/p1mw6d.webm",
        "LinkMp3": "https://files.catbox.moe/dmwalc.mp3",
        "annId": 12860,
        "songDifficulty": 14.223101182998326,
        "vintage": "Fall 2011"
    },
    {
        "animeEng": "A Silent Voice",
        "animeRomaji": "Koe no Katachi",
        "songName": "MY GENERATION",
        "artist": "THE WHO",
        "type": "Opening 1",
        "correctCount": 132,
        "startTime": 84,
        "songDuration": 113.208,
        "songNumber": 28,
        "activePlayerCount": 153,
        "LinkVideo": "https://files.catbox.moe/5l0hk4.webm",
        "LinkMp3": "https://files.catbox.moe/p8acbr.mp3",
        "annId": 16661,
        "songDifficulty": 44.74044111000633,
        "vintage": "Summer 2016"
    },
    {
        "animeEng": "Squid Girl",
        "animeRomaji": "Shinryaku! Ika Musume",
        "songName": "Shinryaku no Susume",
        "artist": "ULTRA-PRISM with Hisako Kanemoto",
        "type": "Opening 1",
        "correctCount": 74,
        "startTime": 42,
        "songDuration": 89.064,
        "songNumber": 29,
        "activePlayerCount": 153,
        "LinkVideo": "https://files.catbox.moe/t4exn3.webm",
        "LinkMp3": "https://files.catbox.moe/jj5la2.mp3",
        "annId": 11421,
        "songDifficulty": 29.53286842462039,
        "vintage": "Fall 2010"
    },
    {
        "animeEng": "Code Geass: Nunnally in Wonderland",
        "animeRomaji": "Code Geass: Hangyaku no Lelouch - Nunnally in Wonderland",
        "songName": "All Hail Britannia!!!",
        "artist": "Hiroki Shimizu, Tomohiro Tani, Hideyuki Aochi",
        "type": "Insert Song",
        "correctCount": 98,
        "startTime": 0,
        "songDuration": 25.008,
        "songNumber": 30,
        "activePlayerCount": 153,
        "LinkVideo": "https://files.catbox.moe/8b48zr.webm",
        "LinkMp3": "https://files.catbox.moe/h1mudz.mp3",
        "annId": 13974,
        "songDifficulty": 35.44449043414275,
        "vintage": "Summer 2012"
    },
    {
        "animeEng": "Gatchaman Crowds Insight",
        "animeRomaji": "Gatchaman Crowds Insight",
        "songName": "Air",
        "artist": "L-VOKAL",
        "type": "Insert Song",
        "correctCount": 1,
        "startTime": 139,
        "songDuration": 209.069333,
        "songNumber": 31,
        "activePlayerCount": 153,
        "LinkVideo": "https://files.catbox.moe/9un2jv.webm",
        "LinkMp3": "https://files.catbox.moe/8u7tf0.mp3",
        "annId": 16697,
        "songDifficulty": 5.911424437356652,
        "vintage": "Summer 2015",
        "correctPlayers": [
            "MahiruShiina"
        ]
    },
    {
        "animeEng": "Ninja Box",
        "animeRomaji": "Ninja Box",
        "songName": "Himitsu Kichuuba",
        "artist": "Emiri Katou, Megumi Han, Yuuichi Nakamura, Ayumu Murase",
        "type": "Ending 1",
        "correctCount": 3,
        "startTime": 18,
        "songDuration": 72,
        "songNumber": 32,
        "activePlayerCount": 153,
        "LinkVideo": "https://files.catbox.moe/nw20q4.webm",
        "LinkMp3": "https://files.catbox.moe/gqgyq4.mp3",
        "annId": 22433,
        "songDifficulty": 10.186143103880298,
        "vintage": "Summer 2019",
        "correctPlayers": [
            "EruisKawaii",
            "watashiii",
            "Cirquit"
        ]
    },
    {
        "animeEng": "JAPAN, Our Homeland",
        "animeRomaji": "Furusato JAPAN",
        "songName": "Utau Hito",
        "artist": "KOKIA",
        "type": "Ending 1",
        "correctCount": 1,
        "startTime": 4,
        "songDuration": 258.059238,
        "songNumber": 33,
        "activePlayerCount": 153,
        "LinkVideo": "https://files.catbox.moe/32bfrr.webm",
        "LinkMp3": "https://files.catbox.moe/3w8ei2.mp3",
        "annId": 7540,
        "songDifficulty": 7.169422901459854,
        "vintage": "Spring 2007",
        "correctPlayers": [
            "Rukawa11"
        ]
    },
    {
        "animeEng": "Vandread Turbulence",
        "animeRomaji": "Vandread Gekitou-hen",
        "songName": "JUSTICE",
        "artist": "Aki Kudou",
        "type": "Insert Song",
        "correctCount": 39,
        "startTime": 18,
        "songDuration": 85.488,
        "songNumber": 34,
        "activePlayerCount": 154,
        "LinkVideo": "https://files.catbox.moe/w0hhub.webm",
        "LinkMp3": "https://files.catbox.moe/wtzyr1.mp3",
        "annId": 2344,
        "songDifficulty": 17.13426538716082,
        "vintage": "Fall 2002"
    },
    {
        "animeEng": "Shounen Ashibe GO! GO! Goma-chan",
        "animeRomaji": "Shounen Ashibe GO! GO! Goma-chan",
        "songName": "Smile! Smile! Smile!",
        "artist": "Yuka Ozaki",
        "type": "Opening 1",
        "correctCount": 11,
        "startTime": 14,
        "songDuration": 42.918446,
        "songNumber": 35,
        "activePlayerCount": 156,
        "LinkVideo": "https://files.catbox.moe/msxh07.webm",
        "LinkMp3": "https://files.catbox.moe/6lci5k.mp3",
        "annId": 21889,
        "songDifficulty": 6.3551269940538555,
        "vintage": "Spring 2019"
    },
    {
        "animeEng": "Ushio & Tora",
        "animeRomaji": "Ushio & Tora",
        "songName": "Mazeru na Kiken",
        "artist": "Kinniku Shoujo-tai",
        "type": "Opening 1",
        "correctCount": 64,
        "startTime": 48,
        "songDuration": 88.488,
        "songNumber": 36,
        "activePlayerCount": 157,
        "LinkVideo": "https://files.catbox.moe/wsm83t.webm",
        "LinkMp3": "https://files.catbox.moe/4dbck5.mp3",
        "annId": 16754,
        "songDifficulty": 26.314951715451055,
        "vintage": "Summer 2015"
    },
    {
        "animeEng": "Teekyuu",
        "animeRomaji": "Teekyuu",
        "songName": "Fattoshite Tougenkyou",
        "artist": "Suzuko Mimori",
        "type": "Opening 1",
        "correctCount": 124,
        "startTime": 0,
        "songDuration": 28.872,
        "songNumber": 37,
        "activePlayerCount": 156,
        "LinkVideo": "https://files.catbox.moe/op7c9o.webm",
        "LinkMp3": "https://files.catbox.moe/012qul.mp3",
        "annId": 16639,
        "songDifficulty": 42.18652580029779,
        "vintage": "Spring 2015"
    },
    {
        "animeEng": "The Dragon Dentist",
        "animeRomaji": "Ryuu no Haisha",
        "songName": "Kakurenbo",
        "artist": "DAOKO",
        "type": "Insert Song",
        "correctCount": 11,
        "startTime": 63,
        "songDuration": 99.048,
        "songNumber": 38,
        "activePlayerCount": 157,
        "LinkVideo": "https://files.catbox.moe/4s4rld.webm",
        "LinkMp3": "https://files.catbox.moe/14o5nw.mp3",
        "annId": 18712,
        "songDifficulty": 12.978076253391068,
        "vintage": "Winter 2017"
    },
    {
        "animeEng": "Nisekoi",
        "animeRomaji": "Nisekoi",
        "songName": "Heart Pattern",
        "artist": "Nao Touyama",
        "type": "Ending 1",
        "correctCount": 40,
        "startTime": 25,
        "songDuration": 89.441728,
        "songNumber": 39,
        "activePlayerCount": 158,
        "LinkVideo": "https://files.catbox.moe/ppfwtd.webm",
        "LinkMp3": "https://files.catbox.moe/azq8h7.mp3",
        "annId": 15349,
        "songDifficulty": 16.653667112516214,
        "vintage": "Winter 2014"
    },
    {
        "animeEng": "Back Arrow",
        "animeRomaji": "Back Arrow",
        "songName": "Kodou",
        "artist": "Eir Aoi",
        "type": "Opening 2",
        "correctCount": 19,
        "startTime": 55,
        "songDuration": 89.52,
        "songNumber": 40,
        "activePlayerCount": 159,
        "LinkVideo": "https://files.catbox.moe/enapjp.webm",
        "LinkMp3": "https://files.catbox.moe/3kdxwc.mp3",
        "annId": 22957,
        "songDifficulty": 16.64378397809644,
        "vintage": "Winter 2021"
    },
    {
        "animeEng": "Puella Magi Madoka Magica the Movie Part 2: Eternal",
        "animeRomaji": "Gekijouban Mahou Shoujo Madoka\u2605Magica Kouhen: Eien no Monogatari",
        "songName": "Connect",
        "artist": "ClariS",
        "type": "Insert Song",
        "correctCount": 132,
        "startTime": 8,
        "songDuration": 90.072,
        "songNumber": 41,
        "activePlayerCount": 159,
        "LinkVideo": "https://files.catbox.moe/65zt0n.webm",
        "LinkMp3": "https://files.catbox.moe/wgzrs7.mp3",
        "annId": 14364,
        "songDifficulty": 57.89808112081254,
        "vintage": "Fall 2012"
    },
    {
        "animeEng": "One Off",
        "animeRomaji": "One Off",
        "songName": "Memories ~Poco a Poco Ver.",
        "artist": "Saori Goto, Saori Hayami, Eri Kitamura, Yuko Gibu",
        "type": "Insert Song",
        "correctCount": 18,
        "startTime": 21,
        "songDuration": 99.12,
        "songNumber": 42,
        "activePlayerCount": 159,
        "LinkVideo": "https://files.catbox.moe/7l0n5b.webm",
        "LinkMp3": "https://files.catbox.moe/f11f9y.mp3",
        "annId": 14162,
        "songDifficulty": 19.87930421612265,
        "vintage": "Summer 2012"
    },
    {
        "animeEng": "Hyperdimension Neptunia",
        "animeRomaji": "Choujigen Game Neptune The Animation",
        "songName": "Hard beat\u00d7Break beat",
        "artist": "nao",
        "type": "Insert Song",
        "correctCount": 28,
        "startTime": 36,
        "songDuration": 126.312,
        "songNumber": 43,
        "activePlayerCount": 159,
        "LinkVideo": "https://files.catbox.moe/m96xsd.webm",
        "LinkMp3": "https://files.catbox.moe/r19edj.mp3",
        "annId": 15000,
        "songDifficulty": 19.881314439838434,
        "vintage": "Summer 2013"
    },
    {
        "animeEng": "Evangelion: 3.0+1.0 Thrice Upon a Time",
        "animeRomaji": "Evangelion: 3.0+1.0 Thrice Upon a Time",
        "songName": "One Last Kiss",
        "artist": "Hikaru Utada",
        "type": "Ending 1",
        "correctCount": 65,
        "startTime": 78,
        "songDuration": 251.88,
        "songNumber": 44,
        "activePlayerCount": 159,
        "LinkVideo": "https://files.catbox.moe/9mjfru.webm",
        "LinkMp3": "https://files.catbox.moe/jyv5vn.mp3",
        "annId": 8423,
        "songDifficulty": 32.96039612801829,
        "vintage": "Winter 2021"
    },
    {
        "animeEng": "Guru Guru Town Hanamaru-kun",
        "animeRomaji": "Guru Guru Town Hanamaru-kun",
        "songName": "BE WITH YOU ~Boku-tachi ga Tsuiteiru~",
        "artist": "Yukihide Takekawa & T's COMPANY",
        "type": "Ending 2",
        "correctCount": 1,
        "startTime": 48,
        "songDuration": 76.848,
        "songNumber": 45,
        "activePlayerCount": 159,
        "LinkVideo": "https://files.catbox.moe/p8sw00.webm",
        "LinkMp3": "https://files.catbox.moe/zturv3.mp3",
        "annId": 1425,
        "songDifficulty": 5.427195414739395,
        "vintage": "Fall 1999",
        "correctPlayers": [
            "Hejsan"
        ]
    },
    {
        "animeEng": "GTO: The Animation",
        "animeRomaji": "GTO: The Animation",
        "songName": "Driver's High",
        "artist": "L'Arc~en~Ciel",
        "type": "Opening 1",
        "correctCount": 82,
        "startTime": 13,
        "songDuration": 97.56,
        "songNumber": 46,
        "activePlayerCount": 159,
        "LinkVideo": "https://files.catbox.moe/l3yi36.webm",
        "LinkMp3": "https://files.catbox.moe/9wpiyn.mp3",
        "annId": 153,
        "songDifficulty": 39.05966534922897,
        "vintage": "Spring 1999"
    },
    {
        "animeEng": "The Monster of Frankenstein",
        "animeRomaji": "Kyoufu Densetsu: Kaiki! Frankenstein",
        "songName": "Futari no Sora",
        "artist": "Satoko Yamano",
        "type": "Insert Song",
        "correctCount": 0,
        "startTime": 50,
        "songDuration": 92.616,
        "songNumber": 47,
        "activePlayerCount": 160,
        "LinkVideo": "https://files.catbox.moe/tol9l5.webm",
        "LinkMp3": "https://files.catbox.moe/k33c53.mp3",
        "annId": 3934,
        "songDifficulty": 5.192785826725746,
        "vintage": "Summer 1981"
    },
    {
        "animeEng": "Negima!?",
        "animeRomaji": "Negima!?",
        "songName": "A-LY-YA!",
        "artist": "Madoka Kimura, Kotomi Yamakawa, Azumi Asakura, Ai Bandou",
        "type": "Ending 6",
        "correctCount": 22,
        "startTime": 57,
        "songDuration": 89.496,
        "songNumber": 48,
        "activePlayerCount": 160,
        "LinkVideo": "https://files.catbox.moe/vx0ukk.webm",
        "LinkMp3": "https://files.catbox.moe/anpl6z.mp3",
        "annId": 6708,
        "songDifficulty": 22.039981617647058,
        "vintage": "Fall 2006"
    },
    {
        "animeEng": "Ai Yori Aoshi",
        "animeRomaji": "Ai Yori Aoshi",
        "songName": "I'll Be Home",
        "artist": "Satsuki Yukino",
        "type": "Ending 3",
        "correctCount": 4,
        "startTime": 6,
        "songDuration": 86.304,
        "songNumber": 49,
        "activePlayerCount": 160,
        "LinkVideo": "https://files.catbox.moe/oalg35.webm",
        "LinkMp3": "https://files.catbox.moe/gbkfye.mp3",
        "annId": 833,
        "songDifficulty": 10.604177603137352,
        "vintage": "Spring 2002",
        "correctPlayers": [
            "watashiii",
            "Pratasz",
            "SimpleFlips",
            "Jlin2"
        ]
    },
    {
        "animeEng": "Digimon Tamers",
        "animeRomaji": "Digimon Tamers",
        "songName": "The Biggest Dreamer",
        "artist": "Kouji Wada",
        "type": "Opening 1",
        "correctCount": 71,
        "startTime": 19,
        "songDuration": 89.688,
        "songNumber": 50,
        "activePlayerCount": 160,
        "LinkVideo": "https://files.catbox.moe/11r92o.webm",
        "LinkMp3": "https://files.catbox.moe/w7zr4v.mp3",
        "annId": 2171,
        "songDifficulty": 40.89838649698372,
        "vintage": "Spring 2001"
    },
    {
        "animeEng": "Ojamajo Doremi #",
        "animeRomaji": "Ojamajo Doremi #",
        "songName": "Tomodachi no Uta",
        "artist": "MAHO-dou",
        "type": "Insert Song",
        "correctCount": 9,
        "startTime": 32,
        "songDuration": 73.056,
        "songNumber": 51,
        "activePlayerCount": 159,
        "LinkVideo": "https://files.catbox.moe/c35tib.webm",
        "LinkMp3": "https://files.catbox.moe/74svhv.mp3",
        "annId": 1652,
        "songDifficulty": 25.300992670747423,
        "vintage": "Winter 2000"
    },
    {
        "animeEng": "Magical Sempai",
        "animeRomaji": "Tejina Senpai",
        "songName": "FANTASTIC ILLUSION",
        "artist": "i\u2606Ris",
        "type": "Opening 1",
        "correctCount": 69,
        "startTime": 5,
        "songDuration": 59.04,
        "songNumber": 52,
        "activePlayerCount": 159,
        "LinkVideo": "https://files.catbox.moe/m1s7l7.webm",
        "LinkMp3": "https://files.catbox.moe/q4jgbs.mp3",
        "annId": 21549,
        "songDifficulty": 28.337960797155688,
        "vintage": "Summer 2019"
    },
    {
        "animeEng": "Echigo Bakufu",
        "animeRomaji": "Echigo Bakufu",
        "songName": "Noutenki",
        "artist": "Kaito Okuzaki",
        "type": "Opening 1",
        "correctCount": 6,
        "startTime": 1,
        "songDuration": 30.432,
        "songNumber": 53,
        "activePlayerCount": 158,
        "LinkVideo": "https://files.catbox.moe/903soj.webm",
        "LinkMp3": "https://files.catbox.moe/15bpcp.mp3",
        "annId": 25510,
        "songDifficulty": 9.108540028651387,
        "vintage": "Winter 2022"
    },
    {
        "animeEng": "Assassination Classroom",
        "animeRomaji": "Ansatsu Kyoushitsu",
        "songName": "Seishun Satsubatsuron",
        "artist": "3-nen E-gumi Shuugakuryokou 4-han",
        "type": "Opening 2",
        "correctCount": 133,
        "startTime": 35,
        "songDuration": 87.408,
        "songNumber": 54,
        "activePlayerCount": 159,
        "LinkVideo": "https://files.catbox.moe/0y9gd2.webm",
        "LinkMp3": "https://files.catbox.moe/ns33pi.mp3",
        "annId": 16142,
        "songDifficulty": 52.66589199437343,
        "vintage": "Winter 2015"
    },
    {
        "animeEng": ".hack//SIGN",
        "animeRomaji": ".hack//SIGN",
        "songName": "Aura",
        "artist": "Emily Bindiger",
        "type": "Insert Song",
        "correctCount": 39,
        "startTime": 4,
        "songDuration": 167.664,
        "songNumber": 55,
        "activePlayerCount": 158,
        "LinkVideo": "https://files.catbox.moe/xq1m9f.webm",
        "LinkMp3": "https://files.catbox.moe/uuoql6.mp3",
        "annId": 605,
        "songDifficulty": 28.198440619454303,
        "vintage": "Spring 2002"
    },
    {
        "animeEng": "Boogiepop and Others",
        "animeRomaji": "Boogiepop wa Warawanai",
        "songName": "shadowgraph",
        "artist": "MYTH & ROID",
        "type": "Opening 1",
        "correctCount": 82,
        "startTime": 51,
        "songDuration": 89.064,
        "songNumber": 56,
        "activePlayerCount": 156,
        "LinkVideo": "https://files.catbox.moe/vikz0t.webm",
        "LinkMp3": "https://files.catbox.moe/kg1lvb.mp3",
        "annId": 21201,
        "songDifficulty": 32.488174529102324,
        "vintage": "Winter 2019"
    },
    {
        "animeEng": "Monster Strike: A Rhapsody Called Lucy - The Very First Song",
        "animeRomaji": "Senritsu no Lucifer: Tada Hitotsu no Hajimari no Uta",
        "songName": "Perfect Glory ~Senritsu no Kanata e~",
        "artist": "Yoko Hikasa",
        "type": "Insert Song",
        "correctCount": 3,
        "startTime": 7,
        "songDuration": 105.504,
        "songNumber": 57,
        "activePlayerCount": 157,
        "LinkVideo": "https://files.catbox.moe/o26wse.webm",
        "LinkMp3": "https://files.catbox.moe/m3ley0.mp3",
        "annId": 19673,
        "songDifficulty": 10.071270124104132,
        "vintage": "Spring 2017",
        "correctPlayers": [
            "linkviii",
            "bamboo",
            "blissfulyoshi"
        ]
    },
    {
        "animeEng": "First Kiss Story: Kiss kara Hajimaru Monogatari",
        "animeRomaji": "First Kiss Story: Kiss kara Hajimaru Monogatari",
        "songName": "Believe in Love",
        "artist": "Natsumi Yanase",
        "type": "Insert Song",
        "correctCount": 5,
        "startTime": 43,
        "songDuration": 110.352,
        "songNumber": 58,
        "activePlayerCount": 157,
        "LinkVideo": "https://files.catbox.moe/a5wgh6.webm",
        "LinkMp3": "https://files.catbox.moe/9b3bdt.mp3",
        "annId": 3245,
        "songDifficulty": 6.637051558613184,
        "vintage": "Winter 2000",
        "correctPlayers": [
            "watashiii",
            "VineRosy",
            "Carlos1218",
            "Cofe",
            "Rukawa11"
        ]
    },
    {
        "animeEng": "Fire Force Season 2",
        "animeRomaji": "Enen no Shouboutai: Ni no Shou",
        "songName": "Torch of Liberty",
        "artist": "KANA-BOON",
        "type": "Opening 2",
        "correctCount": 74,
        "startTime": 14,
        "songDuration": 89.568,
        "songNumber": 59,
        "activePlayerCount": 157,
        "LinkVideo": "https://files.catbox.moe/2utlr0.webm",
        "LinkMp3": "https://files.catbox.moe/gac1dl.mp3",
        "annId": 22952,
        "songDifficulty": 30.125672413062816,
        "vintage": "Summer 2020"
    },
    {
        "animeEng": "Fantastic Children",
        "animeRomaji": "Fantastic Children",
        "songName": "Voyage",
        "artist": "Inori",
        "type": "Opening 1",
        "correctCount": 8,
        "startTime": 11,
        "songDuration": 89.064,
        "songNumber": 60,
        "activePlayerCount": 157,
        "LinkVideo": "https://files.catbox.moe/0idtj6.webm",
        "LinkMp3": "https://files.catbox.moe/fvq9bz.mp3",
        "annId": 4241,
        "songDifficulty": 11.026573458127062,
        "vintage": "Fall 2004"
    },
    {
        "animeEng": "Shin Dosei Jidai: Hawaiian Breeze",
        "animeRomaji": "Shin Dosei Jidai: Hawaiian Breeze",
        "songName": "Ai Sareru Yuuki",
        "artist": "King Biscuit Time",
        "type": "Ending 1",
        "correctCount": 2,
        "startTime": 17,
        "songDuration": 225.624,
        "songNumber": 61,
        "activePlayerCount": 157,
        "LinkVideo": "https://files.catbox.moe/jpyaw0.webm",
        "LinkMp3": "https://files.catbox.moe/uyhbco.mp3",
        "annId": 7357,
        "songDifficulty": 7.556096146342291,
        "vintage": "Summer 1992",
        "correctPlayers": [
            "watashiii",
            "minette"
        ]
    },
    {
        "animeEng": "Tiger & Bunny the Movie: The Beginning",
        "animeRomaji": "Gekijouban Tiger & Bunny: The Beginning",
        "songName": "Earth Diver",
        "artist": "NOVELS",
        "type": "Opening 1",
        "correctCount": 8,
        "startTime": 42,
        "songDuration": 89.112,
        "songNumber": 62,
        "activePlayerCount": 156,
        "LinkVideo": "https://files.catbox.moe/j0yfwh.webm",
        "LinkMp3": "https://files.catbox.moe/lt7lc4.mp3",
        "annId": 13781,
        "songDifficulty": 7.67319940736529,
        "vintage": "Summer 2012"
    },
    {
        "animeEng": "Food Wars! Shokugeki no Soma",
        "animeRomaji": "Shokugeki no Souma",
        "songName": "Kibou no Uta",
        "artist": "ULTRA TOWER",
        "type": "Opening 1",
        "correctCount": 138,
        "startTime": 53,
        "songDuration": 88.999167,
        "songNumber": 63,
        "activePlayerCount": 154,
        "LinkVideo": "https://files.catbox.moe/myu5fk.webm",
        "LinkMp3": "https://files.catbox.moe/dtbgrd.mp3",
        "annId": 16344,
        "songDifficulty": 47.1211480248933,
        "vintage": "Spring 2015"
    },
    {
        "animeEng": "Tiger Mask",
        "animeRomaji": "Tiger Mask",
        "songName": "Minashigo no Ballad",
        "artist": "Hideyo Morimoto",
        "type": "Ending 1",
        "correctCount": 9,
        "startTime": 0,
        "songDuration": 77.808,
        "songNumber": 64,
        "activePlayerCount": 155,
        "LinkVideo": "https://files.catbox.moe/ae6c8t.webm",
        "LinkMp3": "https://files.catbox.moe/g22m80.mp3",
        "annId": 1449,
        "songDifficulty": 12.99290628965736,
        "vintage": "Fall 1969"
    },
    {
        "animeEng": "Saki Episode of Side A",
        "animeRomaji": "Saki Achiga-hen Episode of Side-A",
        "songName": "Futuristic Player",
        "artist": "Miyuki Hashimoto",
        "type": "Ending 2",
        "correctCount": 11,
        "startTime": 9,
        "songDuration": 91.488,
        "songNumber": 65,
        "activePlayerCount": 160,
        "LinkVideo": "https://files.catbox.moe/kppqfz.webm",
        "LinkMp3": "https://files.catbox.moe/amseaa.mp3",
        "annId": 13661,
        "songDifficulty": 14.576037176724139,
        "vintage": "Spring 2012"
    },
    {
        "animeEng": "Space\u2606Dandy",
        "animeRomaji": "Space\u2606Dandy",
        "songName": "Space\u2606Dandy",
        "artist": "ZEN-LA-ROCK feat. Yomeiri Land",
        "type": "Ending 4",
        "correctCount": 71,
        "startTime": 58,
        "songDuration": 101.568,
        "songNumber": 66,
        "activePlayerCount": 160,
        "LinkVideo": "https://files.catbox.moe/i5dddj.webm",
        "LinkMp3": "https://files.catbox.moe/2kah3d.mp3",
        "annId": 16029,
        "songDifficulty": 36.30605045889551,
        "vintage": "Summer 2014"
    },
    {
        "animeEng": "Kids on the Slope",
        "animeRomaji": "Sakamichi no Apollon",
        "songName": "But not for me",
        "artist": "Junichi Suwabe",
        "type": "Insert Song",
        "correctCount": 48,
        "startTime": 1,
        "songDuration": 56.64,
        "songNumber": 67,
        "activePlayerCount": 161,
        "LinkVideo": "https://files.catbox.moe/p2e7y3.webm",
        "LinkMp3": "https://files.catbox.moe/02d98v.mp3",
        "annId": 13944,
        "songDifficulty": 30.530846092123525,
        "vintage": "Spring 2012"
    },
    {
        "animeEng": "FLCL",
        "animeRomaji": "Furi Kuri",
        "songName": "I think I can",
        "artist": "the pillows",
        "type": "Insert Song",
        "correctCount": 69,
        "startTime": 1,
        "songDuration": 161.232,
        "songNumber": 68,
        "activePlayerCount": 160,
        "LinkVideo": "https://files.catbox.moe/vr81uj.webm",
        "LinkMp3": "https://files.catbox.moe/27a320.mp3",
        "annId": 277,
        "songDifficulty": 44.4251983484456,
        "vintage": "Spring 2000"
    },
    {
        "animeEng": "Fire Force",
        "animeRomaji": "Enen no Shouboutai",
        "songName": "veil",
        "artist": "Keina Suda",
        "type": "Ending 1",
        "correctCount": 99,
        "startTime": 37,
        "songDuration": 89.064,
        "songNumber": 69,
        "activePlayerCount": 160,
        "LinkVideo": "https://files.catbox.moe/ilq13x.webm",
        "LinkMp3": "https://files.catbox.moe/wm4sr2.mp3",
        "annId": 21852,
        "songDifficulty": 43.733139501327486,
        "vintage": "Summer 2019"
    },
    {
        "animeEng": "Tari Tari",
        "animeRomaji": "Tari Tari",
        "songName": "Kokoro no Senritsu (#06 ED Ver.)",
        "artist": "Shirahamazaka Koukou Gasshou-bu",
        "type": "Ending 4",
        "correctCount": 72,
        "startTime": 14,
        "songDuration": 128.568,
        "songNumber": 70,
        "activePlayerCount": 160,
        "LinkVideo": "https://files.catbox.moe/grfl44.webm",
        "LinkMp3": "https://files.catbox.moe/4avm6s.mp3",
        "annId": 14167,
        "songDifficulty": 33.416791003536694,
        "vintage": "Summer 2012"
    },
    {
        "animeEng": "Hell Teacher Nube",
        "animeRomaji": "Jigoku Sensei Nube",
        "songName": "HURT",
        "artist": "CASH",
        "type": "Ending 1",
        "correctCount": 0,
        "startTime": 30,
        "songDuration": 85.656,
        "songNumber": 71,
        "activePlayerCount": 160,
        "LinkVideo": "https://files.catbox.moe/f1lnl5.webm",
        "LinkMp3": "https://files.catbox.moe/6cnxhg.mp3",
        "annId": 4089,
        "songDifficulty": 12.398866523816748,
        "vintage": "Spring 1998"
    },
    {
        "animeEng": "League of Nations Air Force Aviation Magic Band Luminous Witches",
        "animeRomaji": "Renmei Kuugun Koukuu Mahou Ongakutai Luminous Witches",
        "songName": "Watashi to Minna no Uta",
        "artist": "Ami Aimoto & Ryou Mamiya",
        "type": "Ending 2",
        "correctCount": 15,
        "startTime": 37,
        "songDuration": 89.232,
        "songNumber": 72,
        "activePlayerCount": 160,
        "LinkVideo": "https://files.catbox.moe/09egok.webm",
        "LinkMp3": "https://files.catbox.moe/4e3sw6.mp3",
        "annId": 24669,
        "songDifficulty": 27.750489463529057,
        "vintage": "Summer 2022"
    },
    {
        "animeEng": "Mobile Suit Gundam F91",
        "animeRomaji": "Kidou Senshi Gundam F91",
        "songName": "ETERNAL WIND ~Hohoemi wa Hikaru Kaze no Naka",
        "artist": "Hiroko Moriguchi",
        "type": "Ending 1",
        "correctCount": 18,
        "startTime": 22,
        "songDuration": 280.056,
        "songNumber": 73,
        "activePlayerCount": 160,
        "LinkVideo": "https://files.catbox.moe/l2vctj.webm",
        "LinkMp3": "https://files.catbox.moe/8wx4xy.mp3",
        "annId": 1402,
        "songDifficulty": 19.974260494330537,
        "vintage": "Winter 1991"
    },
    {
        "animeEng": "Teekyuu",
        "animeRomaji": "Teekyuu",
        "songName": "Koyoi Festival",
        "artist": "Kyouko Narumi",
        "type": "Opening 1",
        "correctCount": 77,
        "startTime": 0,
        "songDuration": 29.016,
        "songNumber": 74,
        "activePlayerCount": 159,
        "LinkVideo": "https://files.catbox.moe/804znu.webm",
        "LinkMp3": "https://files.catbox.moe/ryz14q.mp3",
        "annId": 14613,
        "songDifficulty": 34.33191494360902,
        "vintage": "Fall 2012"
    },
    {
        "animeEng": "Skyers 5",
        "animeRomaji": "Skyers 5",
        "songName": "Skyers 5",
        "artist": "Honey Knights",
        "type": "Opening 1",
        "correctCount": 39,
        "startTime": 15,
        "songDuration": 68.753104,
        "songNumber": 75,
        "activePlayerCount": 159,
        "LinkVideo": "https://files.catbox.moe/krouhs.webm",
        "LinkMp3": "https://files.catbox.moe/9rna0t.mp3",
        "annId": 2370,
        "songDifficulty": 22.907670797153884,
        "vintage": "Fall 1967"
    },
    {
        "animeEng": "Galaxy Angel Z",
        "animeRomaji": "Galaxy Angel Z",
        "songName": "Happy Question",
        "artist": "Angel-tai",
        "type": "Ending 1",
        "correctCount": 8,
        "startTime": 9,
        "songDuration": 87.072,
        "songNumber": 76,
        "activePlayerCount": 158,
        "LinkVideo": "https://files.catbox.moe/wy875n.webm",
        "LinkMp3": "https://files.catbox.moe/o22fad.mp3",
        "annId": 1346,
        "songDifficulty": 17.931667619410568,
        "vintage": "Winter 2002"
    },
    {
        "animeEng": "The Secret World of Arrietty",
        "animeRomaji": "Karigurashi no Arrietty",
        "songName": "Yukashita no Wagaya",
        "artist": "C\u00e9cile Corbel",
        "type": "Insert Song",
        "correctCount": 29,
        "startTime": 80,
        "songDuration": 191.955,
        "songNumber": 77,
        "activePlayerCount": 158,
        "LinkVideo": "https://files.catbox.moe/lv9l9p.webm",
        "annId": 11212,
        "songDifficulty": 42.857142857142854,
        "vintage": "Summer 2010"
    },
    {
        "animeEng": "To LOVE-Ru",
        "animeRomaji": "To LOVE-Ru",
        "songName": "forever we can make it!",
        "artist": "THYME",
        "type": "Opening 1",
        "correctCount": 87,
        "startTime": 3,
        "songDuration": 89.88,
        "songNumber": 78,
        "activePlayerCount": 159,
        "LinkVideo": "https://files.catbox.moe/c6cw17.webm",
        "LinkMp3": "https://files.catbox.moe/nasenk.mp3",
        "annId": 9091,
        "songDifficulty": 34.9433508453323,
        "vintage": "Spring 2008"
    },
    {
        "animeEng": "Dragon Ball Z: Bardock - The Father of Goku",
        "animeRomaji": "Dragon Ball Z: Tatta Hitori no Saishuu Kessen - Freezer ni Idonda Z Senshi Son Goku no Chichi",
        "songName": "CHA-LA HEAD-CHA-LA",
        "artist": "Hironobu Kageyama",
        "type": "Opening 1",
        "correctCount": 134,
        "startTime": 13,
        "songDuration": 107.074078,
        "songNumber": 79,
        "activePlayerCount": 159,
        "LinkVideo": "https://files.catbox.moe/r5o3zy.webm",
        "LinkMp3": "https://files.catbox.moe/ewehoa.mp3",
        "annId": 104,
        "songDifficulty": 61.97529911231185,
        "vintage": "Fall 1990"
    },
    {
        "animeEng": "Gekijouban Aikatsu!",
        "animeRomaji": "Gekijouban Aikatsu!",
        "songName": "Aikatsu! Ending Medley ~PandaBoY MIX~",
        "artist": "STAR\u2606ANIS",
        "type": "Ending 1",
        "correctCount": 42,
        "startTime": 105,
        "songDuration": 213.6,
        "songNumber": 80,
        "activePlayerCount": 158,
        "LinkVideo": "https://files.catbox.moe/tj1lcp.webm",
        "LinkMp3": "https://files.catbox.moe/69s8aa.mp3",
        "annId": 15991,
        "songDifficulty": 30.015090547411518,
        "vintage": "Fall 2014"
    },
    {
        "animeEng": "Lucky Star",
        "animeRomaji": "Lucky Star",
        "songName": "Sailor Fuku to Kikanjuu",
        "artist": "Emiri Katou",
        "type": "Ending 4",
        "correctCount": 125,
        "startTime": 20,
        "songDuration": 89.664,
        "songNumber": 81,
        "activePlayerCount": 157,
        "LinkVideo": "https://files.catbox.moe/vxe9wr.webm",
        "LinkMp3": "https://files.catbox.moe/fa34mq.mp3",
        "annId": 7222,
        "songDifficulty": 61.660271778916545,
        "vintage": "Spring 2007"
    },
    {
        "animeEng": "Mardock Scramble: The First Compression",
        "animeRomaji": "Mardock Scramble: The First Compression",
        "songName": "Amazing Grace for Balot",
        "artist": "Minako Honda",
        "type": "Ending 1",
        "correctCount": 0,
        "startTime": 92,
        "songDuration": 264.912,
        "songNumber": 82,
        "activePlayerCount": 158,
        "LinkVideo": "https://files.catbox.moe/t8jxyc.webm",
        "LinkMp3": "https://files.catbox.moe/ncp869.mp3",
        "annId": 11338,
        "songDifficulty": 10.349472326735047,
        "vintage": "Fall 2010"
    },
    {
        "animeEng": "Magical Suite Prism Nana",
        "animeRomaji": "Magical Suite Prism Nana",
        "songName": "Yume to Kibou no Treue",
        "artist": "Yoshino Nanjou",
        "type": "Insert Song",
        "correctCount": 2,
        "startTime": 16,
        "songDuration": 114.792,
        "songNumber": 83,
        "activePlayerCount": 156,
        "LinkVideo": "https://files.catbox.moe/3y4lb7.webm",
        "LinkMp3": "https://files.catbox.moe/kfbmi7.mp3",
        "annId": 14918,
        "songDifficulty": 12.638271545031056,
        "vintage": "Fall 2015",
        "correctPlayers": [
            "HaruNatsuAkiFuyu",
            "MaikaLover233"
        ]
    },
    {
        "animeEng": "Koisuru Tenshi Angelique: Kagayaki no Ashita",
        "animeRomaji": "Koisuru Tenshi Angelique: Kagayaki no Ashita",
        "songName": "Doukoku no Ame",
        "artist": "GRANRODEO",
        "type": "Opening 1",
        "correctCount": 5,
        "startTime": 6,
        "songDuration": 85.416,
        "songNumber": 84,
        "activePlayerCount": 157,
        "LinkVideo": "https://files.catbox.moe/oj3i71.webm",
        "LinkMp3": "https://files.catbox.moe/0yrrjk.mp3",
        "annId": 6865,
        "songDifficulty": 9.372484088490504,
        "vintage": "Winter 2007",
        "correctPlayers": [
            "Danchoo",
            "Lana_chan",
            "Rukawa11",
            "scooter_mama",
            "theyingster"
        ]
    },
    {
        "animeEng": "Blood Blockade Battlefront & Beyond",
        "animeRomaji": "Kekkai Sensen & Beyond",
        "songName": "In the City",
        "artist": "Saucy Lady",
        "type": "Insert Song",
        "correctCount": 49,
        "startTime": 0,
        "songDuration": 38.112,
        "songNumber": 85,
        "activePlayerCount": 148,
        "LinkVideo": "https://files.catbox.moe/cso3bz.webm",
        "LinkMp3": "https://files.catbox.moe/r6vhxm.mp3",
        "annId": 18900,
        "songDifficulty": 31.70756761442441,
        "vintage": "Summer 2017"
    }
]