[
    {
        "animeEng": "BanG Dream!",
        "animeRomaji": "BanG Dream!",
        "songName": "Kirakira Boshi ~Hajimari no Stage Ver.~",
        "artist": "Aimi",
        "type": "Insert Song",
        "correctCount": 34,
        "startTime": 4,
        "songDuration": 80.568,
        "songNumber": 1,
        "activePlayerCount": 122,
        "LinkVideo": "https://files.catbox.moe/8tpjum.webm",
        "LinkMp3": "https://files.catbox.moe/0ltt6j.mp3",
        "annId": 18693,
        "songDifficulty": 39.68739270386266,
        "vintage": "Winter 2017"
    },
    {
        "animeEng": "Journey of Adventure: PLUSTERWORLD",
        "animeRomaji": "Bouken Yuuki Pluster World",
        "songName": "Kaze no Kunshou",
        "artist": "Seiji Katsu",
        "type": "Opening 2",
        "correctCount": 10,
        "startTime": 5,
        "songDuration": 88.92,
        "songNumber": 2,
        "activePlayerCount": 130,
        "LinkVideo": "https://files.catbox.moe/1erw2e.webm",
        "LinkMp3": "https://files.catbox.moe/itc6d0.mp3",
        "annId": 2529,
        "songDifficulty": 6.902593549513659,
        "vintage": "Spring 2003"
    },
    {
        "animeEng": "Super Pig",
        "animeRomaji": "Ai to Yuuki no Pig Girl Tonde Buurin",
        "songName": "Buurin a la Mode",
        "artist": "PARQUETS",
        "type": "Ending 1",
        "correctCount": 13,
        "startTime": 2,
        "songDuration": 83.856,
        "songNumber": 3,
        "activePlayerCount": 133,
        "LinkVideo": "https://files.catbox.moe/bgzvhw.webm",
        "LinkMp3": "https://files.catbox.moe/hpapgb.mp3",
        "annId": 1067,
        "songDifficulty": 11.992130543742405,
        "vintage": "Summer 1994"
    },
    {
        "animeEng": "Grenadier",
        "animeRomaji": "Grenadier: Hohoemi no Senshi",
        "songName": "Kanashimi ni Makenaide",
        "artist": "Mikuni Shimokawa",
        "type": "Ending 1",
        "correctCount": 7,
        "startTime": 58,
        "songDuration": 89.064,
        "songNumber": 4,
        "activePlayerCount": 135,
        "LinkVideo": "https://files.catbox.moe/ymd05u.webm",
        "LinkMp3": "https://files.catbox.moe/r744uo.mp3",
        "annId": 4443,
        "songDifficulty": 8.707065902217742,
        "vintage": "Fall 2004"
    },
    {
        "animeEng": "Digimon: Data Squad",
        "animeRomaji": "Digimon Savers",
        "songName": "Gou-ing! Going! My Soul!!",
        "artist": "Dynamite SHU",
        "type": "Ending 3",
        "correctCount": 28,
        "startTime": 2,
        "songDuration": 60.12,
        "songNumber": 5,
        "activePlayerCount": 136,
        "LinkVideo": "https://files.catbox.moe/okyfoh.webm",
        "LinkMp3": "https://files.catbox.moe/jw7gy6.mp3",
        "annId": 6230,
        "songDifficulty": 26.76587693147464,
        "vintage": "Spring 2006"
    },
    {
        "animeEng": "Sailor Moon R",
        "animeRomaji": "Bishoujo Senshi Sailor Moon R",
        "songName": "Moonlight Densetsu",
        "artist": "DALI",
        "type": "Opening 1",
        "correctCount": 98,
        "startTime": 50,
        "songDuration": 81.048,
        "songNumber": 6,
        "activePlayerCount": 139,
        "LinkVideo": "https://files.catbox.moe/3x26hk.webm",
        "LinkMp3": "https://files.catbox.moe/qej8ss.mp3",
        "annId": 213,
        "songDifficulty": 66.64251856139231,
        "vintage": "Winter 1993"
    },
    {
        "animeEng": "King of Prism: PRIDE the HERO",
        "animeRomaji": "King of Prism: PRIDE the HERO",
        "songName": "Over the Sunshine!",
        "artist": "Junta Terashima",
        "type": "Insert Song",
        "correctCount": 13,
        "startTime": 90,
        "songDuration": 184.248,
        "songNumber": 7,
        "activePlayerCount": 140,
        "LinkVideo": "https://files.catbox.moe/49k09i.webm",
        "LinkMp3": "https://files.catbox.moe/qx71f2.mp3",
        "annId": 18731,
        "songDifficulty": 19.7821435546875,
        "vintage": "Spring 2017"
    },
    {
        "animeEng": "My Next Life as a Villainess: All Routes Lead to Doom! X",
        "animeRomaji": "Hamefura X",
        "songName": "Otome no Route wa Hitotsu ja Nai!",
        "artist": "angela",
        "type": "Ending 2",
        "correctCount": 103,
        "startTime": 9,
        "songDuration": 101.184,
        "songNumber": 8,
        "activePlayerCount": 140,
        "LinkVideo": "https://files.catbox.moe/5il96o.webm",
        "LinkMp3": "https://files.catbox.moe/5p8qgr.mp3",
        "annId": 23895,
        "songDifficulty": 44.983742563863295,
        "vintage": "Summer 2021"
    },
    {
        "animeEng": "Tales of Zestiria the X",
        "animeRomaji": "Tales of Zestiria the X",
        "songName": "Kaze no Uta",
        "artist": "FLOW",
        "type": "Opening 1",
        "correctCount": 112,
        "startTime": 49,
        "songDuration": 88.032,
        "songNumber": 9,
        "activePlayerCount": 141,
        "LinkVideo": "https://files.catbox.moe/ccgu8n.webm",
        "LinkMp3": "https://files.catbox.moe/ehnpcq.mp3",
        "annId": 18072,
        "songDifficulty": 34.36445218110136,
        "vintage": "Summer 2016"
    },
    {
        "animeEng": "SHIMONETA: A Boring World Where the Concept of Dirty Jokes Doesn\u2019t Exist",
        "animeRomaji": "Shimoneta to Iu Gainen ga Sonzai Shinai Taikutsu na Sekai",
        "songName": "B Chiku Sentai SOX",
        "artist": "SOX",
        "type": "Opening 1",
        "correctCount": 67,
        "startTime": 16,
        "songDuration": 89.76,
        "songNumber": 10,
        "activePlayerCount": 143,
        "LinkVideo": "https://files.catbox.moe/j9bpdp.webm",
        "LinkMp3": "https://files.catbox.moe/fzb1kx.mp3",
        "annId": 16731,
        "songDifficulty": 32.40943380788742,
        "vintage": "Summer 2015"
    },
    {
        "animeEng": "Haven't You Heard? I'm Sakamoto",
        "animeRomaji": "Sakamoto desu ga?",
        "songName": "Nakushita Hibi ni Sayonara",
        "artist": "Suneohair",
        "type": "Ending 1",
        "correctCount": 52,
        "startTime": 11,
        "songDuration": 89.856,
        "songNumber": 11,
        "activePlayerCount": 141,
        "LinkVideo": "https://files.catbox.moe/4cqqu9.webm",
        "LinkMp3": "https://files.catbox.moe/2szg1v.mp3",
        "annId": 17991,
        "songDifficulty": 15.934052331761878,
        "vintage": "Spring 2016"
    },
    {
        "animeEng": "City Hunter: Bay City Wars",
        "animeRomaji": "City Hunter: Bay City Wars",
        "songName": "Rock My Love",
        "artist": "Yoko Oginome",
        "type": "Ending 1",
        "correctCount": 6,
        "startTime": 40,
        "songDuration": 140.568,
        "songNumber": 12,
        "activePlayerCount": 144,
        "LinkVideo": "https://files.catbox.moe/ah2zi3.webm",
        "LinkMp3": "https://files.catbox.moe/0g91lf.mp3",
        "annId": 549,
        "songDifficulty": 8.301497579743408,
        "vintage": "Summer 1990"
    },
    {
        "animeEng": "Fate/Zero",
        "animeRomaji": "Fate/Zero",
        "songName": "oath sign",
        "artist": "LiSA",
        "type": "Opening 1",
        "correctCount": 102,
        "startTime": 33,
        "songDuration": 90.072,
        "songNumber": 13,
        "activePlayerCount": 148,
        "LinkVideo": "https://files.catbox.moe/qgy2zu.webm",
        "LinkMp3": "https://files.catbox.moe/txss3m.mp3",
        "annId": 12376,
        "songDifficulty": 42.39944850393077,
        "vintage": "Fall 2011"
    },
    {
        "animeEng": "Little Remi and Famous Dog Kapi",
        "animeRomaji": "Chibikko Remi to Meiken Kapi",
        "songName": "Remi no Uta",
        "artist": "Fontaine Harmony, Etsuko Ichihara, Yukari Asai, Seisoku Tomotake",
        "type": "Opening 1",
        "correctCount": 11,
        "startTime": 20,
        "songDuration": 72.288,
        "songNumber": 14,
        "activePlayerCount": 146,
        "LinkVideo": "https://files.catbox.moe/98on47.webm",
        "LinkMp3": "https://files.catbox.moe/oxyjy2.mp3",
        "annId": 3567,
        "songDifficulty": 10.030887088260135,
        "vintage": "Winter 1970"
    },
    {
        "animeEng": "Fuuto Pi",
        "animeRomaji": "Fuuto Tantei",
        "songName": "Tsumi to Batsu to Angura",
        "artist": "Mitsuru Matsuoka",
        "type": "Ending 1",
        "correctCount": 10,
        "startTime": 36,
        "songDuration": 89.352,
        "songNumber": 15,
        "activePlayerCount": 151,
        "LinkVideo": "https://files.catbox.moe/v1w4c8.webm",
        "LinkMp3": "https://files.catbox.moe/7hsacc.mp3",
        "annId": 24218,
        "songDifficulty": 36.74732541454082,
        "vintage": "Summer 2022"
    },
    {
        "animeEng": "True Tears",
        "animeRomaji": "True Tears",
        "songName": "Reflectia",
        "artist": "eufonius",
        "type": "Ending 2",
        "correctCount": 52,
        "startTime": 59,
        "songDuration": 89.28,
        "songNumber": 16,
        "activePlayerCount": 153,
        "LinkVideo": "https://files.catbox.moe/4qadpg.webm",
        "LinkMp3": "https://files.catbox.moe/18d6ul.mp3",
        "annId": 6257,
        "songDifficulty": 31.044779730566738,
        "vintage": "Winter 2008"
    },
    {
        "animeEng": "gdgd Fairies",
        "animeRomaji": "gdgd Fairies",
        "songName": "Zoku\u30fbOide yo! Yousei no Mori",
        "artist": "gdgd Fairies",
        "type": "Opening 2",
        "correctCount": 87,
        "startTime": 20,
        "songDuration": 49.368,
        "songNumber": 17,
        "activePlayerCount": 153,
        "LinkVideo": "https://files.catbox.moe/mjl8t7.webm",
        "LinkMp3": "https://files.catbox.moe/7fcpin.mp3",
        "annId": 14973,
        "songDifficulty": 27.630995969573114,
        "vintage": "Winter 2013"
    },
    {
        "animeEng": "Star\u2606Twinkle Precure",
        "animeRomaji": "Star\u2606Twinkle Precure",
        "songName": "Star Color Pendant! Color Charge! (Quintet Version)",
        "artist": "Eimi Naruse, Kiyono Yasuno, Konomi Kohara, Mikako Komatsu, Sumire Uesaka",
        "type": "Insert Song",
        "correctCount": 61,
        "startTime": 79,
        "songDuration": 118.056,
        "songNumber": 18,
        "activePlayerCount": 153,
        "LinkVideo": "https://files.catbox.moe/rz7qaz.webm",
        "LinkMp3": "https://files.catbox.moe/oy6sub.mp3",
        "annId": 21719,
        "songDifficulty": 43.35748046875,
        "vintage": "Winter 2019"
    },
    {
        "animeEng": "Sengoku Night Blood",
        "animeRomaji": "Sengoku Night Blood",
        "songName": "Tenka Zekkei",
        "artist": "Kaku-gun Soudaishou",
        "type": "Opening 1",
        "correctCount": 8,
        "startTime": 10,
        "songDuration": 87.048,
        "songNumber": 19,
        "activePlayerCount": 153,
        "LinkVideo": "https://files.catbox.moe/9gzfja.webm",
        "LinkMp3": "https://files.catbox.moe/m6ylf5.mp3",
        "annId": 20057,
        "songDifficulty": 15.061302154002714,
        "vintage": "Fall 2017"
    },
    {
        "animeEng": "Dragon Ball Z: Bardock - The Father of Goku",
        "animeRomaji": "Dragon Ball Z: Tatta Hitori no Saishuu Kessen - Freezer ni Idonda Z Senshi Son Goku no Chichi",
        "songName": "CHA-LA HEAD-CHA-LA",
        "artist": "Hironobu Kageyama",
        "type": "Opening 1",
        "correctCount": 128,
        "startTime": 69,
        "songDuration": 107.074078,
        "songNumber": 20,
        "activePlayerCount": 152,
        "LinkVideo": "https://files.catbox.moe/r5o3zy.webm",
        "LinkMp3": "https://files.catbox.moe/ewehoa.mp3",
        "annId": 104,
        "songDifficulty": 61.991594280694905,
        "vintage": "Fall 1990"
    },
    {
        "animeEng": "Dream 9 Toriko & One Piece & Dragon Ball Z Super Collaboration Special!!",
        "animeRomaji": "Dream 9 Toriko & One Piece & Dragon Ball Z Super Collaboration Special!!",
        "songName": "We Go!",
        "artist": "Hiroshi Kitadani",
        "type": "Ending 1",
        "correctCount": 111,
        "startTime": 19,
        "songDuration": 148.416,
        "songNumber": 21,
        "activePlayerCount": 153,
        "LinkVideo": "https://files.catbox.moe/vqdfrp.webm",
        "LinkMp3": "https://files.catbox.moe/dcgo1i.mp3",
        "annId": 15122,
        "songDifficulty": 48.805278405287815,
        "vintage": "Spring 2013"
    },
    {
        "animeEng": "Gundam Reconguista in G",
        "animeRomaji": "Gundam: G no Reconguista",
        "songName": "Hyphen\u30fbStaccato",
        "artist": "Daisuke Hasegawa",
        "type": "Insert Song",
        "correctCount": 2,
        "startTime": 23,
        "songDuration": 70.8,
        "songNumber": 22,
        "activePlayerCount": 152,
        "LinkVideo": "https://files.catbox.moe/pztnhd.webm",
        "LinkMp3": "https://files.catbox.moe/dizrj3.mp3",
        "annId": 22302,
        "songDifficulty": 10.344827586206897,
        "vintage": "Fall 2019",
        "correctPlayers": [
            "Delete",
            "ruuka"
        ]
    },
    {
        "animeEng": "Amazing Stranger",
        "animeRomaji": "Choukadou Girl 1/6: Amazing Stranger",
        "songName": "Soreyuke! Koigokoro",
        "artist": "AOP",
        "type": "Opening 1",
        "correctCount": 14,
        "startTime": 6,
        "songDuration": 77.71295,
        "songNumber": 23,
        "activePlayerCount": 153,
        "LinkVideo": "https://files.catbox.moe/4fi9g7.webm",
        "LinkMp3": "https://files.catbox.moe/gjkju2.mp3",
        "annId": 21819,
        "songDifficulty": 15.657109122780469,
        "vintage": "Spring 2019"
    },
    {
        "animeEng": "Wangan Midnight",
        "animeRomaji": "Wangan Midnight",
        "songName": "Lights and Any More",
        "artist": "TRF",
        "type": "Opening 1",
        "correctCount": 30,
        "startTime": 26,
        "songDuration": 90.072,
        "songNumber": 24,
        "activePlayerCount": 155,
        "LinkVideo": "https://files.catbox.moe/x5x4yj.webm",
        "LinkMp3": "https://files.catbox.moe/bi1ld2.mp3",
        "annId": 7646,
        "songDifficulty": 17.486035882818957,
        "vintage": "Spring 2007"
    },
    {
        "animeEng": "Tower of God",
        "animeRomaji": "Kami no Tou",
        "songName": "TOP -Japanese ver.-",
        "artist": "Stray Kids",
        "type": "Opening 1",
        "correctCount": 107,
        "startTime": 33,
        "songDuration": 87.408,
        "songNumber": 25,
        "activePlayerCount": 154,
        "LinkVideo": "https://files.catbox.moe/v5wu34.webm",
        "LinkMp3": "https://files.catbox.moe/oya4dn.mp3",
        "annId": 23068,
        "songDifficulty": 50.7786615769575,
        "vintage": "Spring 2020"
    },
    {
        "animeEng": "BECK: Mongolian Chop Squad",
        "animeRomaji": "BECK: Mongolian Chop Squad",
        "songName": "FOLLOW ME",
        "artist": "Kazuya Hirabayashi & Sowelu",
        "type": "Insert Song",
        "correctCount": 35,
        "startTime": 13,
        "songDuration": 88.919288,
        "songNumber": 26,
        "activePlayerCount": 155,
        "LinkVideo": "https://files.catbox.moe/wtsdaj.webm",
        "LinkMp3": "https://files.catbox.moe/6uno6e.mp3",
        "annId": 4404,
        "songDifficulty": 31.882116638573457,
        "vintage": "Fall 2004"
    },
    {
        "animeEng": "One Piece Episode of Alabaster: The Desert Princess and the Pirates - Adventure in Alabasta",
        "animeRomaji": "One Piece Episode of Alabaster: Sabaku no Ojou to Kaizoku Tachi",
        "songName": "compass (Gekijou Version)",
        "artist": "Ai Kawashima",
        "type": "Ending 1",
        "correctCount": 5,
        "startTime": 8,
        "songDuration": 169.152,
        "songNumber": 27,
        "activePlayerCount": 154,
        "LinkVideo": "https://files.catbox.moe/sm1gr7.webm",
        "LinkMp3": "https://files.catbox.moe/ymzpw0.mp3",
        "annId": 7109,
        "songDifficulty": 6.980012021153231,
        "vintage": "Winter 2007",
        "correctPlayers": [
            "konomi",
            "Hejsan",
            "Delete",
            "SrueyaF",
            "ShiroKuro"
        ]
    },
    {
        "animeEng": "Tokyo Mew Mew New",
        "animeRomaji": "Tokyo Mew Mew New",
        "songName": "Watashi o Yobu Koe",
        "artist": "Momoka Ishii",
        "type": "Insert Song",
        "correctCount": 4,
        "startTime": 59,
        "songDuration": 111.048,
        "songNumber": 28,
        "activePlayerCount": 154,
        "LinkVideo": "https://files.catbox.moe/mizkb1.webm",
        "annId": 24015,
        "songDifficulty": 15.44357341609589,
        "vintage": "Summer 2022",
        "correctPlayers": [
            "Eryth",
            "SakuraFujima",
            "Kiriemon",
            "Sonoko"
        ]
    },
    {
        "animeEng": "Super Short Comics",
        "animeRomaji": "Super Short Comics",
        "songName": "Emily no Inai Yoru",
        "artist": "Ichiro Mizuki",
        "type": "Ending 1",
        "correctCount": 4,
        "startTime": 0,
        "songDuration": 28.368,
        "songNumber": 29,
        "activePlayerCount": 154,
        "LinkVideo": "https://files.catbox.moe/mfgjo0.webm",
        "LinkMp3": "https://files.catbox.moe/ulxmhu.mp3",
        "annId": 16787,
        "songDifficulty": 7.63854342470601,
        "vintage": "Fall 2015",
        "correctPlayers": [
            "Orfey",
            "Rukawa11",
            "SrueyaF",
            "ShiroKuro"
        ]
    },
    {
        "animeEng": "K-On! Season 2",
        "animeRomaji": "K-On!!",
        "songName": "U&I",
        "artist": "Ho-Kago Tea Time",
        "type": "Insert Song",
        "correctCount": 91,
        "startTime": 65,
        "songDuration": 112.58582,
        "songNumber": 30,
        "activePlayerCount": 154,
        "LinkVideo": "https://files.catbox.moe/enurec.webm",
        "LinkMp3": "https://files.catbox.moe/3bkiiw.mp3",
        "annId": 11262,
        "songDifficulty": 44.74284957627118,
        "vintage": "Spring 2010"
    },
    {
        "animeEng": "Cardfight!! Vanguard G",
        "animeRomaji": "Cardfight!! Vanguard G",
        "songName": "BREAK IT",
        "artist": "Mamoru Miyano",
        "type": "Opening 1",
        "correctCount": 26,
        "startTime": 33,
        "songDuration": 89.304,
        "songNumber": 31,
        "activePlayerCount": 155,
        "LinkVideo": "https://files.catbox.moe/omn1be.webm",
        "LinkMp3": "https://files.catbox.moe/i4subm.mp3",
        "annId": 16314,
        "songDifficulty": 21.172119728915664,
        "vintage": "Fall 2014"
    },
    {
        "animeEng": "Heroines Run the Show",
        "animeRomaji": "Heroine Tarumono! Kiraware Heroine to Naisho no Oshigoto",
        "songName": "Heroine Ikusei Keikaku",
        "artist": "Inori Minase, Ayane Sakura, Saori Hayami",
        "type": "Ending 5",
        "correctCount": 47,
        "startTime": 53,
        "songDuration": 89.184,
        "songNumber": 32,
        "activePlayerCount": 155,
        "LinkVideo": "https://files.catbox.moe/6a2kc5.webm",
        "LinkMp3": "https://files.catbox.moe/fou3qr.mp3",
        "annId": 24673,
        "songDifficulty": 31.375970884811046,
        "vintage": "Spring 2022"
    },
    {
        "animeEng": "Cooking With Valkyries",
        "animeRomaji": "Valkyrie no Shokutaku",
        "songName": "Taste of home",
        "artist": "Rie Kugimiya, Miyuki Sawashiro, Kana Asumi, Rie Tanaka",
        "type": "Opening 1",
        "correctCount": 105,
        "startTime": 0,
        "songDuration": 45.528,
        "songNumber": 33,
        "activePlayerCount": 155,
        "LinkVideo": "https://files.catbox.moe/u9tij1.webm",
        "LinkMp3": "https://files.catbox.moe/f5lhzg.mp3",
        "annId": 23483,
        "songDifficulty": 39.59789424958077,
        "vintage": "Spring 2019"
    },
    {
        "animeEng": "Dog Days",
        "animeRomaji": "Dog Days",
        "songName": "PRESENTER",
        "artist": "Yui Horie",
        "type": "Ending 1",
        "correctCount": 23,
        "startTime": 7,
        "songDuration": 92.688,
        "songNumber": 34,
        "activePlayerCount": 156,
        "LinkVideo": "https://files.catbox.moe/dxpeuq.webm",
        "LinkMp3": "https://files.catbox.moe/u1y8wk.mp3",
        "annId": 12246,
        "songDifficulty": 18.272160634881423,
        "vintage": "Spring 2011"
    },
    {
        "animeEng": "Chibi Maruko-chan",
        "animeRomaji": "Chibi Maruko-chan",
        "songName": "Odoru Ponpokorin",
        "artist": "B.B.Queens",
        "type": "Opening 7",
        "correctCount": 99,
        "startTime": 2,
        "songDuration": 84.216,
        "songNumber": 35,
        "activePlayerCount": 156,
        "LinkVideo": "https://files.catbox.moe/puawcr.webm",
        "LinkMp3": "https://files.catbox.moe/vqmydb.mp3",
        "annId": 909,
        "songDifficulty": 35.132847882699274,
        "vintage": "Winter 1995"
    },
    {
        "animeEng": "Daitarn 3",
        "animeRomaji": "Muteki Koujin Daitarn 3",
        "songName": "Toppo de Tango",
        "artist": "Koorogi '73",
        "type": "Ending 1",
        "correctCount": 120,
        "startTime": 20,
        "songDuration": 58.539402,
        "songNumber": 36,
        "activePlayerCount": 156,
        "LinkVideo": "https://files.catbox.moe/st8x9p.webm",
        "LinkMp3": "https://files.catbox.moe/0rmjfv.mp3",
        "annId": 1297,
        "songDifficulty": 33.21779672159888,
        "vintage": "Spring 1978"
    },
    {
        "animeEng": "Bakemonogatari",
        "animeRomaji": "Bakemonogatari",
        "songName": "staple stable",
        "artist": "Chiwa Saito",
        "type": "Opening 1",
        "correctCount": 94,
        "startTime": 37,
        "songDuration": 88.56,
        "songNumber": 37,
        "activePlayerCount": 156,
        "LinkVideo": "https://files.catbox.moe/zyjq8p.webm",
        "LinkMp3": "https://files.catbox.moe/fhmb5d.mp3",
        "annId": 10196,
        "songDifficulty": 40.46070653081677,
        "vintage": "Summer 2009"
    },
    {
        "animeEng": "Utawarerumono",
        "animeRomaji": "Utawarerumono",
        "songName": "Musouka",
        "artist": "Suara",
        "type": "Opening 1",
        "correctCount": 73,
        "startTime": 9,
        "songDuration": 89.544,
        "songNumber": 38,
        "activePlayerCount": 156,
        "LinkVideo": "https://files.catbox.moe/t5bzh7.webm",
        "LinkMp3": "https://files.catbox.moe/kksj9x.mp3",
        "annId": 5746,
        "songDifficulty": 29.7241246371553,
        "vintage": "Spring 2006"
    },
    {
        "animeEng": "Bottom-Tier Character Tomozaki",
        "animeRomaji": "Jaku-Chara Tomozaki-kun",
        "songName": "Jinsei Easy?",
        "artist": "DIALOGUE+",
        "type": "Opening 1",
        "correctCount": 70,
        "startTime": 49,
        "songDuration": 89.28,
        "songNumber": 39,
        "activePlayerCount": 156,
        "LinkVideo": "https://files.catbox.moe/grwb9k.webm",
        "LinkMp3": "https://files.catbox.moe/vk5nip.mp3",
        "annId": 23783,
        "songDifficulty": 28.5010462098409,
        "vintage": "Winter 2021"
    },
    {
        "animeEng": "Hellhound Liner 0011, Transform!",
        "animeRomaji": "Maken Liner-0011 Henshin Seyo!!",
        "songName": "Go! Go! Liner",
        "artist": "Toshio Oida, Columbia Yurikago-kai",
        "type": "Insert Song",
        "correctCount": 20,
        "startTime": 11,
        "songDuration": 64.52134,
        "songNumber": 40,
        "activePlayerCount": 156,
        "LinkVideo": "https://files.catbox.moe/9h6uy6.webm",
        "LinkMp3": "https://files.catbox.moe/zuw3hs.mp3",
        "annId": 3581,
        "songDifficulty": 19.62084725432074,
        "vintage": "Summer 1972"
    },
    {
        "animeEng": "The Familiar of Zero: Knight of the Twin Moons",
        "animeRomaji": "Zero no Tsukaima: Futatsuki no Kishi",
        "songName": "Suki!?Kirai!?Suki!!!",
        "artist": "Rie Kugimiya",
        "type": "Ending 1",
        "correctCount": 36,
        "startTime": 53,
        "songDuration": 88.464,
        "songNumber": 41,
        "activePlayerCount": 156,
        "LinkVideo": "https://files.catbox.moe/7byn80.webm",
        "LinkMp3": "https://files.catbox.moe/lbvtdn.mp3",
        "annId": 7451,
        "songDifficulty": 17.064839659685862,
        "vintage": "Summer 2007"
    },
    {
        "animeEng": "Moldiver",
        "animeRomaji": "Moldiver",
        "songName": "Go! Go! Moldiver",
        "artist": "Yukana Nogami",
        "type": "Opening 1",
        "correctCount": 6,
        "startTime": 51,
        "songDuration": 89.755192,
        "songNumber": 42,
        "activePlayerCount": 156,
        "LinkVideo": "https://files.catbox.moe/c7ffzs.webm",
        "LinkMp3": "https://files.catbox.moe/ms7s97.mp3",
        "annId": 699,
        "songDifficulty": 9.531230014534884,
        "vintage": "Winter 1993"
    },
    {
        "animeEng": "Triage X",
        "animeRomaji": "Triage X",
        "songName": "Big Bang LOVE!!",
        "artist": "Amina Satou",
        "type": "Insert Song",
        "correctCount": 5,
        "startTime": 6,
        "songDuration": 55.68,
        "songNumber": 43,
        "activePlayerCount": 156,
        "LinkVideo": "https://files.catbox.moe/mkl5gk.webm",
        "LinkMp3": "https://files.catbox.moe/v5mvcg.mp3",
        "annId": 16596,
        "songDifficulty": 6.585300568611391,
        "vintage": "Spring 2015",
        "correctPlayers": [
            "konomi",
            "Beokros",
            "SrueyaF",
            "MilkJiang",
            "Chiya"
        ]
    },
    {
        "animeEng": "Hareluya II Boy",
        "animeRomaji": "Hareluya II Boy",
        "songName": "EVE",
        "artist": "SPYKE",
        "type": "Insert Song",
        "correctCount": 2,
        "startTime": 45,
        "songDuration": 85.08,
        "songNumber": 44,
        "activePlayerCount": 156,
        "LinkVideo": "https://files.catbox.moe/oovor2.webm",
        "LinkMp3": "https://files.catbox.moe/pz0sxa.mp3",
        "annId": 2245,
        "songDifficulty": 19.11764705882353,
        "vintage": "Spring 1997",
        "correctPlayers": [
            "channina",
            "Zylda"
        ]
    },
    {
        "animeEng": "Space\u2606Dandy",
        "animeRomaji": "Space\u2606Dandy",
        "songName": "ANATATO",
        "artist": "LUVRAW",
        "type": "Insert Song",
        "correctCount": 62,
        "startTime": 39,
        "songDuration": 76.056,
        "songNumber": 45,
        "activePlayerCount": 155,
        "LinkVideo": "https://files.catbox.moe/6plxmo.webm",
        "LinkMp3": "https://files.catbox.moe/bdgzq1.mp3",
        "annId": 15555,
        "songDifficulty": 31.28550150495751,
        "vintage": "Winter 2014"
    },
    {
        "animeEng": "Rozen Maiden: Rewind",
        "animeRomaji": "Rozen Maiden: Zur\u00fcckspulen",
        "songName": "Benibara no Otome",
        "artist": "Mayumi Sudou",
        "type": "Insert Song",
        "correctCount": 7,
        "startTime": 53,
        "songDuration": 87.11687,
        "songNumber": 46,
        "activePlayerCount": 156,
        "LinkVideo": "https://files.catbox.moe/k9jwrc.webm",
        "LinkMp3": "https://files.catbox.moe/5bmaqf.mp3",
        "annId": 15072,
        "songDifficulty": 8.452832403983779,
        "vintage": "Summer 2013"
    },
    {
        "animeEng": "One Punch Man",
        "animeRomaji": "One Punch Man",
        "songName": "Hoshi yori Saki ni Mitsukete Ageru",
        "artist": "Hiroko Moriguchi",
        "type": "Ending 1",
        "correctCount": 103,
        "startTime": 36,
        "songDuration": 87.648,
        "songNumber": 47,
        "activePlayerCount": 157,
        "LinkVideo": "https://files.catbox.moe/e9b1v8.webm",
        "LinkMp3": "https://files.catbox.moe/a1ps5w.mp3",
        "annId": 16840,
        "songDifficulty": 19.99644975899147,
        "vintage": "Fall 2015"
    },
    {
        "animeEng": "Aikatsu!",
        "animeRomaji": "Aikatsu!",
        "songName": "Du-Du-Wa DO IT!!",
        "artist": "Ruka from AIKATSU\u2606STARS!",
        "type": "Insert Song",
        "correctCount": 101,
        "startTime": 73,
        "songDuration": 101.448,
        "songNumber": 48,
        "activePlayerCount": 157,
        "LinkVideo": "https://files.catbox.moe/eeeav0.webm",
        "LinkMp3": "https://files.catbox.moe/ocsook.mp3",
        "annId": 16165,
        "songDifficulty": 42.10317263088138,
        "vintage": "Fall 2014"
    },
    {
        "animeEng": "King Arthur: Prince on White Horse",
        "animeRomaji": "Moero Arthur: Hakuba no Ouji",
        "songName": "Tabisurya Tomodachi",
        "artist": "Kumiko Oosugi, Columbia Yurikago-kai, Koorogi '73",
        "type": "Ending 1",
        "correctCount": 2,
        "startTime": 40,
        "songDuration": 68.256786,
        "songNumber": 49,
        "activePlayerCount": 155,
        "LinkVideo": "https://files.catbox.moe/i6sl49.webm",
        "LinkMp3": "https://files.catbox.moe/8ae4bu.mp3",
        "annId": 2625,
        "songDifficulty": 3.3740901714732745,
        "vintage": "Spring 1980",
        "correctPlayers": [
            "Rukawa11",
            "gaaw"
        ]
    },
    {
        "animeEng": "Wake Up, Girls! Beyond the Bottom",
        "animeRomaji": "Wake Up, Girls! Beyond the Bottom",
        "songName": "Shoujo Koukyoukyoku",
        "artist": "Wake Up, Girls!",
        "type": "Insert Song",
        "correctCount": 21,
        "startTime": 25,
        "songDuration": 73.056,
        "songNumber": 50,
        "activePlayerCount": 156,
        "LinkVideo": "https://files.catbox.moe/81jxok.webm",
        "LinkMp3": "https://files.catbox.moe/lxuz31.mp3",
        "annId": 17367,
        "songDifficulty": 20.638219547951305,
        "vintage": "Fall 2015"
    },
    {
        "animeEng": "Mobile Suit Gundam 00",
        "animeRomaji": "Kidou Senshi Gundam 00",
        "songName": "trust you",
        "artist": "Yuna Ito",
        "type": "Ending 3",
        "correctCount": 29,
        "startTime": 24,
        "songDuration": 88.32,
        "songNumber": 51,
        "activePlayerCount": 156,
        "LinkVideo": "https://files.catbox.moe/8vpbtn.webm",
        "LinkMp3": "https://files.catbox.moe/x64kmk.mp3",
        "annId": 10157,
        "songDifficulty": 26.75867559075858,
        "vintage": "Fall 2008"
    },
    {
        "animeEng": "Spice and Wolf",
        "animeRomaji": "Ookami to Koushinryou",
        "songName": "Ringo Biyori",
        "artist": "ROCKY CHACK",
        "type": "Ending 1",
        "correctCount": 75,
        "startTime": 35,
        "songDuration": 88.944,
        "songNumber": 52,
        "activePlayerCount": 156,
        "LinkVideo": "https://files.catbox.moe/vz44n6.webm",
        "LinkMp3": "https://files.catbox.moe/m757rf.mp3",
        "annId": 8537,
        "songDifficulty": 33.46715536318667,
        "vintage": "Winter 2008"
    },
    {
        "animeEng": "Fafner Exodus",
        "animeRomaji": "Soukyuu no Fafner: Dead Aggressor - Exodus",
        "songName": "Exist",
        "artist": "angela",
        "type": "Opening 1",
        "correctCount": 59,
        "startTime": 43,
        "songDuration": 89.99029,
        "songNumber": 53,
        "activePlayerCount": 156,
        "LinkVideo": "https://files.catbox.moe/9r6iyr.webm",
        "LinkMp3": "https://files.catbox.moe/4ymvhc.mp3",
        "annId": 15051,
        "songDifficulty": 24.408735460546996,
        "vintage": "Winter 2015"
    },
    {
        "animeEng": "Initial D",
        "animeRomaji": "Initial D",
        "songName": "BLACK OUT",
        "artist": "OVERLOAD",
        "type": "Insert Song",
        "correctCount": 16,
        "startTime": 1,
        "songDuration": 184.536,
        "songNumber": 54,
        "activePlayerCount": 157,
        "LinkVideo": "https://files.catbox.moe/740cbh.webm",
        "LinkMp3": "https://files.catbox.moe/22v3xb.mp3",
        "annId": 395,
        "songDifficulty": 48.84112905545329,
        "vintage": "Spring 1998"
    },
    {
        "animeEng": "Blue Exorcist",
        "animeRomaji": "Ao no Exorcist",
        "songName": "CORE PRIDE",
        "artist": "UVERworld",
        "type": "Opening 1",
        "correctCount": 81,
        "startTime": 56,
        "songDuration": 89.64,
        "songNumber": 55,
        "activePlayerCount": 157,
        "LinkVideo": "https://files.catbox.moe/fvdhr5.webm",
        "LinkMp3": "https://files.catbox.moe/8vb055.mp3",
        "annId": 12210,
        "songDifficulty": 43.96217408380918,
        "vintage": "Spring 2011"
    },
    {
        "animeEng": "A Lull in the Sea",
        "animeRomaji": "Nagi no Asukara",
        "songName": "ebb and flow",
        "artist": "Ray",
        "type": "Opening 2",
        "correctCount": 77,
        "startTime": 7,
        "songDuration": 90.024,
        "songNumber": 56,
        "activePlayerCount": 156,
        "LinkVideo": "https://files.catbox.moe/lhylm8.webm",
        "LinkMp3": "https://files.catbox.moe/1rianm.mp3",
        "annId": 14858,
        "songDifficulty": 32.81195323646467,
        "vintage": "Fall 2013"
    },
    {
        "animeEng": "Extra Olympia Kyklos",
        "animeRomaji": "Bessatsu Olympia Kyklos",
        "songName": "Tatero! Tropaion",
        "artist": "Akihito Hayashi",
        "type": "Ending 9",
        "correctCount": 84,
        "startTime": 14,
        "songDuration": 46.944,
        "songNumber": 57,
        "activePlayerCount": 156,
        "LinkVideo": "https://files.catbox.moe/928icr.webm",
        "LinkMp3": "https://files.catbox.moe/9gcqqd.mp3",
        "annId": 23035,
        "songDifficulty": 39.795482824738905,
        "vintage": "Spring 2020"
    },
    {
        "animeEng": "The Yakuza's Guide to Babysitting",
        "animeRomaji": "Kumichou Musume to Sewagakari",
        "songName": "Mirai no Hero-tachi e",
        "artist": "Sho Takeyaki",
        "type": "Opening 1",
        "correctCount": 22,
        "startTime": 53,
        "songDuration": 90.072,
        "songNumber": 58,
        "activePlayerCount": 156,
        "LinkVideo": "https://files.catbox.moe/sjoogr.webm",
        "LinkMp3": "https://files.catbox.moe/8cn9sg.mp3",
        "annId": 24708,
        "songDifficulty": 18.196233694535742,
        "vintage": "Summer 2022"
    },
    {
        "animeEng": "The Good Witch of the West",
        "animeRomaji": "Nishi no Yoki Majo: Astraea Testament",
        "songName": "Starry Waltz",
        "artist": "kukui",
        "type": "Opening 1",
        "correctCount": 9,
        "startTime": 46,
        "songDuration": 88.579702,
        "songNumber": 59,
        "activePlayerCount": 156,
        "LinkVideo": "https://files.catbox.moe/o51yxw.webm",
        "LinkMp3": "https://files.catbox.moe/3pq97t.mp3",
        "annId": 6175,
        "songDifficulty": 11.831081725875407,
        "vintage": "Spring 2006"
    },
    {
        "animeEng": "Lostorage incited WIXOSS",
        "animeRomaji": "Lostorage incited WIXOSS",
        "songName": "undeletable",
        "artist": "Cyua",
        "type": "Ending 1",
        "correctCount": 13,
        "startTime": 41,
        "songDuration": 88.992,
        "songNumber": 60,
        "activePlayerCount": 156,
        "LinkVideo": "https://files.catbox.moe/m09dsm.webm",
        "LinkMp3": "https://files.catbox.moe/kiozyf.mp3",
        "annId": 18680,
        "songDifficulty": 15.994942632850242,
        "vintage": "Fall 2016"
    },
    {
        "animeEng": "Assassination Classroom",
        "animeRomaji": "Ansatsu Kyoushitsu",
        "songName": "Seishun Satsubatsuron",
        "artist": "3-nen E-gumi Shuugakuryokou 4-han",
        "type": "Opening 2",
        "correctCount": 133,
        "startTime": 12,
        "songDuration": 87.408,
        "songNumber": 61,
        "activePlayerCount": 156,
        "LinkVideo": "https://files.catbox.moe/0y9gd2.webm",
        "LinkMp3": "https://files.catbox.moe/ns33pi.mp3",
        "annId": 16142,
        "songDifficulty": 52.675386845221084,
        "vintage": "Winter 2015"
    },
    {
        "animeEng": "Sengoku Basara: Samurai Kings Two",
        "animeRomaji": "Sengoku Basara Ni",
        "songName": "der Traum deines Lebens",
        "artist": "Yumiko Inoue",
        "type": "Insert Song",
        "correctCount": 1,
        "startTime": 18,
        "songDuration": 60.888,
        "songNumber": 62,
        "activePlayerCount": 156,
        "LinkVideo": "https://files.catbox.moe/en3ila.webm",
        "LinkMp3": "https://files.catbox.moe/8ypg4l.mp3",
        "annId": 11431,
        "songDifficulty": 4.363207547169812,
        "vintage": "Summer 2010",
        "correctPlayers": [
            "Ai_Haibara"
        ]
    },
    {
        "animeEng": "Hyakko Extra",
        "animeRomaji": "Hyakko Extra",
        "songName": "Gakuen Seikatsu",
        "artist": "Mana Ogawa\u30fbFumiko Orikasa",
        "type": "Ending 1",
        "correctCount": 10,
        "startTime": 11,
        "songDuration": 72.216,
        "songNumber": 63,
        "activePlayerCount": 156,
        "LinkVideo": "https://files.catbox.moe/byd5nn.webm",
        "LinkMp3": "https://files.catbox.moe/aaqtue.mp3",
        "annId": 13789,
        "songDifficulty": 9.263624787080714,
        "vintage": "Fall 2009"
    },
    {
        "animeEng": "Sakura Wars",
        "animeRomaji": "Sakura Taisen",
        "songName": "Geki! Teikoku Kageki-dan",
        "artist": "Chisa Yokoyama & Teikoku Kageki-dan",
        "type": "Opening 1",
        "correctCount": 97,
        "startTime": 55,
        "songDuration": 84.552,
        "songNumber": 64,
        "activePlayerCount": 156,
        "LinkVideo": "https://files.catbox.moe/shequl.webm",
        "LinkMp3": "https://files.catbox.moe/c1bvrx.mp3",
        "annId": 216,
        "songDifficulty": 36.694302310260014,
        "vintage": "Fall 1997"
    },
    {
        "animeEng": "Queen's Blade 2: The Evil Eye",
        "animeRomaji": "Queen's Blade: Gyokuza o Tsugumono",
        "songName": "buddy body",
        "artist": "Kanae Itou+Rie Kugimiya+Yuuko Gotou",
        "type": "Ending 3",
        "correctCount": 9,
        "startTime": 33,
        "songDuration": 88.56,
        "songNumber": 65,
        "activePlayerCount": 158,
        "LinkVideo": "https://files.catbox.moe/iai7o1.webm",
        "LinkMp3": "https://files.catbox.moe/9ny0d5.mp3",
        "annId": 10920,
        "songDifficulty": 13.962141827839178,
        "vintage": "Summer 2009"
    },
    {
        "animeEng": "Shounan Bakusouzoku",
        "animeRomaji": "Shounan Bakusouzoku",
        "songName": "Rolling Rocks",
        "artist": "Yousuke Eguchi",
        "type": "Insert Song",
        "correctCount": 2,
        "startTime": 38,
        "songDuration": 74.568,
        "songNumber": 66,
        "activePlayerCount": 158,
        "LinkVideo": "https://files.catbox.moe/k8ig10.webm",
        "LinkMp3": "https://files.catbox.moe/o5pxrx.mp3",
        "annId": 731,
        "songDifficulty": 32.73809596470424,
        "vintage": "Summer 1986",
        "correctPlayers": [
            "Sammeeeee",
            "Jerma985"
        ]
    },
    {
        "animeEng": "Fafner Exodus",
        "animeRomaji": "Soukyuu no Fafner: Dead Aggressor - Exodus",
        "songName": "Aisuru Koto",
        "artist": "angela",
        "type": "Ending 2",
        "correctCount": 12,
        "startTime": 42,
        "songDuration": 131.496,
        "songNumber": 67,
        "activePlayerCount": 159,
        "LinkVideo": "https://files.catbox.moe/9igqek.webm",
        "LinkMp3": "https://files.catbox.moe/qpc6xe.mp3",
        "annId": 17124,
        "songDifficulty": 19.882697891198045,
        "vintage": "Fall 2015"
    },
    {
        "animeEng": "March comes in like a lion",
        "animeRomaji": "3-gatsu no Lion",
        "songName": "Answer",
        "artist": "BUMP OF CHICKEN",
        "type": "Opening 1",
        "correctCount": 66,
        "startTime": 50,
        "songDuration": 89.568,
        "songNumber": 68,
        "activePlayerCount": 159,
        "LinkVideo": "https://files.catbox.moe/wcxc8n.webm",
        "LinkMp3": "https://files.catbox.moe/61kwir.mp3",
        "annId": 18166,
        "songDifficulty": 36.78019352401209,
        "vintage": "Fall 2016"
    },
    {
        "animeEng": "K-On! The Movie",
        "animeRomaji": "K-On! Movie",
        "songName": "Fuwa Fuwa Time (5nin Ver.)",
        "artist": "Ho-Kago Tea Time",
        "type": "Ending 2",
        "correctCount": 128,
        "startTime": 27,
        "songDuration": 80.064,
        "songNumber": 69,
        "activePlayerCount": 159,
        "LinkVideo": "https://files.catbox.moe/z7761u.webm",
        "LinkMp3": "https://files.catbox.moe/imax0c.mp3",
        "annId": 11963,
        "songDifficulty": 55.124013962293915,
        "vintage": "Fall 2011"
    },
    {
        "animeEng": "Cue!",
        "animeRomaji": "Cue!",
        "songName": "Whispers' Hope",
        "artist": "Harmonia",
        "type": "Insert Song",
        "correctCount": 5,
        "startTime": 30,
        "songDuration": 64.416,
        "songNumber": 70,
        "activePlayerCount": 159,
        "LinkVideo": "https://files.catbox.moe/jabeoh.webm",
        "LinkMp3": "https://files.catbox.moe/2xeypx.mp3",
        "annId": 24629,
        "songDifficulty": 11.303154337062757,
        "vintage": "Winter 2022",
        "correctPlayers": [
            "Bobocan",
            "tomokarin",
            "ShiinaMahiru",
            "ArukasFrost",
            "Chiya"
        ]
    },
    {
        "animeEng": "A Certain Scientific Railgun S",
        "animeRomaji": "Toaru Kagaku no Railgun S",
        "songName": "sister's noise",
        "artist": "fripSide",
        "type": "Opening 1",
        "correctCount": 81,
        "startTime": 27,
        "songDuration": 90.408,
        "songNumber": 71,
        "activePlayerCount": 157,
        "LinkVideo": "https://files.catbox.moe/vp0xbp.webm",
        "LinkMp3": "https://files.catbox.moe/qhpece.mp3",
        "annId": 14853,
        "songDifficulty": 38.54670620710236,
        "vintage": "Spring 2013"
    },
    {
        "animeEng": "Kodocha",
        "animeRomaji": "Kodocha",
        "songName": "Vitamin Love",
        "artist": "Shouroku-tai",
        "type": "Insert Song",
        "correctCount": 7,
        "startTime": 27,
        "songDuration": 59.04,
        "songNumber": 72,
        "activePlayerCount": 156,
        "LinkVideo": "https://files.catbox.moe/vsyqbo.webm",
        "LinkMp3": "https://files.catbox.moe/0nno1t.mp3",
        "annId": 165,
        "songDifficulty": 15.724023179831795,
        "vintage": "Spring 1996"
    },
    {
        "animeEng": "Fate/Zero",
        "animeRomaji": "Fate/Zero",
        "songName": "MEMORIA",
        "artist": "Eir Aoi",
        "type": "Ending 1",
        "correctCount": 110,
        "startTime": 60,
        "songDuration": 88.176,
        "songNumber": 73,
        "activePlayerCount": 156,
        "LinkVideo": "https://files.catbox.moe/s4m2wc.webm",
        "LinkMp3": "https://files.catbox.moe/tm88oe.mp3",
        "annId": 12376,
        "songDifficulty": 34.75660163828411,
        "vintage": "Fall 2011"
    },
    {
        "animeEng": "Crash!",
        "animeRomaji": "Crash!",
        "songName": "Kimi to Eien ni Onaji Yume o Miru",
        "artist": "Iori Nomizu",
        "type": "Insert Song",
        "correctCount": 11,
        "startTime": 15,
        "songDuration": 89.904,
        "songNumber": 74,
        "activePlayerCount": 156,
        "LinkVideo": "https://files.catbox.moe/gzpue7.webm",
        "LinkMp3": "https://files.catbox.moe/hirt0g.mp3",
        "annId": 24068,
        "songDifficulty": 10.109551079230236,
        "vintage": "Fall 2012"
    },
    {
        "animeEng": "Momokuri",
        "animeRomaji": "Momokuri",
        "songName": "Daisuki da yo Daisuki da yo Umarete Kite Arigatou",
        "artist": "Ai Kakuma & Nobuhiko Okamoto",
        "type": "Opening 1",
        "correctCount": 24,
        "startTime": 19,
        "songDuration": 87.912,
        "songNumber": 75,
        "activePlayerCount": 156,
        "LinkVideo": "https://files.catbox.moe/tfi0dz.webm",
        "LinkMp3": "https://files.catbox.moe/iqn6v8.mp3",
        "annId": 16788,
        "songDifficulty": 18.967554479418887,
        "vintage": "Fall 2015"
    },
    {
        "animeEng": "Love of Kill",
        "animeRomaji": "Koroshi Ai",
        "songName": "Midnight Dancer",
        "artist": "Toshiki Masuda",
        "type": "Opening 1",
        "correctCount": 27,
        "startTime": 23,
        "songDuration": 88.368,
        "songNumber": 76,
        "activePlayerCount": 156,
        "LinkVideo": "https://files.catbox.moe/u7kty9.webm",
        "LinkMp3": "https://files.catbox.moe/qc9o55.mp3",
        "annId": 24514,
        "songDifficulty": 20.246243589476318,
        "vintage": "Winter 2022"
    },
    {
        "animeEng": "Mushoku Tensei: Jobless Reincarnation",
        "animeRomaji": "Mushoku Tensei: Isekai Ittara Honki Dasu",
        "songName": "Inori no Uta",
        "artist": "Yuiko Ohara",
        "type": "Opening 3",
        "correctCount": 57,
        "startTime": 37,
        "songDuration": 87.24,
        "songNumber": 77,
        "activePlayerCount": 156,
        "LinkVideo": "https://files.catbox.moe/fyhbpq.webm",
        "LinkMp3": "https://files.catbox.moe/vm9obt.mp3",
        "annId": 24164,
        "songDifficulty": 24.410869274042327,
        "vintage": "Fall 2021"
    },
    {
        "animeEng": "CATMAN",
        "animeRomaji": "CATMAN",
        "songName": "Blind",
        "artist": "The Planet Smashers",
        "type": "Insert Song",
        "correctCount": 37,
        "startTime": 23,
        "songDuration": 147.354202,
        "songNumber": 78,
        "activePlayerCount": 157,
        "LinkVideo": "https://files.catbox.moe/dhicql.webm",
        "LinkMp3": "https://files.catbox.moe/9z57s4.mp3",
        "annId": 24932,
        "songDifficulty": 19.44963459860384,
        "vintage": "Winter 2002"
    },
    {
        "animeEng": "Pok\u00e9mon the Series: XYZ",
        "animeRomaji": "Pok\u00e9mon XY&Z",
        "songName": "Rocket-dan Danka",
        "artist": "Rocket-dan",
        "type": "Insert Song",
        "correctCount": 77,
        "startTime": 5,
        "songDuration": 47.64,
        "songNumber": 79,
        "activePlayerCount": 157,
        "LinkVideo": "https://files.catbox.moe/7ypr10.webm",
        "LinkMp3": "https://files.catbox.moe/k88be3.mp3",
        "annId": 17650,
        "songDifficulty": 28.1590299581371,
        "vintage": "Fall 2015"
    },
    {
        "animeEng": "KONOSUBA: God\u2019s Blessing on This Wonderful World! 2",
        "animeRomaji": "Kono Subarashii Sekai ni Shukufuku o! 2",
        "songName": "TOMORROW",
        "artist": "Machico",
        "type": "Opening 1",
        "correctCount": 130,
        "startTime": 19,
        "songDuration": 89.904,
        "songNumber": 80,
        "activePlayerCount": 157,
        "LinkVideo": "https://files.catbox.moe/53e7o7.webm",
        "LinkMp3": "https://files.catbox.moe/eq212f.mp3",
        "annId": 18777,
        "songDifficulty": 43.339072921831765,
        "vintage": "Winter 2017"
    },
    {
        "animeEng": "Goblin Slayer",
        "animeRomaji": "Goblin Slayer",
        "songName": "Within",
        "artist": "Mili",
        "type": "Ending 2",
        "correctCount": 58,
        "startTime": 98,
        "songDuration": 159.096,
        "songNumber": 81,
        "activePlayerCount": 157,
        "LinkVideo": "https://files.catbox.moe/srk79m.webm",
        "LinkMp3": "https://files.catbox.moe/mntazh.mp3",
        "annId": 20672,
        "songDifficulty": 24.671492655427514,
        "vintage": "Fall 2018"
    },
    {
        "animeEng": "Monster Strike the Animation",
        "animeRomaji": "Monster Strike the Animation",
        "songName": "Prelude to Darkness",
        "artist": "Masaru Yokoyama",
        "type": "Ending 4",
        "correctCount": 1,
        "startTime": 28,
        "songDuration": 66.048,
        "songNumber": 82,
        "activePlayerCount": 157,
        "LinkVideo": "https://files.catbox.moe/foq6rh.webm",
        "LinkMp3": "https://files.catbox.moe/h6xtfn.mp3",
        "annId": 22264,
        "songDifficulty": 6.44477287371134,
        "vintage": "Spring 2018",
        "correctPlayers": [
            "MilkJiang"
        ]
    },
    {
        "animeEng": "Hamtaro: Ham-Hams Ahoy!",
        "animeRomaji": "Tottoko Hamtarou: Ham-chans no Takara Sagashi Daisaku",
        "songName": "Te o Tsunagou",
        "artist": "Ham-chans",
        "type": "Insert Song",
        "correctCount": 39,
        "startTime": 32,
        "songDuration": 75.696,
        "songNumber": 83,
        "activePlayerCount": 155,
        "LinkVideo": "https://files.catbox.moe/rxuct2.webm",
        "LinkMp3": "https://files.catbox.moe/6d60uq.mp3",
        "annId": 5154,
        "songDifficulty": 19.782894736842106,
        "vintage": "Winter 2003"
    },
    {
        "animeEng": "Assassins Pride",
        "animeRomaji": "Assassins Pride",
        "songName": "Share the light",
        "artist": "Run Girls, Run!",
        "type": "Opening 1",
        "correctCount": 90,
        "startTime": 13,
        "songDuration": 88.68,
        "songNumber": 84,
        "activePlayerCount": 155,
        "LinkVideo": "https://files.catbox.moe/9o9k70.webm",
        "LinkMp3": "https://files.catbox.moe/ptplqs.mp3",
        "annId": 22217,
        "songDifficulty": 32.3194804018019,
        "vintage": "Fall 2019"
    },
    {
        "animeEng": "Majo demo Steady",
        "animeRomaji": "Majo demo Steady",
        "songName": "Fun Fun Fun!",
        "artist": "Miki Takahashi",
        "type": "Insert Song",
        "correctCount": 2,
        "startTime": 51,
        "songDuration": 101.088,
        "songNumber": 85,
        "activePlayerCount": 155,
        "LinkVideo": "https://files.catbox.moe/y8hnpe.webm",
        "LinkMp3": "https://files.catbox.moe/n19ihr.mp3",
        "annId": 7079,
        "songDifficulty": 8.450324856505102,
        "vintage": "Summer 1986",
        "correctPlayers": [
            "unsta",
            "Orfey"
        ]
    }
]