[
    {
        "animeEng": "Persona 3 the Movie #4 Winter of Rebirth",
        "animeRomaji": "Persona 3 the Movie #4 Winter of Rebirth",
        "songName": "Burn My Dread -Last Battle-",
        "artist": "Lotus Juice & Yumi Kawamura",
        "type": "Insert Song",
        "correctCount": 25,
        "startTime": 194,
        "songDuration": 301.56,
        "songNumber": 1,
        "activePlayerCount": 149,
        "LinkVideo": "https://files.catbox.moe/1p7wb3.webm",
        "LinkMp3": "https://files.catbox.moe/pm7w2p.mp3",
        "annId": 17257,
        "songDifficulty": 25.11842393207283,
        "vintage": "Winter 2016"
    },
    {
        "animeEng": "Japan Sinks: 2020",
        "animeRomaji": "Nihon Chinbotsu 2020",
        "songName": "Keshiki",
        "artist": "KAF",
        "type": "Ending 1",
        "correctCount": 20,
        "startTime": 83,
        "songDuration": 145.752,
        "songNumber": 2,
        "activePlayerCount": 159,
        "LinkVideo": "https://files.catbox.moe/72flj2.webm",
        "LinkMp3": "https://files.catbox.moe/f7h106.mp3",
        "annId": 23133,
        "songDifficulty": 11.931362612612613,
        "vintage": "Summer 2020"
    },
    {
        "animeEng": "Midnight Horror School",
        "animeRomaji": "Midnight Horror School",
        "songName": "ABC no Kodomo-tachi",
        "artist": "Tomoko Kawakami",
        "type": "Ending 2",
        "correctCount": 4,
        "startTime": 34,
        "songDuration": 89.232,
        "songNumber": 3,
        "activePlayerCount": 171,
        "LinkVideo": "https://files.catbox.moe/lxem5y.webm",
        "LinkMp3": "https://files.catbox.moe/74z1of.mp3",
        "annId": 5754,
        "songDifficulty": 6.666219381461466,
        "vintage": "Fall 2003",
        "correctPlayers": [
            "Hejsan",
            "asleep",
            "Edwardd",
            "gaaw"
        ]
    },
    {
        "animeEng": "Mob Psycho 100",
        "animeRomaji": "Mob Psycho 100",
        "songName": "99",
        "artist": "MOB CHOIR",
        "type": "Opening 1",
        "correctCount": 159,
        "startTime": 22,
        "songDuration": 89.064,
        "songNumber": 4,
        "activePlayerCount": 173,
        "LinkVideo": "https://files.catbox.moe/axn8xg.webm",
        "LinkMp3": "https://files.catbox.moe/zeh0v8.mp3",
        "annId": 18064,
        "songDifficulty": 66.06287456423246,
        "vintage": "Summer 2016"
    },
    {
        "animeEng": "Carole & Tuesday",
        "animeRomaji": "Carole & Tuesday",
        "songName": "MOTHER",
        "artist": "VOICES FROM MARS",
        "type": "Ending 5",
        "correctCount": 98,
        "startTime": 59,
        "songDuration": 423.048,
        "songNumber": 5,
        "activePlayerCount": 174,
        "LinkVideo": "https://files.catbox.moe/9s39u6.webm",
        "LinkMp3": "https://files.catbox.moe/widbmb.mp3",
        "annId": 21557,
        "songDifficulty": 44.217507929829104,
        "vintage": "Spring 2019"
    },
    {
        "animeEng": "Wasteful Days of High School Girls",
        "animeRomaji": "Joshikousei no Mudazukai",
        "songName": "Wa! Moon! dass! cry!",
        "artist": "Chinatsu Akasaki, Haruka Tomatsu, Aki Toyosaki",
        "type": "Opening 1",
        "correctCount": 79,
        "startTime": 7,
        "songDuration": 89.28,
        "songNumber": 6,
        "activePlayerCount": 174,
        "LinkVideo": "https://files.catbox.moe/0ms4ih.webm",
        "LinkMp3": "https://files.catbox.moe/p9e5np.mp3",
        "annId": 21762,
        "songDifficulty": 28.682090802420266,
        "vintage": "Summer 2019"
    },
    {
        "animeEng": "Muteki Robo Trider G7",
        "animeRomaji": "Muteki Robo Trider G7",
        "songName": "Trider G7",
        "artist": "Isao Taira",
        "type": "Opening 1",
        "correctCount": 7,
        "startTime": 4,
        "songDuration": 88.608,
        "songNumber": 7,
        "activePlayerCount": 176,
        "LinkVideo": "https://files.catbox.moe/oqgqso.webm",
        "LinkMp3": "https://files.catbox.moe/mwddkw.mp3",
        "annId": 2460,
        "songDifficulty": 19.428345475460123,
        "vintage": "Winter 1980"
    },
    {
        "animeEng": "Doraemon: Nobita's Fantastical Three Musketeers",
        "animeRomaji": "Doraemon: Nobita to Mugen Sankenshi",
        "songName": "Sekai wa Guu Choki Paa",
        "artist": "Tetsuya Takeda Ichiza",
        "type": "Ending 1",
        "correctCount": 3,
        "startTime": 65,
        "songDuration": 145.056,
        "songNumber": 8,
        "activePlayerCount": 177,
        "LinkVideo": "https://files.catbox.moe/zirul2.webm",
        "LinkMp3": "https://files.catbox.moe/2ryt7b.mp3",
        "annId": 1909,
        "songDifficulty": 11.28737460418397,
        "vintage": "Winter 1994",
        "correctPlayers": [
            "Jlin2",
            "SmartHardyz",
            "gaaw"
        ]
    },
    {
        "animeEng": "Utawarerumono: The False Faces",
        "animeRomaji": "Utawarerumono: Itsuwari no Kamen",
        "songName": "Nuedori",
        "artist": "Suara",
        "type": "Insert Song",
        "correctCount": 43,
        "startTime": 20,
        "songDuration": 93.048,
        "songNumber": 9,
        "activePlayerCount": 180,
        "LinkVideo": "https://files.catbox.moe/k5qy4k.webm",
        "LinkMp3": "https://files.catbox.moe/38cen2.mp3",
        "annId": 17186,
        "songDifficulty": 28.649607180477528,
        "vintage": "Fall 2015"
    },
    {
        "animeEng": "Hakata Mentai! Pirikarako-chan",
        "animeRomaji": "Hakata Mentai! Pirikarako-chan",
        "songName": "Pippi Pirikara, Pirikarako",
        "artist": "mathru@KanimisoP feat. Meika Hime & Mikoto",
        "type": "Ending 1",
        "correctCount": 69,
        "startTime": 0,
        "songDuration": 14.304,
        "songNumber": 10,
        "activePlayerCount": 182,
        "LinkVideo": "https://files.catbox.moe/qj21di.webm",
        "LinkMp3": "https://files.catbox.moe/pbw7vl.mp3",
        "annId": 22257,
        "songDifficulty": 26.82609627016129,
        "vintage": "Summer 2019"
    },
    {
        "animeEng": "Sailor Moon Sailor Stars",
        "animeRomaji": "Bishoujo Senshi Sailor Moon Sailor Stars",
        "songName": "Nagareboshi e",
        "artist": "Shiho Niiyama, Narumi Tsunoda, Chika Sakamoto",
        "type": "Insert Song",
        "correctCount": 9,
        "startTime": 86,
        "songDuration": 122.184,
        "songNumber": 11,
        "activePlayerCount": 183,
        "LinkVideo": "https://files.catbox.moe/rzdfb0.webm",
        "LinkMp3": "https://files.catbox.moe/0kb57g.mp3",
        "annId": 795,
        "songDifficulty": 17.361779477415965,
        "vintage": "Winter 1996"
    },
    {
        "animeEng": "Bludgeoning Angel Dokuro-Chan 2",
        "animeRomaji": "Bokusatsu Tenshi Dokuro-chan Second",
        "songName": "Bokusatsu Tenshi Dokuro-chan 2007",
        "artist": "Saeko Chiba",
        "type": "Opening 1",
        "correctCount": 72,
        "startTime": 32,
        "songDuration": 89.376,
        "songNumber": 12,
        "activePlayerCount": 182,
        "LinkVideo": "https://files.catbox.moe/aanoz4.webm",
        "LinkMp3": "https://files.catbox.moe/lcjbts.mp3",
        "annId": 8549,
        "songDifficulty": 26.17886122545915,
        "vintage": "Summer 2007"
    },
    {
        "animeEng": "Legend of Himiko",
        "animeRomaji": "Himiko-Den",
        "songName": "PURE SNOW",
        "artist": "Yuko Sasaki",
        "type": "Opening 1",
        "correctCount": 9,
        "startTime": 45,
        "songDuration": 99.552,
        "songNumber": 13,
        "activePlayerCount": 181,
        "LinkVideo": "https://files.catbox.moe/5rpv51.webm",
        "LinkMp3": "https://files.catbox.moe/4k17i5.mp3",
        "annId": 474,
        "songDifficulty": 8.563523526956107,
        "vintage": "Winter 1999"
    },
    {
        "animeEng": "Theatre of Darkness: Yamishibai",
        "animeRomaji": "Yami Shibai",
        "songName": "Shijuukunichi-me",
        "artist": "Nashimoto Ui feat. Hatsune Miku",
        "type": "Ending 1",
        "correctCount": 123,
        "startTime": 0,
        "songDuration": 29.52,
        "songNumber": 14,
        "activePlayerCount": 182,
        "LinkVideo": "https://files.catbox.moe/ry35fc.webm",
        "LinkMp3": "https://files.catbox.moe/b6v60u.mp3",
        "annId": 16156,
        "songDifficulty": 34.742024128686325,
        "vintage": "Summer 2014"
    },
    {
        "animeEng": "Kill Me Baby",
        "animeRomaji": "Kill Me Baby",
        "songName": "Futari no Kimochi no Honto no Himitsu",
        "artist": "Mutsumi Tamura & Chinatsu Akasaki",
        "type": "Ending 1",
        "correctCount": 92,
        "startTime": 3,
        "songDuration": 88.512,
        "songNumber": 15,
        "activePlayerCount": 182,
        "LinkVideo": "https://files.catbox.moe/hlyfax.webm",
        "LinkMp3": "https://files.catbox.moe/a5p2bj.mp3",
        "annId": 13289,
        "songDifficulty": 42.85797919711363,
        "vintage": "Winter 2012"
    },
    {
        "animeEng": "Duel Masters King",
        "animeRomaji": "Duel Masters King",
        "songName": "Kinkira KING",
        "artist": "Hayabusa",
        "type": "Opening 1",
        "correctCount": 12,
        "startTime": 47,
        "songDuration": 89.616,
        "songNumber": 16,
        "activePlayerCount": 183,
        "LinkVideo": "https://files.catbox.moe/nvsglo.webm",
        "LinkMp3": "https://files.catbox.moe/ptok9b.mp3",
        "annId": 23162,
        "songDifficulty": 14.790670955882353,
        "vintage": "Spring 2020"
    },
    {
        "animeEng": "Hi-sCool! Seha Girls",
        "animeRomaji": "Hi\u2606sCoool! SeHa Girls",
        "songName": "Gekitei (Geki! Teikoku Kageki-dan)",
        "artist": "Chisa Yokoyama & Teikoku Kageki-dan",
        "type": "Insert Song",
        "correctCount": 120,
        "startTime": 21,
        "songDuration": 70.056,
        "songNumber": 17,
        "activePlayerCount": 184,
        "LinkVideo": "https://files.catbox.moe/jegxnl.webm",
        "LinkMp3": "https://files.catbox.moe/xxjdiw.mp3",
        "annId": 16122,
        "songDifficulty": 39.748535514490094,
        "vintage": "Fall 2014"
    },
    {
        "animeEng": "Be-Boy Kidnapp'n Idol",
        "animeRomaji": "Be-Boy Kidnapp'n Idol",
        "songName": "MIDNIGHT D\u00e9j\u00e0 Vu",
        "artist": "Hideyuki Nagashima",
        "type": "Opening 1",
        "correctCount": 25,
        "startTime": 43,
        "songDuration": 146.424,
        "songNumber": 18,
        "activePlayerCount": 184,
        "LinkVideo": "https://files.catbox.moe/wzzqs5.webm",
        "LinkMp3": "https://files.catbox.moe/q96xcl.mp3",
        "annId": 2731,
        "songDifficulty": 14.312544181454758,
        "vintage": "Winter 1989"
    },
    {
        "animeEng": "Gundam Build Fighters Try",
        "animeRomaji": "Gundam Build Fighters Try",
        "songName": "Just Fly Away",
        "artist": "EDGE of LIFE",
        "type": "Opening 2",
        "correctCount": 16,
        "startTime": 10,
        "songDuration": 88.512,
        "songNumber": 19,
        "activePlayerCount": 183,
        "LinkVideo": "https://files.catbox.moe/gl9e7a.webm",
        "LinkMp3": "https://files.catbox.moe/nl0lzx.mp3",
        "annId": 16135,
        "songDifficulty": 21.90873650539784,
        "vintage": "Fall 2014"
    },
    {
        "animeEng": "Mirai",
        "animeRomaji": "Mirai no Mirai",
        "songName": "Mirai no Theme",
        "artist": "Tatsuro Yamashita",
        "type": "Opening 1",
        "correctCount": 68,
        "startTime": 54,
        "songDuration": 115.44,
        "songNumber": 20,
        "activePlayerCount": 183,
        "LinkVideo": "https://files.catbox.moe/kcfyw4.webm",
        "LinkMp3": "https://files.catbox.moe/64wa6u.mp3",
        "annId": 20425,
        "songDifficulty": 26.346805264993026,
        "vintage": "Summer 2018"
    },
    {
        "animeEng": "Pok\u00e9mon: Advanced",
        "animeRomaji": "Pocket Monsters: Advanced Generation",
        "songName": "Type:Wild",
        "artist": "Rica Matsumoto",
        "type": "Insert Song",
        "correctCount": 87,
        "startTime": 41,
        "songDuration": 107.496,
        "songNumber": 21,
        "activePlayerCount": 183,
        "LinkVideo": "https://files.catbox.moe/0cnpx5.webm",
        "LinkMp3": "https://files.catbox.moe/pyqjzq.mp3",
        "annId": 1873,
        "songDifficulty": 41.65188480473965,
        "vintage": "Fall 2002"
    },
    {
        "animeEng": "Pok\u00e9mon the Series: XYZ",
        "animeRomaji": "Pok\u00e9mon XY&Z",
        "songName": "V (Volt)",
        "artist": "Yusuke",
        "type": "Insert Song",
        "correctCount": 138,
        "startTime": 30,
        "songDuration": 125.064,
        "songNumber": 22,
        "activePlayerCount": 183,
        "LinkVideo": "https://files.catbox.moe/dgwunt.webm",
        "LinkMp3": "https://files.catbox.moe/lsrddy.mp3",
        "annId": 17650,
        "songDifficulty": 39.54690014753219,
        "vintage": "Fall 2015"
    },
    {
        "animeEng": "Saint Seiya the Heavens-Overture-",
        "animeRomaji": "Saint Seiya: Tenkai-hen Jousou - Overture",
        "songName": "Never -Saint Seiya no Theme-",
        "artist": "MAKE-UP",
        "type": "Ending 1",
        "correctCount": 8,
        "startTime": 85,
        "songDuration": 133.608,
        "songNumber": 23,
        "activePlayerCount": 183,
        "LinkVideo": "https://files.catbox.moe/ty6egr.webm",
        "LinkMp3": "https://files.catbox.moe/1ksvnw.mp3",
        "annId": 2973,
        "songDifficulty": 7.582252753458375,
        "vintage": "Winter 2004"
    },
    {
        "animeEng": "Nasu: Summer in Andalusia",
        "animeRomaji": "Nasu: Andalusia no Natsu",
        "songName": "Campo",
        "artist": "Minoru Hirano",
        "type": "Insert Song",
        "correctCount": 71,
        "startTime": 19,
        "songDuration": 79.728,
        "songNumber": 24,
        "activePlayerCount": 184,
        "LinkVideo": "https://files.catbox.moe/z6ywqc.webm",
        "LinkMp3": "https://files.catbox.moe/xsm7hb.mp3",
        "annId": 3,
        "songDifficulty": 19.80556974660463,
        "vintage": "Summer 2003"
    },
    {
        "animeEng": "Bottom-Tier Character Tomozaki",
        "animeRomaji": "Jaku-Chara Tomozaki-kun",
        "songName": "Ayafuwa Asterisk (for Minami Nanami)",
        "artist": "Ikumi Hasegawa",
        "type": "Ending 3",
        "correctCount": 90,
        "startTime": 50,
        "songDuration": 89.208,
        "songNumber": 25,
        "activePlayerCount": 185,
        "LinkVideo": "https://files.catbox.moe/3k65f1.webm",
        "LinkMp3": "https://files.catbox.moe/sz5s5b.mp3",
        "annId": 23783,
        "songDifficulty": 30.215785877997178,
        "vintage": "Winter 2021"
    },
    {
        "animeEng": "Love Live! Superstar!!",
        "animeRomaji": "Love Live! Superstar!!",
        "songName": "Oikakeru Yume no Saki de",
        "artist": "Liella!",
        "type": "Ending 2",
        "correctCount": 35,
        "startTime": 74,
        "songDuration": 106.043,
        "songNumber": 26,
        "activePlayerCount": 186,
        "LinkVideo": "https://files.catbox.moe/brw634.webm",
        "annId": 24897,
        "songDifficulty": 42.19948849104859,
        "vintage": "Summer 2022"
    },
    {
        "animeEng": "Aria the Natural",
        "animeRomaji": "Aria the Natural",
        "songName": "Kami to Hairpin to Watashi",
        "artist": "Yui Makino",
        "type": "Insert Song",
        "correctCount": 20,
        "startTime": 22,
        "songDuration": 58.056,
        "songNumber": 27,
        "activePlayerCount": 187,
        "LinkVideo": "https://files.catbox.moe/55kqe7.webm",
        "LinkMp3": "https://files.catbox.moe/8uay28.mp3",
        "annId": 6425,
        "songDifficulty": 20.806343366956078,
        "vintage": "Spring 2006"
    },
    {
        "animeEng": "PriPara",
        "animeRomaji": "PriPara",
        "songName": "LOVE TROOPER",
        "artist": "Prizmmy\u2606",
        "type": "Ending 6",
        "correctCount": 19,
        "startTime": 52,
        "songDuration": 88.2,
        "songNumber": 28,
        "activePlayerCount": 188,
        "LinkVideo": "https://files.catbox.moe/hc6rra.webm",
        "LinkMp3": "https://files.catbox.moe/9u0iyp.mp3",
        "annId": 16674,
        "songDifficulty": 20.41323676783377,
        "vintage": "Spring 2015"
    },
    {
        "animeEng": "Super Jetter",
        "animeRomaji": "Mirai kara Kita Shounen Super Jetter",
        "songName": "Super Jetter",
        "artist": "Kamitakada Shounen Gasshou-dan",
        "type": "Opening 1",
        "correctCount": 94,
        "startTime": 22,
        "songDuration": 65.064,
        "songNumber": 29,
        "activePlayerCount": 187,
        "LinkVideo": "https://files.catbox.moe/g37m6c.webm",
        "LinkMp3": "https://files.catbox.moe/ezt76q.mp3",
        "annId": 2364,
        "songDifficulty": 14.032199848024316,
        "vintage": "Winter 1965"
    },
    {
        "animeEng": "Space Patrol Luluco",
        "animeRomaji": "Uchuu Patrol Luluco",
        "songName": "CRYmax Doheijitsu",
        "artist": "Fujirokku (Kari)",
        "type": "Opening 1",
        "correctCount": 79,
        "startTime": 0,
        "songDuration": 28.992,
        "songNumber": 30,
        "activePlayerCount": 186,
        "LinkVideo": "https://files.catbox.moe/zfb1v0.webm",
        "LinkMp3": "https://files.catbox.moe/w046mn.mp3",
        "annId": 18054,
        "songDifficulty": 32.21245718496097,
        "vintage": "Spring 2016"
    },
    {
        "animeEng": "Mobile Suit Gundam Wing: Endless Waltz",
        "animeRomaji": "Shin Kidou Senki Gundam Wing: Endless Waltz",
        "songName": "WHITE REFLECTION",
        "artist": "TWO-MIX",
        "type": "Ending 1",
        "correctCount": 49,
        "startTime": 3,
        "songDuration": 132,
        "songNumber": 31,
        "activePlayerCount": 187,
        "LinkVideo": "https://files.catbox.moe/r4izvu.webm",
        "LinkMp3": "https://files.catbox.moe/v5e6vz.mp3",
        "annId": 255,
        "songDifficulty": 22.158928043735223,
        "vintage": "Winter 1997"
    },
    {
        "animeEng": "Ringing Bell",
        "animeRomaji": "Chirin no Suzu",
        "songName": "Chirin no Suzu",
        "artist": "The Brothers Four",
        "type": "Opening 1",
        "correctCount": 17,
        "startTime": 2,
        "songDuration": 120.552,
        "songNumber": 32,
        "activePlayerCount": 188,
        "LinkVideo": "https://files.catbox.moe/f44oti.webm",
        "LinkMp3": "https://files.catbox.moe/wqxr2j.mp3",
        "annId": 1459,
        "songDifficulty": 20.11974702862225,
        "vintage": "Winter 1978"
    },
    {
        "animeEng": "Ah! My Goddess",
        "animeRomaji": "Aa Megami-sama",
        "songName": "WING",
        "artist": "Yoko Takahashi",
        "type": "Ending 2",
        "correctCount": 11,
        "startTime": 12,
        "songDuration": 90.094778,
        "songNumber": 33,
        "activePlayerCount": 191,
        "LinkVideo": "https://files.catbox.moe/c64zzo.webm",
        "LinkMp3": "https://files.catbox.moe/1hyhlz.mp3",
        "annId": 3639,
        "songDifficulty": 12.042078383588265,
        "vintage": "Winter 2005"
    },
    {
        "animeEng": "Gulliver's Travels Beyond the Moon",
        "animeRomaji": "Gulliver no Uchuu Ryokou",
        "songName": "Yuuenchi no Uta",
        "artist": "Danny Iida, Paradise King, Nishirokugo Shounen Gasshou-dan",
        "type": "Insert Song",
        "correctCount": 2,
        "startTime": 62,
        "songDuration": 128.424,
        "songNumber": 34,
        "activePlayerCount": 191,
        "LinkVideo": "https://files.catbox.moe/cnu0ni.webm",
        "LinkMp3": "https://files.catbox.moe/kr59ud.mp3",
        "annId": 1945,
        "songDifficulty": 4.788097874092819,
        "vintage": "Winter 1965",
        "correctPlayers": [
            "AKl",
            "Zylda"
        ]
    },
    {
        "animeEng": "Digimon Adventure 02",
        "animeRomaji": "Digimon Adventure 02",
        "songName": "Butter-Fly",
        "artist": "Kouji Wada",
        "type": "Insert Song",
        "correctCount": 122,
        "startTime": 112,
        "songDuration": 142.68,
        "songNumber": 35,
        "activePlayerCount": 191,
        "LinkVideo": "https://files.catbox.moe/dkqxzy.webm",
        "LinkMp3": "https://files.catbox.moe/091iqd.mp3",
        "annId": 2170,
        "songDifficulty": 48.41770899936061,
        "vintage": "Spring 2000"
    },
    {
        "animeEng": "Paprika",
        "animeRomaji": "Paprika",
        "songName": "Byakkoya",
        "artist": "Susumu Hirasawa",
        "type": "Ending 1",
        "correctCount": 136,
        "startTime": 204,
        "songDuration": 283.968,
        "songNumber": 36,
        "activePlayerCount": 192,
        "LinkVideo": "https://files.catbox.moe/pn3cj8.webm",
        "LinkMp3": "https://files.catbox.moe/vxlqtq.mp3",
        "annId": 6142,
        "songDifficulty": 41.31454752520031,
        "vintage": "Fall 2006"
    },
    {
        "animeEng": "New Theatrical Movie Initial D Legend 2: Racer",
        "animeRomaji": "Shin Gekijouban Initial D Legend 2: Tousou",
        "songName": "Carry on (D version)",
        "artist": "BACKDRAFT SMITHS",
        "type": "Insert Song",
        "correctCount": 22,
        "startTime": 90,
        "songDuration": 124.758672,
        "songNumber": 37,
        "activePlayerCount": 193,
        "LinkVideo": "https://files.catbox.moe/q5ykb7.webm",
        "LinkMp3": "https://files.catbox.moe/ce9j0h.mp3",
        "annId": 16821,
        "songDifficulty": 15.135376892416934,
        "vintage": "Spring 2015"
    },
    {
        "animeEng": "Detective Conan",
        "animeRomaji": "Meitantei Conan",
        "songName": "GO YOUR OWN WAY",
        "artist": "Yumi Shizukusa",
        "type": "Ending 31",
        "correctCount": 45,
        "startTime": 29,
        "songDuration": 79.272,
        "songNumber": 38,
        "activePlayerCount": 193,
        "LinkVideo": "https://files.catbox.moe/5g5eug.webm",
        "LinkMp3": "https://files.catbox.moe/9adr49.mp3",
        "annId": 454,
        "songDifficulty": 21.73299525669643,
        "vintage": "Winter 1996"
    },
    {
        "animeEng": "Afro Samurai",
        "animeRomaji": "Afro Samurai",
        "songName": "AFRO THEME",
        "artist": "THE RZA",
        "type": "Opening 1",
        "correctCount": 109,
        "startTime": 0,
        "songDuration": 29.568,
        "songNumber": 39,
        "activePlayerCount": 193,
        "LinkVideo": "https://files.catbox.moe/sadix6.webm",
        "LinkMp3": "https://files.catbox.moe/6nloxy.mp3",
        "annId": 5275,
        "songDifficulty": 40.10225585158259,
        "vintage": "Winter 2007"
    },
    {
        "animeEng": "Dream Festival!",
        "animeRomaji": "DreFes!!!!!!",
        "songName": "Kimi wa Mi Amor",
        "artist": "KUROFUNE",
        "type": "Insert Song",
        "correctCount": 1,
        "startTime": 17,
        "songDuration": 92.496,
        "songNumber": 40,
        "activePlayerCount": 193,
        "LinkVideo": "https://files.catbox.moe/1gq7lf.webm",
        "LinkMp3": "https://files.catbox.moe/6zcmtl.mp3",
        "annId": 18665,
        "songDifficulty": 6.44953426728613,
        "vintage": "Summer 2016",
        "correctPlayers": [
            "Renegado"
        ]
    },
    {
        "animeEng": "Fireworks",
        "animeRomaji": "Uchiage Hanabi, Shita kara Miru ka? Yoko kara Miru ka?",
        "songName": "Uchiage Hanabi",
        "artist": "DAOKO \u00d7 Kenshi Yonezu",
        "type": "Ending 1",
        "correctCount": 142,
        "startTime": 138,
        "songDuration": 279.1445,
        "songNumber": 41,
        "activePlayerCount": 193,
        "LinkVideo": "https://files.catbox.moe/98lgh8.webm",
        "LinkMp3": "https://files.catbox.moe/n0yrp7.mp3",
        "annId": 19481,
        "songDifficulty": 43.6816555076199,
        "vintage": "Summer 2017"
    },
    {
        "animeEng": "Maken-Ki! Battling Venus",
        "animeRomaji": "Maken-Ki!",
        "songName": "Baby! Baby!",
        "artist": "Rina Satou & Rina Hidaka",
        "type": "Ending 10",
        "correctCount": 71,
        "startTime": 40,
        "songDuration": 86.112,
        "songNumber": 42,
        "activePlayerCount": 193,
        "LinkVideo": "https://files.catbox.moe/mi4age.webm",
        "LinkMp3": "https://files.catbox.moe/pkxs19.mp3",
        "annId": 12925,
        "songDifficulty": 24.921315371718038,
        "vintage": "Fall 2011"
    },
    {
        "animeEng": "Dirty Pair: Project Eden",
        "animeRomaji": "Dirty Pair Gekijouban",
        "songName": "Pas De Deux",
        "artist": "Miki Matsubara",
        "type": "Ending 1",
        "correctCount": 11,
        "startTime": 42,
        "songDuration": 190.056,
        "songNumber": 43,
        "activePlayerCount": 192,
        "LinkVideo": "https://files.catbox.moe/okti4w.webm",
        "LinkMp3": "https://files.catbox.moe/r05jwm.mp3",
        "annId": 585,
        "songDifficulty": 18.042755236335125,
        "vintage": "Fall 1986"
    },
    {
        "animeEng": "Bungo Stray Dogs: Dead Apple",
        "animeRomaji": "Bungo Stray Dogs: Dead Apple",
        "songName": "Nestiio",
        "artist": "Nahoko Kakiage",
        "type": "Insert Song",
        "correctCount": 12,
        "startTime": 113,
        "songDuration": 280.056,
        "songNumber": 44,
        "activePlayerCount": 192,
        "LinkVideo": "https://files.catbox.moe/k8hh9f.webm",
        "LinkMp3": "https://files.catbox.moe/gosuf4.mp3",
        "annId": 19773,
        "songDifficulty": 5.572054209344967,
        "vintage": "Winter 2018"
    },
    {
        "animeEng": "PriPara",
        "animeRomaji": "PriPara",
        "songName": "Marble Make up a-ha-ha!",
        "artist": "Himika Akaneya & Yuu Serizawa",
        "type": "Insert Song",
        "correctCount": 74,
        "startTime": 31,
        "songDuration": 120.696,
        "songNumber": 45,
        "activePlayerCount": 194,
        "LinkVideo": "https://files.catbox.moe/qnhdll.webm",
        "LinkMp3": "https://files.catbox.moe/55r5sz.mp3",
        "annId": 15916,
        "songDifficulty": 44.208489495354726,
        "vintage": "Summer 2014"
    },
    {
        "animeEng": "Meimon! The Third Baseball Club",
        "animeRomaji": "Meimon! Daisan Yakyuu-bu",
        "songName": "Seishun no Sagashimono",
        "artist": "Junko Kawada",
        "type": "Opening 3",
        "correctCount": 1,
        "startTime": 8,
        "songDuration": 94.872,
        "songNumber": 46,
        "activePlayerCount": 194,
        "LinkVideo": "https://files.catbox.moe/zfhu9t.webm",
        "LinkMp3": "https://files.catbox.moe/0at0q2.mp3",
        "annId": 2012,
        "songDifficulty": 18.126684800633843,
        "vintage": "Fall 1988",
        "correctPlayers": [
            "NicoleMizuki"
        ]
    },
    {
        "animeEng": "I Can't Understand What My Husband Is Saying",
        "animeRomaji": "Danna ga Nani o Itteiru ka Wakaranai Ken",
        "songName": "Ii Kagen ni Shite, Anata",
        "artist": "Kaoru to Hajime",
        "type": "Ending 1",
        "correctCount": 115,
        "startTime": 0,
        "songDuration": 29.592,
        "songNumber": 47,
        "activePlayerCount": 195,
        "LinkVideo": "https://files.catbox.moe/09aqnj.webm",
        "LinkMp3": "https://files.catbox.moe/f0c744.mp3",
        "annId": 16247,
        "songDifficulty": 34.19240043274168,
        "vintage": "Fall 2014"
    },
    {
        "animeEng": "Digimon Adventure",
        "animeRomaji": "Digimon Adventure",
        "songName": "brave heart",
        "artist": "Ayumi Miyazaki",
        "type": "Insert Song",
        "correctCount": 98,
        "startTime": 32,
        "songDuration": 231.456,
        "songNumber": 48,
        "activePlayerCount": 194,
        "LinkVideo": "https://files.catbox.moe/jtxz8g.webm",
        "LinkMp3": "https://files.catbox.moe/rmh7kq.mp3",
        "annId": 794,
        "songDifficulty": 43.39583956339713,
        "vintage": "Winter 1999"
    },
    {
        "animeEng": "The Saint's Magic Power is Omnipotent",
        "animeRomaji": "Seijo no Maryoku wa Bannou Desu",
        "songName": "Pray",
        "artist": "Aira Yuuki",
        "type": "Ending 2",
        "correctCount": 29,
        "startTime": 175,
        "songDuration": 227.904,
        "songNumber": 49,
        "activePlayerCount": 194,
        "LinkVideo": "https://files.catbox.moe/vpqnve.webm",
        "LinkMp3": "https://files.catbox.moe/8odmxz.mp3",
        "annId": 23896,
        "songDifficulty": 14.263026120981387,
        "vintage": "Spring 2021"
    },
    {
        "animeEng": "Nemurenu Yoru no Chiisana Ohanashi",
        "animeRomaji": "Nemurenu Yoru no Chiisana Ohanashi",
        "songName": "Ajisai no Uta",
        "artist": "Yuko Hara",
        "type": "Insert Song",
        "correctCount": 1,
        "startTime": 62,
        "songDuration": 156.096,
        "songNumber": 50,
        "activePlayerCount": 193,
        "LinkVideo": "https://files.catbox.moe/gwfq8q.webm",
        "LinkMp3": "https://files.catbox.moe/bmzf9l.mp3",
        "annId": 21643,
        "songDifficulty": 4.487179682804988,
        "vintage": "Spring 1992",
        "correctPlayers": [
            "Auchan"
        ]
    },
    {
        "animeEng": "Love Live! Nijigasaki High School Idol Club",
        "animeRomaji": "Love Live! School Idol Project Nijigasaki Gakuen School Idol Doukoukai",
        "songName": "DIVE!",
        "artist": "Tomori Kusunoki",
        "type": "Insert Song",
        "correctCount": 58,
        "startTime": 11,
        "songDuration": 111.792,
        "songNumber": 51,
        "activePlayerCount": 193,
        "LinkVideo": "https://files.catbox.moe/fqz7u8.webm",
        "LinkMp3": "https://files.catbox.moe/cjlfqk.mp3",
        "annId": 22934,
        "songDifficulty": 35.06743541422717,
        "vintage": "Fall 2020"
    },
    {
        "animeEng": "Princess Tutu",
        "animeRomaji": "Princess Tutu",
        "songName": "Morning Grace",
        "artist": "Ritsuko Okazaki",
        "type": "Opening 1",
        "correctCount": 74,
        "startTime": 26,
        "songDuration": 105.072,
        "songNumber": 52,
        "activePlayerCount": 192,
        "LinkVideo": "https://files.catbox.moe/h8jh1s.webm",
        "LinkMp3": "https://files.catbox.moe/ki48a3.mp3",
        "annId": 1267,
        "songDifficulty": 31.38224775288011,
        "vintage": "Summer 2002"
    },
    {
        "animeEng": "Saint Seiya: Legend of Sanctuary",
        "animeRomaji": "Saint Seiya: Legend of Sanctuary",
        "songName": "Mr. Deathmask",
        "artist": "Hiroaki Hirata",
        "type": "Insert Song",
        "correctCount": 14,
        "startTime": 71,
        "songDuration": 102.711704,
        "songNumber": 53,
        "activePlayerCount": 193,
        "LinkVideo": "https://files.catbox.moe/kdfhwt.webm",
        "LinkMp3": "https://files.catbox.moe/yf2jem.mp3",
        "annId": 14017,
        "songDifficulty": 9.205391201374916,
        "vintage": "Spring 2014"
    },
    {
        "animeEng": "Meganebu!",
        "animeRomaji": "Meganebu!",
        "songName": "Colorful World",
        "artist": "Tomohisa Sakou",
        "type": "Ending 1",
        "correctCount": 7,
        "startTime": 3,
        "songDuration": 87.048,
        "songNumber": 54,
        "activePlayerCount": 193,
        "LinkVideo": "https://files.catbox.moe/4xy2i1.webm",
        "LinkMp3": "https://files.catbox.moe/ddr6ag.mp3",
        "annId": 15479,
        "songDifficulty": 8.840839280140122,
        "vintage": "Fall 2013"
    },
    {
        "animeEng": "Tamayomi : The Baseball Girls",
        "animeRomaji": "Tamayomi",
        "songName": "Never Let You Go!",
        "artist": "NaHo",
        "type": "Opening 1",
        "correctCount": 46,
        "startTime": 37,
        "songDuration": 86.904,
        "songNumber": 55,
        "activePlayerCount": 193,
        "LinkVideo": "https://files.catbox.moe/m18z4b.webm",
        "LinkMp3": "https://files.catbox.moe/31kjnf.mp3",
        "annId": 22526,
        "songDifficulty": 18.242975785038098,
        "vintage": "Spring 2020"
    },
    {
        "animeEng": "Naruto the Movie: Ninja Clash in the Land of Snow",
        "animeRomaji": "Gekijouban Naruto: Daikatsugeki! Yuki Hime Ninpouchou Dattebayo!!",
        "songName": "Home Sweet Home",
        "artist": "YUKI",
        "type": "Ending 1",
        "correctCount": 20,
        "startTime": 128,
        "songDuration": 280.632,
        "songNumber": 56,
        "activePlayerCount": 194,
        "LinkVideo": "https://files.catbox.moe/kg616j.webm",
        "LinkMp3": "https://files.catbox.moe/gsvu8q.mp3",
        "annId": 3381,
        "songDifficulty": 9.895418058206106,
        "vintage": "Summer 2004"
    },
    {
        "animeEng": "Princess Principal",
        "animeRomaji": "Princess Principal",
        "songName": "A Page of My Story",
        "artist": "Akari Kageyama, Akira Sekine, Ayaka Imamura, Nozomi Furuki, You Taichi",
        "type": "Ending 1",
        "correctCount": 63,
        "startTime": 36,
        "songDuration": 89.256,
        "songNumber": 57,
        "activePlayerCount": 194,
        "LinkVideo": "https://files.catbox.moe/ugydsr.webm",
        "LinkMp3": "https://files.catbox.moe/ihoci4.mp3",
        "annId": 19393,
        "songDifficulty": 27.81555173527783,
        "vintage": "Summer 2017"
    },
    {
        "animeEng": "KONOSUBA: God\u2019s Blessing on This Wonderful World!",
        "animeRomaji": "Kono Subarashii Sekai ni Shukufuku o!",
        "songName": "fantastic dreamer",
        "artist": "Machico",
        "type": "Opening 1",
        "correctCount": 138,
        "startTime": 14,
        "songDuration": 90.48,
        "songNumber": 58,
        "activePlayerCount": 193,
        "LinkVideo": "https://files.catbox.moe/rt7xoy.webm",
        "LinkMp3": "https://files.catbox.moe/o24uwx.mp3",
        "annId": 17123,
        "songDifficulty": 45.69709187884945,
        "vintage": "Winter 2016"
    },
    {
        "animeEng": "Heroines Run the Show",
        "animeRomaji": "Heroine Tarumono! Kiraware Heroine to Naisho no Oshigoto",
        "songName": "Yume Fanfare",
        "artist": "LIP\u00d7LIP",
        "type": "Insert Song",
        "correctCount": 70,
        "startTime": 107,
        "songDuration": 156.408,
        "songNumber": 59,
        "activePlayerCount": 192,
        "LinkVideo": "https://files.catbox.moe/7pvakw.webm",
        "LinkMp3": "https://files.catbox.moe/4nq0po.mp3",
        "annId": 24673,
        "songDifficulty": 43.19030970982143,
        "vintage": "Spring 2022"
    },
    {
        "animeEng": "Sound! Euphonium 2",
        "animeRomaji": "Hibike! Euphonium 2",
        "songName": "Mikazuki no Mai",
        "artist": "Freshman Wind Ensemble",
        "type": "Insert Song",
        "correctCount": 107,
        "startTime": 348,
        "songDuration": 411.072,
        "songNumber": 60,
        "activePlayerCount": 192,
        "LinkVideo": "https://files.catbox.moe/b84k7d.webm",
        "LinkMp3": "https://files.catbox.moe/58ovsw.mp3",
        "annId": 18558,
        "songDifficulty": 50.16612778465347,
        "vintage": "Fall 2016"
    },
    {
        "animeEng": "Asobi Asobase: Workshop of Fun",
        "animeRomaji": "Asobi Asobase",
        "songName": "Three-Piece",
        "artist": "Hina Kino, Rika Nagae, Konomi Kohara",
        "type": "Opening 1",
        "correctCount": 110,
        "startTime": 30,
        "songDuration": 89.496,
        "songNumber": 61,
        "activePlayerCount": 191,
        "LinkVideo": "https://files.catbox.moe/di8e0y.webm",
        "LinkMp3": "https://files.catbox.moe/cu59md.mp3",
        "annId": 20583,
        "songDifficulty": 31.555351354480205,
        "vintage": "Summer 2018"
    },
    {
        "animeEng": "Engage Kiss",
        "animeRomaji": "Engage Kiss",
        "songName": "Darekare Scramble",
        "artist": "halca",
        "type": "Opening 1",
        "correctCount": 62,
        "startTime": 58,
        "songDuration": 89.352,
        "songNumber": 62,
        "activePlayerCount": 191,
        "LinkVideo": "https://files.catbox.moe/tr6k5o.webm",
        "LinkMp3": "https://files.catbox.moe/rxj7dk.mp3",
        "annId": 25474,
        "songDifficulty": 29.72226781616522,
        "vintage": "Summer 2022"
    },
    {
        "animeEng": "Senki Zesshou Symphogear XV",
        "animeRomaji": "Senki Zesshou Symphogear XV",
        "songName": "Shirogane no Honoo -keep the faith-",
        "artist": "Yoko Hikasa",
        "type": "Insert Song",
        "correctCount": 16,
        "startTime": 101,
        "songDuration": 149.064,
        "songNumber": 63,
        "activePlayerCount": 191,
        "LinkVideo": "https://files.catbox.moe/b4busl.webm",
        "LinkMp3": "https://files.catbox.moe/yi0bc6.mp3",
        "annId": 22019,
        "songDifficulty": 23.377456422322375,
        "vintage": "Summer 2019"
    },
    {
        "animeEng": "Geneshaft",
        "animeRomaji": "Geneshaft",
        "songName": "BROKEN CAMERA",
        "artist": "JI-ZO",
        "type": "Ending 1",
        "correctCount": 6,
        "startTime": 49,
        "songDuration": 77.0599,
        "songNumber": 64,
        "activePlayerCount": 191,
        "LinkVideo": "https://files.catbox.moe/rfttwt.webm",
        "LinkMp3": "https://files.catbox.moe/u1fjan.mp3",
        "annId": 467,
        "songDifficulty": 7.737078104933647,
        "vintage": "Spring 2001"
    },
    {
        "animeEng": "Rainbow",
        "animeRomaji": "Rainbow: Nisha Rokubou no Shichinin",
        "songName": "We're not alone",
        "artist": "coldrain",
        "type": "Opening 1",
        "correctCount": 108,
        "startTime": 25,
        "songDuration": 68.52,
        "songNumber": 65,
        "activePlayerCount": 191,
        "LinkVideo": "https://files.catbox.moe/816xrm.webm",
        "LinkMp3": "https://files.catbox.moe/e6mx5t.mp3",
        "annId": 9700,
        "songDifficulty": 36.18968216831042,
        "vintage": "Spring 2010"
    },
    {
        "animeEng": "Nisekoi",
        "animeRomaji": "Nisekoi",
        "songName": "STEP",
        "artist": "ClariS",
        "type": "Opening 2",
        "correctCount": 99,
        "startTime": 59,
        "songDuration": 88.896,
        "songNumber": 66,
        "activePlayerCount": 192,
        "LinkVideo": "https://files.catbox.moe/7ns2te.webm",
        "LinkMp3": "https://files.catbox.moe/bainco.mp3",
        "annId": 16607,
        "songDifficulty": 36.576084469080556,
        "vintage": "Fall 2014"
    },
    {
        "animeEng": "ViVid Strike!",
        "animeRomaji": "ViVid Strike!",
        "songName": "Future Strike",
        "artist": "Yui Ogura",
        "type": "Opening 1",
        "correctCount": 66,
        "startTime": 48,
        "songDuration": 89.064,
        "songNumber": 67,
        "activePlayerCount": 193,
        "LinkVideo": "https://files.catbox.moe/8ueqex.webm",
        "LinkMp3": "https://files.catbox.moe/8eqv28.mp3",
        "annId": 22452,
        "songDifficulty": 29.527443321078433,
        "vintage": "Winter 2017"
    },
    {
        "animeEng": "Bakukyuu Renpatsu!! Super B-Daman",
        "animeRomaji": "Bakukyuu Renpatsu!! Super B-Daman",
        "songName": "Hajikero! Max Shot",
        "artist": "Mizuking",
        "type": "Ending 1",
        "correctCount": 5,
        "startTime": 0,
        "songDuration": 74.64,
        "songNumber": 68,
        "activePlayerCount": 192,
        "LinkVideo": "https://files.catbox.moe/9w68zy.webm",
        "LinkMp3": "https://files.catbox.moe/v9tkj5.mp3",
        "annId": 22174,
        "songDifficulty": 3.7412005880604617,
        "vintage": "Winter 1999",
        "correctPlayers": [
            "AKl",
            "OnlyMonMusu",
            "SmartHardyz",
            "asleep",
            "Zylda"
        ]
    },
    {
        "animeEng": "Senyuu.",
        "animeRomaji": "Senyuu.",
        "songName": "THE MONSTERS",
        "artist": "JAM Project",
        "type": "Opening 1",
        "correctCount": 24,
        "startTime": 0,
        "songDuration": 88.396848,
        "songNumber": 69,
        "activePlayerCount": 193,
        "LinkVideo": "https://files.catbox.moe/okcllg.webm",
        "LinkMp3": "https://files.catbox.moe/mbeuu2.mp3",
        "annId": 14841,
        "songDifficulty": 18.697814883222115,
        "vintage": "Winter 2013"
    },
    {
        "animeEng": "The Cosmopolitan Prayers",
        "animeRomaji": "Chou Henshin Cos\u221ePrayer",
        "songName": "Inori no Uta",
        "artist": "rainbow colors",
        "type": "Insert Song",
        "correctCount": 18,
        "startTime": 37,
        "songDuration": 72.048925,
        "songNumber": 70,
        "activePlayerCount": 193,
        "LinkVideo": "https://files.catbox.moe/dma9j6.webm",
        "LinkMp3": "https://files.catbox.moe/x505mv.mp3",
        "annId": 3460,
        "songDifficulty": 12.260197835675838,
        "vintage": "Winter 2004"
    },
    {
        "animeEng": "Gate",
        "animeRomaji": "Gate: Jieitai Kanochi nite, Kaku Tatakaeri",
        "songName": "GATE ~Sore wa Akatsuki no You ni",
        "artist": "Kishida Kyoudan &THE Akeboshi Rockets",
        "type": "Opening 1",
        "correctCount": 144,
        "startTime": 25,
        "songDuration": 90.017975,
        "songNumber": 71,
        "activePlayerCount": 193,
        "LinkVideo": "https://files.catbox.moe/0uknlu.webm",
        "LinkMp3": "https://files.catbox.moe/ndr8fr.mp3",
        "annId": 16679,
        "songDifficulty": 33.73755266853932,
        "vintage": "Summer 2015"
    },
    {
        "animeEng": "Himitsu no Akko-chan",
        "animeRomaji": "Himitsu no Akko-chan",
        "songName": "Sukisuki Song",
        "artist": "Ado Mizumori",
        "type": "Ending 1",
        "correctCount": 119,
        "startTime": 8,
        "songDuration": 60.12,
        "songNumber": 72,
        "activePlayerCount": 195,
        "LinkVideo": "https://files.catbox.moe/923ddf.webm",
        "LinkMp3": "https://files.catbox.moe/g1lt1m.mp3",
        "annId": 1386,
        "songDifficulty": 39.77744462025316,
        "vintage": "Winter 1969"
    },
    {
        "animeEng": "Demon Slayer: Kimetsu no Yaiba The Movie - Mugen Train",
        "animeRomaji": "Gekijouban Kimetsu no Yaiba: Mugen Ressha-hen",
        "songName": "Homura",
        "artist": "LiSA",
        "type": "Ending 1",
        "correctCount": 112,
        "startTime": 180,
        "songDuration": 269.232,
        "songNumber": 73,
        "activePlayerCount": 194,
        "LinkVideo": "https://files.catbox.moe/w0f6i5.webm",
        "LinkMp3": "https://files.catbox.moe/ebodlo.mp3",
        "annId": 23040,
        "songDifficulty": 30.32050993252588,
        "vintage": "Fall 2020"
    },
    {
        "animeEng": "Symphogear",
        "animeRomaji": "Senki Zesshou Symphogear",
        "songName": "FLIGHT FEATHERS",
        "artist": "Nana Mizuki",
        "type": "Insert Song",
        "correctCount": 68,
        "startTime": 115,
        "songDuration": 158.712,
        "songNumber": 74,
        "activePlayerCount": 195,
        "LinkVideo": "https://files.catbox.moe/vcc1f7.webm",
        "LinkMp3": "https://files.catbox.moe/670tdf.mp3",
        "annId": 13659,
        "songDifficulty": 28.332999264262,
        "vintage": "Winter 2012"
    },
    {
        "animeEng": "Akiba's Trip: The Animation",
        "animeRomaji": "Akiba's Trip: The Animation",
        "songName": "Sankei Tousen!",
        "artist": "Manias",
        "type": "Ending 4",
        "correctCount": 31,
        "startTime": 47,
        "songDuration": 89.304,
        "songNumber": 75,
        "activePlayerCount": 195,
        "LinkVideo": "https://files.catbox.moe/hg3ijp.webm",
        "LinkMp3": "https://files.catbox.moe/jehqgs.mp3",
        "annId": 18734,
        "songDifficulty": 19.19157801838514,
        "vintage": "Winter 2017"
    },
    {
        "animeEng": "Eiga Precure All Stars: Minna de Utau\u266a Kiseki no Mahou!",
        "animeRomaji": "Eiga Precure All Stars: Minna de Utau\u266a Kiseki no Mahou!",
        "songName": "Miracle Go! Princess Precure",
        "artist": "Karin Isobe",
        "type": "Insert Song",
        "correctCount": 153,
        "startTime": 0,
        "songDuration": 28.21176,
        "songNumber": 76,
        "activePlayerCount": 195,
        "LinkVideo": "https://files.catbox.moe/es74d8.webm",
        "LinkMp3": "https://files.catbox.moe/msnrnr.mp3",
        "annId": 17996,
        "songDifficulty": 44.99974269093079,
        "vintage": "Winter 2016"
    },
    {
        "animeEng": "The Numbers",
        "animeRomaji": "Nanbaka",
        "songName": "Rin! Rin! Hi! Hi!",
        "artist": "Hashiguchikanaderiya hugs The Super Ball",
        "type": "Opening 1",
        "correctCount": 125,
        "startTime": 33,
        "songDuration": 87.84,
        "songNumber": 77,
        "activePlayerCount": 195,
        "LinkVideo": "https://files.catbox.moe/iobsd5.webm",
        "LinkMp3": "https://files.catbox.moe/pyz4kz.mp3",
        "annId": 18196,
        "songDifficulty": 34.54222605224964,
        "vintage": "Fall 2016"
    },
    {
        "animeEng": "Le Chevalier D'Eon",
        "animeRomaji": "Le Chevalier D'Eon",
        "songName": "BORN",
        "artist": "Miwako Okuda",
        "type": "Opening 1",
        "correctCount": 18,
        "startTime": 53,
        "songDuration": 88.997654,
        "songNumber": 78,
        "activePlayerCount": 195,
        "LinkVideo": "https://files.catbox.moe/09r6ta.webm",
        "LinkMp3": "https://files.catbox.moe/ohvg63.mp3",
        "annId": 6536,
        "songDifficulty": 14.080218668229394,
        "vintage": "Summer 2006"
    },
    {
        "animeEng": "Dragon Ball Z",
        "animeRomaji": "Dragon Ball Z",
        "songName": "Boku-tachi wa Tenshi datta",
        "artist": "Hironobu Kageyama",
        "type": "Ending 2",
        "correctCount": 55,
        "startTime": 2,
        "songDuration": 95.057958,
        "songNumber": 79,
        "activePlayerCount": 194,
        "LinkVideo": "https://files.catbox.moe/mly8uq.webm",
        "LinkMp3": "https://files.catbox.moe/tjq9bo.mp3",
        "annId": 244,
        "songDifficulty": 40.63185141509434,
        "vintage": "Spring 1989"
    },
    {
        "animeEng": "Ghost in the Shell: Stand Alone Complex 2nd GIG",
        "animeRomaji": "Koukaku Kidoutai S.A.C. 2nd GIG",
        "songName": "I Can't Be Cool",
        "artist": "Ilaria Graziano",
        "type": "Insert Song",
        "correctCount": 18,
        "startTime": 20,
        "songDuration": 89.256,
        "songNumber": 80,
        "activePlayerCount": 193,
        "LinkVideo": "https://files.catbox.moe/5gb6zd.webm",
        "LinkMp3": "https://files.catbox.moe/5ppiad.mp3",
        "annId": 8495,
        "songDifficulty": 19.322628630050506,
        "vintage": "Winter 2004"
    },
    {
        "animeEng": "No Game No Life",
        "animeRomaji": "No Game No Life",
        "songName": "This game",
        "artist": "Konomi Suzuki",
        "type": "Opening 1",
        "correctCount": 88,
        "startTime": 42,
        "songDuration": 88.56,
        "songNumber": 81,
        "activePlayerCount": 191,
        "LinkVideo": "https://files.catbox.moe/ulrtzw.webm",
        "LinkMp3": "https://files.catbox.moe/4ph8y8.mp3",
        "annId": 15784,
        "songDifficulty": 58.008238121554065,
        "vintage": "Spring 2014"
    },
    {
        "animeEng": "The King of Braves GaoGaiGar",
        "animeRomaji": "Yuusha-Oh GaoGaiGar",
        "songName": "GGG March",
        "artist": "Masaaki Endoh",
        "type": "Insert Song",
        "correctCount": 9,
        "startTime": 61,
        "songDuration": 130.128,
        "songNumber": 82,
        "activePlayerCount": 193,
        "LinkVideo": "https://files.catbox.moe/wcqg2t.webm",
        "LinkMp3": "https://files.catbox.moe/pctq3v.mp3",
        "annId": 1170,
        "songDifficulty": 19.54484294231673,
        "vintage": "Winter 1997"
    },
    {
        "animeEng": "Komi Can't Communicate",
        "animeRomaji": "Komi-san wa Comyushou desu.",
        "songName": "Koshaberi Biyori",
        "artist": "FantasticYouth",
        "type": "Ending 1",
        "correctCount": 74,
        "startTime": 56,
        "songDuration": 88.944,
        "songNumber": 83,
        "activePlayerCount": 193,
        "LinkVideo": "https://files.catbox.moe/25rudy.webm",
        "LinkMp3": "https://files.catbox.moe/t1gbuk.mp3",
        "annId": 25077,
        "songDifficulty": 34.654216918634276,
        "vintage": "Spring 2022"
    },
    {
        "animeEng": "Blue Comet SPT Layzner",
        "animeRomaji": "Aoki Ryuusei SPT Layzner",
        "songName": "Melos no You ni -LONELY WAY-",
        "artist": "AIRMAIL from NAGASAKI",
        "type": "Opening 1",
        "correctCount": 22,
        "startTime": 31,
        "songDuration": 97.296,
        "songNumber": 84,
        "activePlayerCount": 193,
        "LinkVideo": "https://files.catbox.moe/85zx2b.webm",
        "LinkMp3": "https://files.catbox.moe/lpz081.mp3",
        "annId": 1161,
        "songDifficulty": 19.757163815959647,
        "vintage": "Fall 1985"
    },
    {
        "animeEng": "selector infected WIXOSS",
        "animeRomaji": "selector infected WIXOSS",
        "songName": "killy killy JOKER",
        "artist": "Kanon Wakeshima",
        "type": "Opening 1",
        "correctCount": 90,
        "startTime": 32,
        "songDuration": 89.568,
        "songNumber": 85,
        "activePlayerCount": 183,
        "LinkVideo": "https://files.catbox.moe/mjeupf.webm",
        "LinkMp3": "https://files.catbox.moe/c7ga3l.mp3",
        "annId": 15894,
        "songDifficulty": 25.95298579029863,
        "vintage": "Spring 2014"
    }
]