[
    {
        "animeEng": "Initial D: Fourth Stage",
        "animeRomaji": "Initial D: Fourth Stage",
        "songName": "LOOKA BOMBA",
        "artist": "GO 2",
        "type": "Insert Song",
        "correctCount": 16,
        "startTime": 122,
        "songDuration": 240.048,
        "songNumber": 1,
        "activePlayerCount": 116,
        "LinkVideo": "https://files.catbox.moe/fufy39.webm",
        "LinkMp3": "https://files.catbox.moe/lo6edp.mp3",
        "annId": 3396,
        "songDifficulty": 23.122686858675372,
        "vintage": "Spring 2004"
    },
    {
        "animeEng": "Toaru Majutsu no Index 10th Anniversary PV",
        "animeRomaji": "Toaru Majutsu no Index 10th Anniversary PV",
        "songName": "Where I Belong... Zutto",
        "artist": "Mami Kawada",
        "type": "Insert Song",
        "correctCount": 11,
        "startTime": 35,
        "songDuration": 88.728,
        "songNumber": 2,
        "activePlayerCount": 118,
        "LinkVideo": "https://files.catbox.moe/e0oim3.webm",
        "LinkMp3": "https://files.catbox.moe/9k1qbd.mp3",
        "annId": 23598,
        "songDifficulty": 11.732364965763404,
        "vintage": "Summer 2014"
    },
    {
        "animeEng": "Gakkou no Kowai Uwasa: Hanako-san ga Kita!!",
        "animeRomaji": "Gakkou no Kowai Uwasa: Hanako-san ga Kita!!",
        "songName": "Hanako-san ga Kita!!",
        "artist": "Mayutan",
        "type": "Opening 1",
        "correctCount": 43,
        "startTime": 1,
        "songDuration": 44.976,
        "songNumber": 3,
        "activePlayerCount": 122,
        "LinkVideo": "https://files.catbox.moe/lrjtgp.webm",
        "LinkMp3": "https://files.catbox.moe/obf44s.mp3",
        "annId": 2204,
        "songDifficulty": 12.610146332863188,
        "vintage": "Summer 1994"
    },
    {
        "animeEng": "My Dear Marie",
        "animeRomaji": "Boku no Marie",
        "songName": "HELLO, STRANGE DAYS",
        "artist": "Yuko Miyamura",
        "type": "Ending 1",
        "correctCount": 2,
        "startTime": 19,
        "songDuration": 191.04,
        "songNumber": 4,
        "activePlayerCount": 124,
        "LinkVideo": "https://files.catbox.moe/hfhw05.webm",
        "LinkMp3": "https://files.catbox.moe/4khryr.mp3",
        "annId": 697,
        "songDifficulty": 5.669456893477697,
        "vintage": "Winter 1996",
        "correctPlayers": [
            "Hejsan",
            "uy5gf"
        ]
    },
    {
        "animeEng": "Btooom!",
        "animeRomaji": "Btooom!",
        "songName": "No pain, No game",
        "artist": "nano",
        "type": "Opening 1",
        "correctCount": 87,
        "startTime": 1,
        "songDuration": 86.952,
        "songNumber": 5,
        "activePlayerCount": 127,
        "LinkVideo": "https://files.catbox.moe/s38fvj.webm",
        "LinkMp3": "https://files.catbox.moe/yq637t.mp3",
        "annId": 14418,
        "songDifficulty": 43.48526863947746,
        "vintage": "Fall 2012"
    },
    {
        "animeEng": "Strange+",
        "animeRomaji": "Strange+",
        "songName": "Beauty Boy",
        "artist": "Jun Fukuyama",
        "type": "Opening 1",
        "correctCount": 25,
        "startTime": 0,
        "songDuration": 24.912,
        "songNumber": 6,
        "activePlayerCount": 133,
        "LinkVideo": "https://files.catbox.moe/bhzyit.webm",
        "LinkMp3": "https://files.catbox.moe/wazrpp.mp3",
        "annId": 15731,
        "songDifficulty": 15.121042479602696,
        "vintage": "Winter 2014"
    },
    {
        "animeEng": "Ojii-san no Lamp",
        "animeRomaji": "Ojii-san no Lamp",
        "songName": "Negai Tomosu Koro e",
        "artist": "Emiko Shiratori",
        "type": "Ending 1",
        "correctCount": 6,
        "startTime": 22,
        "songDuration": 60.576918,
        "songNumber": 7,
        "activePlayerCount": 131,
        "LinkVideo": "https://files.catbox.moe/sqj0e9.webm",
        "LinkMp3": "https://files.catbox.moe/2lf5kb.mp3",
        "annId": 12511,
        "songDifficulty": 5.907329441855754,
        "vintage": "Winter 2011"
    },
    {
        "animeEng": "Luck & Logic",
        "animeRomaji": "Luck & Logic",
        "songName": "STORY",
        "artist": "Kensho Ono",
        "type": "Opening 1",
        "correctCount": 30,
        "startTime": 29,
        "songDuration": 90.048,
        "songNumber": 8,
        "activePlayerCount": 133,
        "LinkVideo": "https://files.catbox.moe/72hkcv.webm",
        "LinkMp3": "https://files.catbox.moe/atmwr0.mp3",
        "annId": 17833,
        "songDifficulty": 18.6264075259442,
        "vintage": "Winter 2016"
    },
    {
        "animeEng": "Little Remi and Famous Dog Kapi",
        "animeRomaji": "Chibikko Remi to Meiken Kapi",
        "songName": "Remi no Uta",
        "artist": "Fontaine Harmony, Etsuko Ichihara, Yukari Asai, Seisoku Tomotake",
        "type": "Opening 1",
        "correctCount": 33,
        "startTime": 39,
        "songDuration": 72.288,
        "songNumber": 9,
        "activePlayerCount": 132,
        "LinkVideo": "https://files.catbox.moe/98on47.webm",
        "LinkMp3": "https://files.catbox.moe/oxyjy2.mp3",
        "annId": 3567,
        "songDifficulty": 9.793878199509116,
        "vintage": "Winter 1970"
    },
    {
        "animeEng": "Peter Pan: The Animated Series",
        "animeRomaji": "Peter Pan no Bouken",
        "songName": "Mouichido Peter Pan",
        "artist": "Yuuyu",
        "type": "Opening 1",
        "correctCount": 5,
        "startTime": 54,
        "songDuration": 88.536,
        "songNumber": 10,
        "activePlayerCount": 133,
        "LinkVideo": "https://files.catbox.moe/kdmsmj.webm",
        "LinkMp3": "https://files.catbox.moe/pzw3zh.mp3",
        "annId": 1734,
        "songDifficulty": 7.360152084187859,
        "vintage": "Winter 1989",
        "correctPlayers": [
            "Hejsan",
            "channina",
            "bamboo",
            "Rukawa11",
            "Janoxx"
        ]
    },
    {
        "animeEng": "Violet Evergarden",
        "animeRomaji": "Violet Evergarden",
        "songName": "Michishirube",
        "artist": "Minori Chihara",
        "type": "Ending 1",
        "correctCount": 101,
        "startTime": 21,
        "songDuration": 87.768,
        "songNumber": 11,
        "activePlayerCount": 134,
        "LinkVideo": "https://files.catbox.moe/cbrrdr.webm",
        "LinkMp3": "https://files.catbox.moe/ftgqmf.mp3",
        "annId": 19665,
        "songDifficulty": 43.78931439347853,
        "vintage": "Winter 2018"
    },
    {
        "animeEng": "Spy \u00d7 Family",
        "animeRomaji": "Spy \u00d7 Family",
        "songName": "Mixed Nuts",
        "artist": "Official HIGE DANdism",
        "type": "Opening 1",
        "correctCount": 108,
        "startTime": 21,
        "songDuration": 88.056,
        "songNumber": 12,
        "activePlayerCount": 135,
        "LinkVideo": "https://files.catbox.moe/pxds9u.webm",
        "LinkMp3": "https://files.catbox.moe/jpl7nw.mp3",
        "annId": 24917,
        "songDifficulty": 58.91261671818732,
        "vintage": "Spring 2022"
    },
    {
        "animeEng": "Galaxy Angel A",
        "animeRomaji": "Galaxy Angel A",
        "songName": "Anata o Ai Shiteiru kara",
        "artist": "Mayumi Yamaguchi",
        "type": "Insert Song",
        "correctCount": 2,
        "startTime": 30,
        "songDuration": 72.552,
        "songNumber": 13,
        "activePlayerCount": 137,
        "LinkVideo": "https://files.catbox.moe/pqinvt.webm",
        "LinkMp3": "https://files.catbox.moe/l9g7mw.mp3",
        "annId": 2142,
        "songDifficulty": 15.604078534388647,
        "vintage": "Fall 2002",
        "correctPlayers": [
            "Janoxx",
            "gaaw"
        ]
    },
    {
        "animeEng": "Twin Star Exorcists",
        "animeRomaji": "Sousei no Onmyouji",
        "songName": "15",
        "artist": "GIRLFRIEND",
        "type": "Ending 4",
        "correctCount": 3,
        "startTime": 10,
        "songDuration": 105.408,
        "songNumber": 14,
        "activePlayerCount": 140,
        "LinkVideo": "https://files.catbox.moe/sxmsfa.webm",
        "LinkMp3": "https://files.catbox.moe/lpiis0.mp3",
        "annId": 17890,
        "songDifficulty": 5.634966381750871,
        "vintage": "Spring 2016",
        "correctPlayers": [
            "ArronChu",
            "MaikaLover233",
            "Kiriemon"
        ]
    },
    {
        "animeEng": "Magical Mako-chan",
        "animeRomaji": "Mahou no Mako-chan",
        "songName": "Mahou no Mako-chan",
        "artist": "Mitsuko Horie",
        "type": "Opening 1",
        "correctCount": 5,
        "startTime": 15,
        "songDuration": 46.344,
        "songNumber": 15,
        "activePlayerCount": 138,
        "LinkVideo": "https://files.catbox.moe/eb5xfr.webm",
        "LinkMp3": "https://files.catbox.moe/0587if.mp3",
        "annId": 1387,
        "songDifficulty": 32.007584370512205,
        "vintage": "Fall 1970",
        "correctPlayers": [
            "Jerma985",
            "bamboo",
            "Rukawa11",
            "Thaleko",
            "tomokarin"
        ]
    },
    {
        "animeEng": "Corpse Princess: Aka",
        "animeRomaji": "Shikabane Hime: Aka",
        "songName": "Beautiful fighter",
        "artist": "angela",
        "type": "Opening 1",
        "correctCount": 10,
        "startTime": 15,
        "songDuration": 88.919288,
        "songNumber": 16,
        "activePlayerCount": 138,
        "LinkVideo": "https://files.catbox.moe/2thdnq.webm",
        "LinkMp3": "https://files.catbox.moe/jwvxr1.mp3",
        "annId": 10053,
        "songDifficulty": 18.165708142201836,
        "vintage": "Fall 2008"
    },
    {
        "animeEng": "Dream Hunter Rem",
        "animeRomaji": "Dream Hunter Rem",
        "songName": "Yasashii Koi Dorobou",
        "artist": "Naoko Matsui",
        "type": "Insert Song",
        "correctCount": 2,
        "startTime": 21,
        "songDuration": 110.928,
        "songNumber": 17,
        "activePlayerCount": 140,
        "LinkVideo": "https://files.catbox.moe/914ngt.webm",
        "LinkMp3": "https://files.catbox.moe/xsm96v.mp3",
        "annId": 2119,
        "songDifficulty": 8.71349818105916,
        "vintage": "Spring 1985",
        "correctPlayers": [
            "Hejsan",
            "STRIKEMAN"
        ]
    },
    {
        "animeEng": "Science Ninja Team Gatchaman Fighter",
        "animeRomaji": "Kagaku Ninja-tai Gatchaman F",
        "songName": "Gatchaman Fighter",
        "artist": "Isao Sasaki & Columbia Yurikago-kai",
        "type": "Opening 1",
        "correctCount": 9,
        "startTime": 15,
        "songDuration": 78.408,
        "songNumber": 18,
        "activePlayerCount": 142,
        "LinkVideo": "https://files.catbox.moe/gb8g9r.webm",
        "LinkMp3": "https://files.catbox.moe/uzxqmv.mp3",
        "annId": 1220,
        "songDifficulty": 14.84520555579144,
        "vintage": "Fall 1979"
    },
    {
        "animeEng": "The Promised Neverland",
        "animeRomaji": "Yakusoku no Neverland",
        "songName": "Touch off",
        "artist": "UVERworld",
        "type": "Opening 1",
        "correctCount": 112,
        "startTime": 51,
        "songDuration": 89.568,
        "songNumber": 19,
        "activePlayerCount": 138,
        "LinkVideo": "https://files.catbox.moe/dpymb3.webm",
        "LinkMp3": "https://files.catbox.moe/bij29k.mp3",
        "annId": 21552,
        "songDifficulty": 54.506562495682566,
        "vintage": "Winter 2019"
    },
    {
        "animeEng": "When They Cry Kai",
        "animeRomaji": "Higurashi no Naku Koro ni Kai",
        "songName": "Naraku no Hana",
        "artist": "Eiko Shimamiya",
        "type": "Opening 1",
        "correctCount": 78,
        "startTime": 20,
        "songDuration": 95.64,
        "songNumber": 20,
        "activePlayerCount": 139,
        "LinkVideo": "https://files.catbox.moe/6gww6w.webm",
        "LinkMp3": "https://files.catbox.moe/81991h.mp3",
        "annId": 7454,
        "songDifficulty": 29.81807837736906,
        "vintage": "Summer 2007"
    },
    {
        "animeEng": "22/7 (Nanabun no Nijyuuni)",
        "animeRomaji": "22/7",
        "songName": "Kamisama ni Yubi o Sasareta Boku-tachi",
        "artist": "Moe Suzuhana & Urara Takatsuji & Aina Takeda",
        "type": "Ending 1",
        "correctCount": 15,
        "startTime": 6,
        "songDuration": 88.2,
        "songNumber": 21,
        "activePlayerCount": 141,
        "LinkVideo": "https://files.catbox.moe/v5jm81.webm",
        "LinkMp3": "https://files.catbox.moe/v8txxu.mp3",
        "annId": 23687,
        "songDifficulty": 14.687744794456346,
        "vintage": "Summer 2020"
    },
    {
        "animeEng": "eX-Driver the Movie",
        "animeRomaji": "eX-Driver the Movie",
        "songName": "LET ME GO!",
        "artist": "Masaaki Endoh",
        "type": "Insert Song",
        "correctCount": 0,
        "startTime": 6,
        "songDuration": 48.096,
        "songNumber": 22,
        "activePlayerCount": 140,
        "LinkVideo": "https://files.catbox.moe/wphv6h.webm",
        "LinkMp3": "https://files.catbox.moe/y2ghpc.mp3",
        "annId": 877,
        "songDifficulty": 4.6836372527841785,
        "vintage": "Spring 2002"
    },
    {
        "animeEng": "Digimon Adventure 02",
        "animeRomaji": "Digimon Adventure 02",
        "songName": "Butter-Fly",
        "artist": "Kouji Wada",
        "type": "Insert Song",
        "correctCount": 115,
        "startTime": 53,
        "songDuration": 142.68,
        "songNumber": 23,
        "activePlayerCount": 142,
        "LinkVideo": "https://files.catbox.moe/dkqxzy.webm",
        "LinkMp3": "https://files.catbox.moe/091iqd.mp3",
        "annId": 2170,
        "songDifficulty": 48.84454226830087,
        "vintage": "Spring 2000"
    },
    {
        "animeEng": "Kanon Kazahana",
        "animeRomaji": "Kanon Kazahana",
        "songName": "flower",
        "artist": "Miho Fujiwara",
        "type": "Ending 1",
        "correctCount": 9,
        "startTime": 36,
        "songDuration": 81.744,
        "songNumber": 24,
        "activePlayerCount": 142,
        "LinkVideo": "https://files.catbox.moe/5s3exx.webm",
        "LinkMp3": "https://files.catbox.moe/uaeiv4.mp3",
        "annId": 3788,
        "songDifficulty": 18.424479675292968,
        "vintage": "Spring 2003"
    },
    {
        "animeEng": "Beyblade Burst GT",
        "animeRomaji": "Beyblade Burst Gachi",
        "songName": "GATTI'N'ROLL",
        "artist": "Kei Iwasaki [Sekaiichi]",
        "type": "Opening 1",
        "correctCount": 72,
        "startTime": 10,
        "songDuration": 43.937204,
        "songNumber": 25,
        "activePlayerCount": 142,
        "LinkVideo": "https://files.catbox.moe/tktmni.webm",
        "LinkMp3": "https://files.catbox.moe/oy6xl1.mp3",
        "annId": 21818,
        "songDifficulty": 25.419259178321678,
        "vintage": "Spring 2019"
    },
    {
        "animeEng": "Digimon Fusion",
        "animeRomaji": "Digimon Xros Wars",
        "songName": "Evolution & DigiXros ver. TAIKI",
        "artist": "Kouji Wada",
        "type": "Insert Song",
        "correctCount": 31,
        "startTime": 7,
        "songDuration": 111.984,
        "songNumber": 26,
        "activePlayerCount": 142,
        "LinkVideo": "https://files.catbox.moe/weknpe.webm",
        "LinkMp3": "https://files.catbox.moe/pumn44.mp3",
        "annId": 11450,
        "songDifficulty": 23.188146343427835,
        "vintage": "Summer 2010"
    },
    {
        "animeEng": "CATMAN series II",
        "animeRomaji": "CATMAN series II",
        "songName": "Hey Hey",
        "artist": "The Planet Smashers",
        "type": "Ending 6",
        "correctCount": 38,
        "startTime": 24,
        "songDuration": 76.464,
        "songNumber": 27,
        "activePlayerCount": 143,
        "LinkVideo": "https://files.catbox.moe/2johmh.webm",
        "LinkMp3": "https://files.catbox.moe/9ylyw0.mp3",
        "annId": 24933,
        "songDifficulty": 27.052005624412594,
        "vintage": "Winter 2002"
    },
    {
        "animeEng": "Samurai 7",
        "animeRomaji": "Samurai 7",
        "songName": "JUSTICE",
        "artist": "Coming Century",
        "type": "Opening 1",
        "correctCount": 2,
        "startTime": 48,
        "songDuration": 89.592,
        "songNumber": 28,
        "activePlayerCount": 145,
        "LinkVideo": "https://files.catbox.moe/tcu86l.webm",
        "LinkMp3": "https://files.catbox.moe/f8d2a8.mp3",
        "annId": 3127,
        "songDifficulty": 10.19822628997093,
        "vintage": "Spring 2004",
        "correctPlayers": [
            "Rukawa11",
            "Janoxx"
        ]
    },
    {
        "animeEng": "Action Heroine Cheer Fruits",
        "animeRomaji": "Action Heroine Cheer Fruits",
        "songName": "Tsumui deku Memory",
        "artist": "Haruka Ishida",
        "type": "Insert Song",
        "correctCount": 3,
        "startTime": 3,
        "songDuration": 36.024,
        "songNumber": 29,
        "activePlayerCount": 146,
        "LinkVideo": "https://files.catbox.moe/mg995b.webm",
        "LinkMp3": "https://files.catbox.moe/v97ehv.mp3",
        "annId": 19478,
        "songDifficulty": 7.576531589198179,
        "vintage": "Summer 2017",
        "correctPlayers": [
            "ArukasFrost",
            "lucietoo",
            "HoshinoAi"
        ]
    },
    {
        "animeEng": "The Irregular at Magic High School",
        "animeRomaji": "Mahouka Koukou no Rettousei",
        "songName": "code break",
        "artist": "Lotus Juice",
        "type": "Insert Song",
        "correctCount": 55,
        "startTime": 4,
        "songDuration": 100.2,
        "songNumber": 30,
        "activePlayerCount": 146,
        "LinkVideo": "https://files.catbox.moe/csl143.webm",
        "LinkMp3": "https://files.catbox.moe/yxhehq.mp3",
        "annId": 15763,
        "songDifficulty": 28.407908809602922,
        "vintage": "Spring 2014"
    },
    {
        "animeEng": "Danchi Tomoo",
        "animeRomaji": "Danchi Tomoo",
        "songName": "Super Smiler",
        "artist": "LIFriends",
        "type": "Ending 2",
        "correctCount": 3,
        "startTime": 32,
        "songDuration": 89.496,
        "songNumber": 31,
        "activePlayerCount": 148,
        "LinkVideo": "https://files.catbox.moe/34afs0.webm",
        "LinkMp3": "https://files.catbox.moe/jz2cwo.mp3",
        "annId": 15053,
        "songDifficulty": 8.489475416100543,
        "vintage": "Spring 2013",
        "correctPlayers": [
            "gaaw",
            "Pareo",
            "Noru"
        ]
    },
    {
        "animeEng": "Himitsu Kessha Taka no Tsume MAX",
        "animeRomaji": "Himitsu Kessha Taka no Tsume MAX",
        "songName": "Taka no Tsume Ondo",
        "artist": "FROGMAN to Red Chili Gasshou-dan",
        "type": "Ending 1",
        "correctCount": 10,
        "startTime": 0,
        "songDuration": 30.624,
        "songNumber": 32,
        "activePlayerCount": 150,
        "LinkVideo": "https://files.catbox.moe/unoocl.webm",
        "LinkMp3": "https://files.catbox.moe/amg84r.mp3",
        "annId": 15145,
        "songDifficulty": 8.743158450071839,
        "vintage": "Spring 2013"
    },
    {
        "animeEng": "Burning Kabaddi",
        "animeRomaji": "Shakunetsu Kabaddi",
        "songName": "FIRE BIRD",
        "artist": "Shunya Ohira",
        "type": "Opening 1",
        "correctCount": 30,
        "startTime": 31,
        "songDuration": 88.992,
        "songNumber": 33,
        "activePlayerCount": 151,
        "LinkVideo": "https://files.catbox.moe/sdtehr.webm",
        "LinkMp3": "https://files.catbox.moe/gdejwk.mp3",
        "annId": 23757,
        "songDifficulty": 20.774358371891267,
        "vintage": "Spring 2021"
    },
    {
        "animeEng": "Your Lie in April",
        "animeRomaji": "KimiUso",
        "songName": "\u00c9tude Op. 25 No. 5",
        "artist": "Fr\u00e9d\u00e9ric Chopin",
        "type": "Insert Song",
        "correctCount": 114,
        "startTime": 9,
        "songDuration": 39.648,
        "songNumber": 34,
        "activePlayerCount": 152,
        "LinkVideo": "https://files.catbox.moe/v4psxf.webm",
        "LinkMp3": "https://files.catbox.moe/xqep3g.mp3",
        "annId": 16108,
        "songDifficulty": 69.37059087050835,
        "vintage": "Fall 2014"
    },
    {
        "animeEng": "Flip Flappers",
        "animeRomaji": "Flip Flappers",
        "songName": "Serendipity",
        "artist": "ZAQ",
        "type": "Opening 1",
        "correctCount": 76,
        "startTime": 49,
        "songDuration": 90.068656,
        "songNumber": 35,
        "activePlayerCount": 153,
        "LinkVideo": "https://files.catbox.moe/qr7dp1.webm",
        "LinkMp3": "https://files.catbox.moe/c3jlyl.mp3",
        "annId": 18177,
        "songDifficulty": 31.481307736720556,
        "vintage": "Fall 2016"
    },
    {
        "animeEng": "Bloodivores",
        "animeRomaji": "Bloodivores",
        "songName": "quiet squall",
        "artist": "siraph",
        "type": "Ending 1",
        "correctCount": 8,
        "startTime": 38,
        "songDuration": 88.392,
        "songNumber": 36,
        "activePlayerCount": 154,
        "LinkVideo": "https://files.catbox.moe/dr14el.webm",
        "LinkMp3": "https://files.catbox.moe/l1ryyg.mp3",
        "annId": 18719,
        "songDifficulty": 13.4602671916409,
        "vintage": "Fall 2016"
    },
    {
        "animeEng": "Yu-Gi-Oh!",
        "animeRomaji": "Yu-Gi-Oh! Duel Monsters",
        "songName": "OVERLAP",
        "artist": "Kimeru",
        "type": "Opening 5",
        "correctCount": 38,
        "startTime": 0,
        "songDuration": 81.144,
        "songNumber": 37,
        "activePlayerCount": 155,
        "LinkVideo": "https://files.catbox.moe/wskbcx.webm",
        "LinkMp3": "https://files.catbox.moe/uvnq7d.mp3",
        "annId": 5074,
        "songDifficulty": 19.85777039007092,
        "vintage": "Spring 2000"
    },
    {
        "animeEng": "Cardcaptor Sakura",
        "animeRomaji": "Cardcaptor Sakura",
        "songName": "Platinum",
        "artist": "Maaya Sakamoto",
        "type": "Opening 3",
        "correctCount": 72,
        "startTime": 28,
        "songDuration": 77.16,
        "songNumber": 38,
        "activePlayerCount": 155,
        "LinkVideo": "https://files.catbox.moe/wntw9t.webm",
        "LinkMp3": "https://files.catbox.moe/vu5bq7.mp3",
        "annId": 126,
        "songDifficulty": 30.09191873946037,
        "vintage": "Spring 1998"
    },
    {
        "animeEng": "Monster High: Kowa-ike Girls",
        "animeRomaji": "Monster High: Kowa-ike Girls",
        "songName": "Monster High",
        "artist": "amorecarina feat.Chu-Z KAEDE",
        "type": "Opening 1",
        "correctCount": 119,
        "startTime": 0,
        "songDuration": 29.688,
        "songNumber": 39,
        "activePlayerCount": 154,
        "LinkVideo": "https://files.catbox.moe/qt385k.webm",
        "LinkMp3": "https://files.catbox.moe/437ren.mp3",
        "annId": 16416,
        "songDifficulty": 45.29624784203712,
        "vintage": "Fall 2014"
    },
    {
        "animeEng": "Classroom of the Elite Season 2",
        "animeRomaji": "Youkoso Jitsuryoku Shijou Shugi no Kyoushitsu e 2nd Season",
        "songName": "Dance In The Game",
        "artist": "ZAQ",
        "type": "Opening 1",
        "correctCount": 94,
        "startTime": 7,
        "songDuration": 89.52,
        "songNumber": 40,
        "activePlayerCount": 156,
        "LinkVideo": "https://files.catbox.moe/0uewx3.webm",
        "LinkMp3": "https://files.catbox.moe/ozdpms.mp3",
        "annId": 25370,
        "songDifficulty": 38.30827324435686,
        "vintage": "Summer 2022"
    },
    {
        "animeEng": "Ya Boy Kongming!",
        "animeRomaji": "Paripi Koumei",
        "songName": "Roppongi Udonya (Kari)",
        "artist": "96neko",
        "type": "Ending 2",
        "correctCount": 27,
        "startTime": 24,
        "songDuration": 86.904,
        "songNumber": 41,
        "activePlayerCount": 155,
        "LinkVideo": "https://files.catbox.moe/9fu0l0.webm",
        "LinkMp3": "https://files.catbox.moe/usca1q.mp3",
        "annId": 24971,
        "songDifficulty": 34.504910244030896,
        "vintage": "Spring 2022"
    },
    {
        "animeEng": "Galaxy Express 999",
        "animeRomaji": "Ginga Tetsudou 999",
        "songName": "TAKING OFF",
        "artist": "Godiego",
        "type": "Insert Song",
        "correctCount": 13,
        "startTime": 2,
        "songDuration": 138.984,
        "songNumber": 42,
        "activePlayerCount": 154,
        "LinkVideo": "https://files.catbox.moe/q0n0du.webm",
        "LinkMp3": "https://files.catbox.moe/cut3df.mp3",
        "annId": 1362,
        "songDifficulty": 26.073605735397607,
        "vintage": "Summer 1979"
    },
    {
        "animeEng": "Trinity Seven",
        "animeRomaji": "Trinity Seven",
        "songName": "MAGUS MODE",
        "artist": "Yumi Hara, Aya Uchida, Ayane Sakura, Yoko Hikasa, Ryoka Yuzuki, Rie Murakawa, Nao Touyama",
        "type": "Insert Song",
        "correctCount": 38,
        "startTime": 67,
        "songDuration": 114.388238,
        "songNumber": 43,
        "activePlayerCount": 153,
        "LinkVideo": "https://files.catbox.moe/ba4bve.webm",
        "LinkMp3": "https://files.catbox.moe/cn55bq.mp3",
        "annId": 16174,
        "songDifficulty": 17.697270713913497,
        "vintage": "Fall 2014"
    },
    {
        "animeEng": "Amagi Brilliant Park",
        "animeRomaji": "Amagi Brilliant Park",
        "songName": "Elementario de Aimashou",
        "artist": "BRILLIANT4",
        "type": "Ending 1",
        "correctCount": 41,
        "startTime": 41,
        "songDuration": 89.352,
        "songNumber": 44,
        "activePlayerCount": 155,
        "LinkVideo": "https://files.catbox.moe/wpkudu.webm",
        "LinkMp3": "https://files.catbox.moe/5kjq5v.mp3",
        "annId": 16133,
        "songDifficulty": 15.856210079202862,
        "vintage": "Fall 2014"
    },
    {
        "animeEng": "Is It Wrong to Try to Pick Up Girls in a Dungeon? II",
        "animeRomaji": "DanMachi II",
        "songName": "HELLO to DREAM",
        "artist": "Yuka Iguchi",
        "type": "Opening 1",
        "correctCount": 71,
        "startTime": 9,
        "songDuration": 88.344,
        "songNumber": 45,
        "activePlayerCount": 154,
        "LinkVideo": "https://files.catbox.moe/yx4gqh.webm",
        "LinkMp3": "https://files.catbox.moe/hc8mi1.mp3",
        "annId": 23059,
        "songDifficulty": 32.17458520947533,
        "vintage": "Winter 2020"
    },
    {
        "animeEng": "DAYS",
        "animeRomaji": "DAYS",
        "songName": "EVERLASTING DAYS",
        "artist": "Takuto Yoshinaga, Yoshitsugu Matsuoka, Daisuke Namikawa, Daisuke Ono, Mamoru Miyano",
        "type": "Ending 1",
        "correctCount": 5,
        "startTime": 32,
        "songDuration": 88.992,
        "songNumber": 46,
        "activePlayerCount": 156,
        "LinkVideo": "https://files.catbox.moe/on4vvf.webm",
        "LinkMp3": "https://files.catbox.moe/17c5ke.mp3",
        "annId": 17986,
        "songDifficulty": 11.030155009920636,
        "vintage": "Summer 2016",
        "correctPlayers": [
            "looksorn789",
            "Acex187x",
            "Ducci",
            "Kiriemon",
            "Aishia"
        ]
    },
    {
        "animeEng": "My Hero Academia",
        "animeRomaji": "Boku no Hero Academia",
        "songName": "Datte Atashi no Hero.",
        "artist": "LiSA",
        "type": "Ending 2",
        "correctCount": 85,
        "startTime": 46,
        "songDuration": 88.56,
        "songNumber": 47,
        "activePlayerCount": 155,
        "LinkVideo": "https://files.catbox.moe/pcvhkl.webm",
        "LinkMp3": "https://files.catbox.moe/xw95dj.mp3",
        "annId": 18485,
        "songDifficulty": 31.905322659496456,
        "vintage": "Spring 2017"
    },
    {
        "animeEng": "Love Hina",
        "animeRomaji": "Love Hina",
        "songName": "Yakusoku",
        "artist": "Yui Horie",
        "type": "Insert Song",
        "correctCount": 12,
        "startTime": 117,
        "songDuration": 198.762298,
        "songNumber": 48,
        "activePlayerCount": 154,
        "LinkVideo": "https://files.catbox.moe/a6t14s.webm",
        "LinkMp3": "https://files.catbox.moe/hm0kzi.mp3",
        "annId": 168,
        "songDifficulty": 9.066115343372926,
        "vintage": "Spring 2000"
    },
    {
        "animeEng": "Love Live! Sunshine!!",
        "animeRomaji": "Love Live! School Idol Project Sunshine!!",
        "songName": "HAPPY PARTY TRAIN",
        "artist": "Aqours",
        "type": "Insert Song",
        "correctCount": 38,
        "startTime": 139,
        "songDuration": 273.096,
        "songNumber": 49,
        "activePlayerCount": 156,
        "LinkVideo": "https://files.catbox.moe/q67xmb.webm",
        "LinkMp3": "https://files.catbox.moe/ioi562.mp3",
        "annId": 22079,
        "songDifficulty": 37.00806963110258,
        "vintage": "Winter 2016"
    },
    {
        "animeEng": "Mieruko-chan",
        "animeRomaji": "Mieruko-chan",
        "songName": "Mita na? Mita yo ne?? Miteru yo ne???",
        "artist": "Sora Amamiya",
        "type": "Ending 1",
        "correctCount": 102,
        "startTime": 27,
        "songDuration": 90.072,
        "songNumber": 50,
        "activePlayerCount": 155,
        "LinkVideo": "https://files.catbox.moe/v34zkh.webm",
        "LinkMp3": "https://files.catbox.moe/dxzf19.mp3",
        "annId": 24156,
        "songDifficulty": 37.10827850877193,
        "vintage": "Fall 2021"
    },
    {
        "animeEng": "Toradora!",
        "animeRomaji": "Toradora!",
        "songName": "Pre-Parade",
        "artist": "Rie Kugimiya, Yui Horie, Eri Kitamura",
        "type": "Opening 1",
        "correctCount": 127,
        "startTime": 19,
        "songDuration": 89.568,
        "songNumber": 51,
        "activePlayerCount": 155,
        "LinkVideo": "https://files.catbox.moe/7say48.webm",
        "LinkMp3": "https://files.catbox.moe/n8gt7v.mp3",
        "annId": 10050,
        "songDifficulty": 51.79187016948572,
        "vintage": "Fall 2008"
    },
    {
        "animeEng": "Kiss \u00d7 Sis",
        "animeRomaji": "Kiss \u00d7 Sis",
        "songName": "Futari no\u2665Honey Boy",
        "artist": "Ayana Taketatsu & Yuiko Tatsumi",
        "type": "Opening 1",
        "correctCount": 73,
        "startTime": 17,
        "songDuration": 89.544,
        "songNumber": 52,
        "activePlayerCount": 154,
        "LinkVideo": "https://files.catbox.moe/sn0l60.webm",
        "LinkMp3": "https://files.catbox.moe/vh33sj.mp3",
        "annId": 10194,
        "songDifficulty": 29.522920220189178,
        "vintage": "Fall 2008"
    },
    {
        "animeEng": "Fire Force",
        "animeRomaji": "Enen no Shouboutai",
        "songName": "Inferno",
        "artist": "Mrs. GREEN APPLE",
        "type": "Opening 1",
        "correctCount": 126,
        "startTime": 26,
        "songDuration": 89.568,
        "songNumber": 53,
        "activePlayerCount": 154,
        "LinkVideo": "https://files.catbox.moe/uazvg3.webm",
        "LinkMp3": "https://files.catbox.moe/l1tn27.mp3",
        "annId": 21852,
        "songDifficulty": 65.7796413937954,
        "vintage": "Summer 2019"
    },
    {
        "animeEng": "Steins;Gate 0",
        "animeRomaji": "Steins;Gate 0",
        "songName": "Amadeus",
        "artist": "Kanako Itou",
        "type": "Ending 1",
        "correctCount": 92,
        "startTime": 48,
        "songDuration": 90.432,
        "songNumber": 54,
        "activePlayerCount": 155,
        "LinkVideo": "https://files.catbox.moe/i0e1rr.webm",
        "LinkMp3": "https://files.catbox.moe/y8ivss.mp3",
        "annId": 20446,
        "songDifficulty": 40.7065703464225,
        "vintage": "Spring 2018"
    },
    {
        "animeEng": "Pop Team Epic",
        "animeRomaji": "Poputepipikku",
        "songName": "POPPY PAPPY DAY",
        "artist": "Yui Makino & Yui Watanabe",
        "type": "Ending 2",
        "correctCount": 45,
        "startTime": 0,
        "songDuration": 56.88,
        "songNumber": 55,
        "activePlayerCount": 155,
        "LinkVideo": "https://files.catbox.moe/6ghxrj.webm",
        "LinkMp3": "https://files.catbox.moe/h0jm0w.mp3",
        "annId": 20287,
        "songDifficulty": 32.082816852367685,
        "vintage": "Winter 2018"
    },
    {
        "animeEng": "Getter Robo",
        "animeRomaji": "Getter Robo",
        "songName": "Getter Robo!",
        "artist": "Isao Sasaki",
        "type": "Opening 1",
        "correctCount": 129,
        "startTime": 25,
        "songDuration": 65.592,
        "songNumber": 56,
        "activePlayerCount": 155,
        "LinkVideo": "https://files.catbox.moe/z4l3c4.webm",
        "LinkMp3": "https://files.catbox.moe/0ujbre.mp3",
        "annId": 19,
        "songDifficulty": 43.14582112803579,
        "vintage": "Spring 1974"
    },
    {
        "animeEng": "Monster Musume no Iru Nichijou SP",
        "animeRomaji": "Monster Musume no Iru Nichijou SP",
        "songName": "Hey! Smith!!",
        "artist": "Smith with MON",
        "type": "Ending 1",
        "correctCount": 71,
        "startTime": 15,
        "songDuration": 88.057262,
        "songNumber": 57,
        "activePlayerCount": 156,
        "LinkVideo": "https://files.catbox.moe/o3z2sh.webm",
        "LinkMp3": "https://files.catbox.moe/7hfqzb.mp3",
        "annId": 19964,
        "songDifficulty": 30.192979106255176,
        "vintage": "Fall 2016"
    },
    {
        "animeEng": "The Daughter of Twenty Faces",
        "animeRomaji": "Nijuu-Mensou no Musume",
        "songName": "Bonne Justice",
        "artist": "Meri",
        "type": "Insert Song",
        "correctCount": 2,
        "startTime": 0,
        "songDuration": 29.04,
        "songNumber": 58,
        "activePlayerCount": 155,
        "LinkVideo": "https://files.catbox.moe/srahy9.webm",
        "LinkMp3": "https://files.catbox.moe/xow6q1.mp3",
        "annId": 9163,
        "songDifficulty": 7.607983272375215,
        "vintage": "Spring 2008",
        "correctPlayers": [
            "Hejsan",
            "scrambled"
        ]
    },
    {
        "animeEng": "Arata naru Sekai: World's/Start/Load/End",
        "animeRomaji": "Arata naru Sekai: World's/Start/Load/End",
        "songName": "Arata naru Sekai",
        "artist": "Marina Kawano",
        "type": "Ending 1",
        "correctCount": 7,
        "startTime": 41,
        "songDuration": 104.256,
        "songNumber": 59,
        "activePlayerCount": 155,
        "LinkVideo": "https://files.catbox.moe/6xufpe.webm",
        "LinkMp3": "https://files.catbox.moe/qx76n4.mp3",
        "annId": 15676,
        "songDifficulty": 11.325140575238853,
        "vintage": "Fall 2012"
    },
    {
        "animeEng": "Ace of the Diamond",
        "animeRomaji": "Daiya no Ace",
        "songName": "Go EXCEED!!",
        "artist": "Tom-H@ck featuring Masayoshi Ooishi",
        "type": "Opening 1",
        "correctCount": 63,
        "startTime": 7,
        "songDuration": 89.049898,
        "songNumber": 60,
        "activePlayerCount": 155,
        "LinkVideo": "https://files.catbox.moe/1hbf8g.webm",
        "LinkMp3": "https://files.catbox.moe/5jfisq.mp3",
        "annId": 15337,
        "songDifficulty": 33.70765834276552,
        "vintage": "Fall 2013"
    },
    {
        "animeEng": "Ch\u00e4os;Child",
        "animeRomaji": "Ch\u00e4os;Child",
        "songName": "Uncontrollable",
        "artist": "Kanako Itou",
        "type": "Opening 1",
        "correctCount": 70,
        "startTime": 18,
        "songDuration": 90.192,
        "songNumber": 61,
        "activePlayerCount": 156,
        "LinkVideo": "https://files.catbox.moe/jjb93w.webm",
        "LinkMp3": "https://files.catbox.moe/gnwm5v.mp3",
        "annId": 18556,
        "songDifficulty": 30.914963030839232,
        "vintage": "Winter 2017"
    },
    {
        "animeEng": "Polar Bear's Caf\u00e9",
        "animeRomaji": "Shirokuma Caf\u00e9",
        "songName": "Llama-san no Llama Mambo",
        "artist": "Daisuke Ono",
        "type": "Ending 8",
        "correctCount": 10,
        "startTime": 48,
        "songDuration": 88.968,
        "songNumber": 62,
        "activePlayerCount": 155,
        "LinkVideo": "https://files.catbox.moe/bee5dt.webm",
        "LinkMp3": "https://files.catbox.moe/v2wp71.mp3",
        "annId": 13985,
        "songDifficulty": 19.698907470703126,
        "vintage": "Spring 2012"
    },
    {
        "animeEng": "Love Live! Nijigasaki High School Idol Club",
        "animeRomaji": "Love Live! School Idol Project Nijigasaki Gakuen School Idol Doukoukai",
        "songName": "ENJOY IT!",
        "artist": "QU4RTZ",
        "type": "Insert Song",
        "correctCount": 37,
        "startTime": 65,
        "songDuration": 100.752,
        "songNumber": 63,
        "activePlayerCount": 155,
        "LinkVideo": "https://files.catbox.moe/15ls8z.webm",
        "LinkMp3": "https://files.catbox.moe/bqvuyb.mp3",
        "annId": 24366,
        "songDifficulty": 44.92854488233806,
        "vintage": "Spring 2022"
    },
    {
        "animeEng": "Chocolate Underground",
        "animeRomaji": "Chocolate Underground",
        "songName": "MAKE",
        "artist": "Kana Nishino",
        "type": "Ending 1",
        "correctCount": 13,
        "startTime": 0,
        "songDuration": 18.528,
        "songNumber": 64,
        "activePlayerCount": 155,
        "LinkVideo": "https://files.catbox.moe/91uxpy.webm",
        "LinkMp3": "https://files.catbox.moe/xck9wh.mp3",
        "annId": 9599,
        "songDifficulty": 15.495026371905194,
        "vintage": "Spring 2008"
    },
    {
        "animeEng": "Angels of Death",
        "animeRomaji": "Satsuriku no Tenshi",
        "songName": "Vital",
        "artist": "Masaaki Endoh",
        "type": "Opening 1",
        "correctCount": 72,
        "startTime": 28,
        "songDuration": 89.568,
        "songNumber": 65,
        "activePlayerCount": 154,
        "LinkVideo": "https://files.catbox.moe/b0jn4l.webm",
        "LinkMp3": "https://files.catbox.moe/ubs44v.mp3",
        "annId": 20772,
        "songDifficulty": 23.247938623861693,
        "vintage": "Summer 2018"
    },
    {
        "animeEng": "Tada Never Falls In Love",
        "animeRomaji": "Tada-kun wa Koi o Shinai",
        "songName": "Otomodachi Film",
        "artist": "Masayoshi Ooishi",
        "type": "Opening 1",
        "correctCount": 62,
        "startTime": 38,
        "songDuration": 90.048,
        "songNumber": 66,
        "activePlayerCount": 154,
        "LinkVideo": "https://files.catbox.moe/z6hvmg.webm",
        "LinkMp3": "https://files.catbox.moe/3ilash.mp3",
        "annId": 20225,
        "songDifficulty": 25.85355893263637,
        "vintage": "Spring 2018"
    },
    {
        "animeEng": "Shenmue the Animation",
        "animeRomaji": "Shenmue the Animation",
        "songName": "UNDEAD-NOID",
        "artist": "Kashitaro Ito",
        "type": "Opening 1",
        "correctCount": 13,
        "startTime": 0,
        "songDuration": 88.44,
        "songNumber": 67,
        "activePlayerCount": 156,
        "LinkVideo": "https://files.catbox.moe/nxdxku.webm",
        "LinkMp3": "https://files.catbox.moe/0ijre7.mp3",
        "annId": 23966,
        "songDifficulty": 15.921890015153755,
        "vintage": "Winter 2022"
    },
    {
        "animeEng": "Demon Slayer: Kimetsu no Yaiba",
        "animeRomaji": "Kimetsu no Yaiba",
        "songName": "to destroy the evil",
        "artist": "Chiaki Ishikawa feat. Tokyo Konsei",
        "type": "Ending 1",
        "correctCount": 77,
        "startTime": 19,
        "songDuration": 58.248,
        "songNumber": 68,
        "activePlayerCount": 156,
        "LinkVideo": "https://files.catbox.moe/awxlwx.webm",
        "LinkMp3": "https://files.catbox.moe/dooyju.mp3",
        "annId": 21101,
        "songDifficulty": 18.957710772232492,
        "vintage": "Spring 2019"
    },
    {
        "animeEng": "Extra Olympia Kyklos",
        "animeRomaji": "Bessatsu Olympia Kyklos",
        "songName": "Zurui Hito",
        "artist": "Akihito Hayashi",
        "type": "Ending 16",
        "correctCount": 78,
        "startTime": 6,
        "songDuration": 51.144,
        "songNumber": 69,
        "activePlayerCount": 155,
        "LinkVideo": "https://files.catbox.moe/ijuofr.webm",
        "LinkMp3": "https://files.catbox.moe/ca5iz0.mp3",
        "annId": 23035,
        "songDifficulty": 39.432137940528634,
        "vintage": "Spring 2020"
    },
    {
        "animeEng": "Air Gear",
        "animeRomaji": "Air Gear",
        "songName": "Sky-2-High",
        "artist": "skankfunk",
        "type": "Ending 1",
        "correctCount": 52,
        "startTime": 23,
        "songDuration": 89.928,
        "songNumber": 70,
        "activePlayerCount": 155,
        "LinkVideo": "https://files.catbox.moe/s5ohjk.webm",
        "LinkMp3": "https://files.catbox.moe/pf3a19.mp3",
        "annId": 6251,
        "songDifficulty": 29.6757788773031,
        "vintage": "Spring 2006"
    },
    {
        "animeEng": "Sousei no Aquarion Evol",
        "animeRomaji": "Sousei no Aquarion Evol",
        "songName": "Kimi no Shinwa ~Aquarion Dai Ni Shou",
        "artist": "AKINO with bless4",
        "type": "Insert Song",
        "correctCount": 94,
        "startTime": 29,
        "songDuration": 139.896,
        "songNumber": 71,
        "activePlayerCount": 154,
        "LinkVideo": "https://files.catbox.moe/0959wb.webm",
        "LinkMp3": "https://files.catbox.moe/o6wpa5.mp3",
        "annId": 16903,
        "songDifficulty": 31.941671570275723,
        "vintage": "Fall 2015"
    },
    {
        "animeEng": "You're Under Arrest: Full Throttle",
        "animeRomaji": "Taiho Shichau zo: Full Throttle",
        "songName": "Yuugure no Uta",
        "artist": "gen",
        "type": "Insert Song",
        "correctCount": 1,
        "startTime": 21,
        "songDuration": 83.4,
        "songNumber": 72,
        "activePlayerCount": 152,
        "LinkVideo": "https://files.catbox.moe/xifv76.webm",
        "LinkMp3": "https://files.catbox.moe/zwi69j.mp3",
        "annId": 8152,
        "songDifficulty": 6.473429804262907,
        "vintage": "Fall 2007",
        "correctPlayers": [
            "Aishia"
        ]
    },
    {
        "animeEng": "Natsume's Book of Friends OVAs",
        "animeRomaji": "Natsume Yuujinchou: Ishi Okoshi to Ayashiki Raihousha",
        "songName": "Seishun ~Star Wink~",
        "artist": "Anly",
        "type": "Ending 1",
        "correctCount": 8,
        "startTime": 203,
        "songDuration": 336.024,
        "songNumber": 73,
        "activePlayerCount": 153,
        "LinkVideo": "https://files.catbox.moe/qhbe4q.webm",
        "LinkMp3": "https://files.catbox.moe/5ml8fg.mp3",
        "annId": 23793,
        "songDifficulty": 8.957212611607142,
        "vintage": "Winter 2021"
    },
    {
        "animeEng": "Love Live! Sunshine!!",
        "animeRomaji": "Love Live! School Idol Project Sunshine!!",
        "songName": "Yume Kataru yori Yume Utaou",
        "artist": "Aqours",
        "type": "Ending 2",
        "correctCount": 77,
        "startTime": 9,
        "songDuration": 99.12,
        "songNumber": 74,
        "activePlayerCount": 152,
        "LinkVideo": "https://files.catbox.moe/k1rd79.webm",
        "LinkMp3": "https://files.catbox.moe/9gxvqi.mp3",
        "annId": 17985,
        "songDifficulty": 44.924941451990634,
        "vintage": "Summer 2016"
    },
    {
        "animeEng": "Dragon Ball Z Kai",
        "animeRomaji": "Dragon Ball Kai",
        "songName": "Dragon Soul",
        "artist": "Takayoshi Tanimoto",
        "type": "Insert Song",
        "correctCount": 85,
        "startTime": 14,
        "songDuration": 106.056,
        "songNumber": 75,
        "activePlayerCount": 151,
        "LinkVideo": "https://files.catbox.moe/unx8lp.webm",
        "LinkMp3": "https://files.catbox.moe/l6l1dy.mp3",
        "annId": 10877,
        "songDifficulty": 44.91989101813926,
        "vintage": "Spring 2009"
    },
    {
        "animeEng": "ViVid Strike!",
        "animeRomaji": "ViVid Strike!",
        "songName": "Shiny Sky Memories",
        "artist": "Yui Ogura",
        "type": "Insert Song",
        "correctCount": 18,
        "startTime": 121,
        "songDuration": 172.608,
        "songNumber": 76,
        "activePlayerCount": 154,
        "LinkVideo": "https://files.catbox.moe/wkbehn.webm",
        "LinkMp3": "https://files.catbox.moe/upkkar.mp3",
        "annId": 22452,
        "songDifficulty": 14.978171224567353,
        "vintage": "Winter 2017"
    },
    {
        "animeEng": "Onagawa Chuu Basuke-bu: 5-nin no Natsu",
        "animeRomaji": "Onagawa Chuu Basuke-bu: 5-nin no Natsu",
        "songName": "Suzukake no Kaze Kaoru",
        "artist": "Mimori Yusa",
        "type": "Ending 1",
        "correctCount": 2,
        "startTime": 19,
        "songDuration": 67.848,
        "songNumber": 77,
        "activePlayerCount": 154,
        "LinkVideo": "https://files.catbox.moe/4nfrli.webm",
        "LinkMp3": "https://files.catbox.moe/33efjr.mp3",
        "annId": 25829,
        "songDifficulty": 8.101851286711517,
        "vintage": "Summer 2017",
        "correctPlayers": [
            "channina",
            "Ai_Haibara"
        ]
    },
    {
        "animeEng": "That Time I Got Reincarnated as a Slime",
        "animeRomaji": "Tensei Shitara Slime Datta Ken",
        "songName": "Another colony",
        "artist": "TRUE",
        "type": "Ending 1",
        "correctCount": 82,
        "startTime": 6,
        "songDuration": 89.064,
        "songNumber": 78,
        "activePlayerCount": 155,
        "LinkVideo": "https://files.catbox.moe/htsw44.webm",
        "LinkMp3": "https://files.catbox.moe/pxmt50.mp3",
        "annId": 23357,
        "songDifficulty": 36.385007785341834,
        "vintage": "Summer 2019"
    },
    {
        "animeEng": "Hamtaro: Ham-Hams Ahoy!",
        "animeRomaji": "Tottoko Hamtarou: Ham-chans no Takara Sagashi Daisaku",
        "songName": "Suteki na Natsu no Okurimono ~Ham-Ham Holiday Itsumademo~",
        "artist": "Akiko Kimura",
        "type": "Insert Song",
        "correctCount": 0,
        "startTime": 35,
        "songDuration": 74.16,
        "songNumber": 79,
        "activePlayerCount": 155,
        "LinkVideo": "https://files.catbox.moe/b4mmjp.webm",
        "LinkMp3": "https://files.catbox.moe/j94q6m.mp3",
        "annId": 5154,
        "songDifficulty": 7.605633802816901,
        "vintage": "Winter 2003"
    },
    {
        "animeEng": "Tales of Zestiria the X",
        "animeRomaji": "Tales of Zestiria the X",
        "songName": "Kaze no Uta",
        "artist": "FLOW",
        "type": "Insert Song",
        "correctCount": 120,
        "startTime": 3,
        "songDuration": 41.496,
        "songNumber": 80,
        "activePlayerCount": 154,
        "LinkVideo": "https://files.catbox.moe/sz50sj.webm",
        "LinkMp3": "https://files.catbox.moe/9c9shg.mp3",
        "annId": 18918,
        "songDifficulty": 44.973631928733035,
        "vintage": "Winter 2017"
    },
    {
        "animeEng": "Phantom of the Idol",
        "animeRomaji": "Kami Kuzu\u2606Idol",
        "songName": "Kimi Kira",
        "artist": "ZINGS",
        "type": "Ending 1",
        "correctCount": 15,
        "startTime": 36,
        "songDuration": 89.232,
        "songNumber": 81,
        "activePlayerCount": 154,
        "LinkVideo": "https://files.catbox.moe/z15kqw.webm",
        "LinkMp3": "https://files.catbox.moe/x4yghm.mp3",
        "annId": 24996,
        "songDifficulty": 36.98467138861868,
        "vintage": "Summer 2022"
    },
    {
        "animeEng": "Mobile Suit Zeta Gundam",
        "animeRomaji": "Kidou Senshi Zeta Gundam",
        "songName": "Z\u30fbToki o Koete",
        "artist": "Mami Ayukawa",
        "type": "Opening 1",
        "correctCount": 45,
        "startTime": 35,
        "songDuration": 88.788678,
        "songNumber": 82,
        "activePlayerCount": 154,
        "LinkVideo": "https://files.catbox.moe/7ihwdf.webm",
        "LinkMp3": "https://files.catbox.moe/iqybxl.mp3",
        "annId": 1381,
        "songDifficulty": 32.51673085387324,
        "vintage": "Winter 1985"
    },
    {
        "animeEng": "The Legend of Zorro",
        "animeRomaji": "Kaiketsu Zorro",
        "songName": "ZORRO",
        "artist": "Masaaki Endoh",
        "type": "Opening 1",
        "correctCount": 43,
        "startTime": 39,
        "songDuration": 88.488,
        "songNumber": 83,
        "activePlayerCount": 155,
        "LinkVideo": "https://files.catbox.moe/ehsj2u.webm",
        "LinkMp3": "https://files.catbox.moe/xvom78.mp3",
        "annId": 1744,
        "songDifficulty": 18.641359394938323,
        "vintage": "Spring 1996"
    },
    {
        "animeEng": "Persona 3 the Movie #1 Spring of Birth",
        "animeRomaji": "Persona 3 the Movie #1 Spring of Birth",
        "songName": "Mass Destruction",
        "artist": "Lotus Juice & Yumi Kawamura",
        "type": "Insert Song",
        "correctCount": 70,
        "startTime": 9,
        "songDuration": 84.528,
        "songNumber": 84,
        "activePlayerCount": 153,
        "LinkVideo": "https://files.catbox.moe/q61mb3.webm",
        "LinkMp3": "https://files.catbox.moe/vx1jlq.mp3",
        "annId": 14449,
        "songDifficulty": 49.00804266624579,
        "vintage": "Fall 2013"
    },
    {
        "animeEng": "Love Live! School Idol Project",
        "animeRomaji": "Love Live! School Idol Project",
        "songName": "Donna Toki mo Zutto",
        "artist": "Sora Tokui",
        "type": "Ending 3",
        "correctCount": 90,
        "startTime": 17,
        "songDuration": 89.904,
        "songNumber": 85,
        "activePlayerCount": 139,
        "LinkVideo": "https://files.catbox.moe/ycamfe.webm",
        "LinkMp3": "https://files.catbox.moe/6848by.mp3",
        "annId": 15812,
        "songDifficulty": 44.715500416856145,
        "vintage": "Spring 2014"
    }
]