[
    {
        "animeEng": "Elfen Lied",
        "animeRomaji": "Elfen Lied",
        "songName": "be your girl",
        "artist": "Chieko Kawabe",
        "type": "Ending 1",
        "correctCount": 87,
        "startTime": 29,
        "songDuration": 90.068656,
        "songNumber": 1,
        "activePlayerCount": 200,
        "LinkVideo": "https://files.catbox.moe/em4xv0.webm",
        "LinkMp3": "https://files.catbox.moe/vn9bxb.mp3",
        "annId": 5409,
        "songDifficulty": 31.82913583964212,
        "vintage": "Spring 2005"
    },
    {
        "animeEng": "Aquarion",
        "animeRomaji": "Sousei no Aquarion",
        "songName": "Sousei no Aquarion",
        "artist": "AKINO",
        "type": "Ending 2",
        "correctCount": 116,
        "startTime": 48,
        "songDuration": 130.824,
        "songNumber": 2,
        "activePlayerCount": 212,
        "LinkVideo": "https://files.catbox.moe/hhctvb.webm",
        "LinkMp3": "https://files.catbox.moe/dkhdr4.mp3",
        "annId": 7520,
        "songDifficulty": 41.05619638480392,
        "vintage": "Spring 2007"
    },
    {
        "animeEng": "No Game No Life Zero",
        "animeRomaji": "No Game No Life Zero",
        "songName": "Mata Game Shiyouze ~Shin Sekai no Hikari",
        "artist": "Nataliya Gudziy",
        "type": "Insert Song",
        "correctCount": 44,
        "startTime": 24,
        "songDuration": 189.048,
        "songNumber": 3,
        "activePlayerCount": 223,
        "LinkVideo": "https://files.catbox.moe/5uyalm.webm",
        "LinkMp3": "https://files.catbox.moe/hklvf5.mp3",
        "annId": 19405,
        "songDifficulty": 13.540703259573341,
        "vintage": "Summer 2017"
    },
    {
        "animeEng": "Balatack",
        "animeRomaji": "Choujin Sentai Barattack",
        "songName": "Chojin Sentai Baratack",
        "artist": "Ichiro Mizuki",
        "type": "Opening 1",
        "correctCount": 94,
        "startTime": 49,
        "songDuration": 118.872,
        "songNumber": 4,
        "activePlayerCount": 223,
        "LinkVideo": "https://files.catbox.moe/gj93l9.webm",
        "LinkMp3": "https://files.catbox.moe/94gywl.mp3",
        "annId": 927,
        "songDifficulty": 14.948157132056451,
        "vintage": "Summer 1977"
    },
    {
        "animeEng": "Maison Ikkoku",
        "animeRomaji": "Maison Ikkoku",
        "songName": "Sailor Fuku to Kikanjuu",
        "artist": "Hiroko Yakushimaru",
        "type": "Insert Song",
        "correctCount": 14,
        "startTime": 62,
        "songDuration": 110.304,
        "songNumber": 5,
        "activePlayerCount": 226,
        "LinkVideo": "https://files.catbox.moe/ufask1.webm",
        "LinkMp3": "https://files.catbox.moe/6sp7hu.mp3",
        "annId": 376,
        "songDifficulty": 15.317678209167818,
        "vintage": "Winter 1986"
    },
    {
        "animeEng": "Fist of the North Star",
        "animeRomaji": "Hokuto no Ken",
        "songName": "Ai o Torimodose!!",
        "artist": "Crystal King",
        "type": "Opening 1",
        "correctCount": 143,
        "startTime": 17,
        "songDuration": 91.272,
        "songNumber": 6,
        "activePlayerCount": 226,
        "LinkVideo": "https://files.catbox.moe/6cp460.webm",
        "LinkMp3": "https://files.catbox.moe/9gz2zp.mp3",
        "annId": 204,
        "songDifficulty": 43.447787643242336,
        "vintage": "Fall 1984"
    },
    {
        "animeEng": "BanG Dream! 3rd Season",
        "animeRomaji": "BanG Dream! 3rd Season",
        "songName": "Yume o Uchinuku Shunkan ni!",
        "artist": "Poppin'Party",
        "type": "Ending 1",
        "correctCount": 42,
        "startTime": 45,
        "songDuration": 89.4,
        "songNumber": 7,
        "activePlayerCount": 225,
        "LinkVideo": "https://files.catbox.moe/yrzp26.webm",
        "LinkMp3": "https://files.catbox.moe/tbolc8.mp3",
        "annId": 22909,
        "songDifficulty": 32.19581586267021,
        "vintage": "Winter 2020"
    },
    {
        "animeEng": "Blue Reflection Ray",
        "animeRomaji": "Blue Reflection Ray",
        "songName": "fluoresce",
        "artist": "ACCAMER",
        "type": "Ending 2",
        "correctCount": 18,
        "startTime": 34,
        "songDuration": 89.976,
        "songNumber": 8,
        "activePlayerCount": 228,
        "LinkVideo": "https://files.catbox.moe/bjkv0f.webm",
        "LinkMp3": "https://files.catbox.moe/66vj5m.mp3",
        "annId": 24041,
        "songDifficulty": 20.047648969307133,
        "vintage": "Spring 2021"
    },
    {
        "animeEng": "Hinako Note",
        "animeRomaji": "Hinako Note",
        "songName": "A\u30fbE\u30fbI\u30fbU\u30fbE\u30fbO\u30fbAo!!",
        "artist": "Gekidan Hitotose",
        "type": "Opening 1",
        "correctCount": 74,
        "startTime": 34,
        "songDuration": 89.568,
        "songNumber": 9,
        "activePlayerCount": 228,
        "LinkVideo": "https://files.catbox.moe/euhr1i.webm",
        "LinkMp3": "https://files.catbox.moe/wq34vg.mp3",
        "annId": 18894,
        "songDifficulty": 28.883472760732747,
        "vintage": "Spring 2017"
    },
    {
        "animeEng": "Beelzebub",
        "animeRomaji": "Beelzebub",
        "songName": "Dadada",
        "artist": "Group Tamashii",
        "type": "Opening 1",
        "correctCount": 126,
        "startTime": 18,
        "songDuration": 86.616,
        "songNumber": 10,
        "activePlayerCount": 229,
        "LinkVideo": "https://files.catbox.moe/gokdpq.webm",
        "LinkMp3": "https://files.catbox.moe/fpiny6.mp3",
        "annId": 11858,
        "songDifficulty": 32.19915769684459,
        "vintage": "Winter 2011"
    },
    {
        "animeEng": "Pok\u00e9mon the Movie: Diancie and the Cocoon of Destruction",
        "animeRomaji": "Gekijouban Pocket Monsters XY: Hakai no Mayu to Diancie",
        "songName": "Yoake no Ryuusei-gun",
        "artist": "SCANDAL",
        "type": "Ending 1",
        "correctCount": 8,
        "startTime": 170,
        "songDuration": 271.008,
        "songNumber": 11,
        "activePlayerCount": 229,
        "LinkVideo": "https://files.catbox.moe/m3d91v.webm",
        "LinkMp3": "https://files.catbox.moe/8kc9a5.mp3",
        "annId": 15765,
        "songDifficulty": 7.525827171102422,
        "vintage": "Summer 2014"
    },
    {
        "animeEng": "Initial D: Fourth Stage",
        "animeRomaji": "Initial D: Fourth Stage",
        "songName": "STEEL BLADE",
        "artist": "JEAN LOVE",
        "type": "Insert Song",
        "correctCount": 18,
        "startTime": 11,
        "songDuration": 121.872,
        "songNumber": 12,
        "activePlayerCount": 231,
        "LinkVideo": "https://files.catbox.moe/ijgomu.webm",
        "LinkMp3": "https://files.catbox.moe/5pwb3f.mp3",
        "annId": 3396,
        "songDifficulty": 24.496869498239437,
        "vintage": "Spring 2004"
    },
    {
        "animeEng": "Wotakoi: Love is Hard for Otaku",
        "animeRomaji": "Otaku ni Koi wa Muzukashii",
        "songName": "Fiction",
        "artist": "sumika",
        "type": "Opening 1",
        "correctCount": 167,
        "startTime": 15,
        "songDuration": 87.072,
        "songNumber": 13,
        "activePlayerCount": 231,
        "LinkVideo": "https://files.catbox.moe/rehox3.webm",
        "LinkMp3": "https://files.catbox.moe/l37nxf.mp3",
        "annId": 20478,
        "songDifficulty": 45.001401859080815,
        "vintage": "Spring 2018"
    },
    {
        "animeEng": "City Hunter: The Motion Picture",
        "animeRomaji": "City Hunter: The Motion Picture",
        "songName": "TAKE ME BACK",
        "artist": "Yusuke Nakamura & Yoko Yamauchi",
        "type": "Insert Song",
        "correctCount": 5,
        "startTime": 2,
        "songDuration": 31.968,
        "songNumber": 14,
        "activePlayerCount": 231,
        "LinkVideo": "https://files.catbox.moe/dhq27d.webm",
        "LinkMp3": "https://files.catbox.moe/g7wd3q.mp3",
        "annId": 129,
        "songDifficulty": 7.895330589937877,
        "vintage": "Spring 1997",
        "correctPlayers": [
            "MKNono",
            "Shakira_",
            "Noru",
            "Hyonoka",
            "ESPERMINHA"
        ]
    },
    {
        "animeEng": "Toradora!",
        "animeRomaji": "Toradora!",
        "songName": "Holy Night",
        "artist": "Rie Kugimiya & Eri Kitamura",
        "type": "Insert Song",
        "correctCount": 132,
        "startTime": 51,
        "songDuration": 103.752,
        "songNumber": 15,
        "activePlayerCount": 230,
        "LinkVideo": "https://files.catbox.moe/2a2cz1.webm",
        "LinkMp3": "https://files.catbox.moe/7pkdb0.mp3",
        "annId": 10050,
        "songDifficulty": 45.70989073222733,
        "vintage": "Fall 2008"
    },
    {
        "animeEng": "Sound! Euphonium: The Movie - Our Promise: A Brand New Day",
        "animeRomaji": "Gekijouban Hibike! Euphonium: Chikai no Finale",
        "songName": "Liz to Aoi Tori",
        "artist": "Freshman Wind Ensemble",
        "type": "Insert Song",
        "correctCount": 36,
        "startTime": 58,
        "songDuration": 517.032,
        "songNumber": 16,
        "activePlayerCount": 229,
        "LinkVideo": "https://files.catbox.moe/fldmwl.webm",
        "LinkMp3": "https://files.catbox.moe/d8jp26.mp3",
        "annId": 21102,
        "songDifficulty": 36.12328443645302,
        "vintage": "Spring 2019"
    },
    {
        "animeEng": "Saishuu Shiken Kujira",
        "animeRomaji": "Saishuu Shiken Kujira",
        "songName": "Tooi Natsuzora",
        "artist": "eufonius",
        "type": "Ending 1",
        "correctCount": 15,
        "startTime": 5,
        "songDuration": 60.984,
        "songNumber": 17,
        "activePlayerCount": 228,
        "LinkVideo": "https://files.catbox.moe/3pp4ho.webm",
        "LinkMp3": "https://files.catbox.moe/lvp64r.mp3",
        "annId": 8357,
        "songDifficulty": 15.538326676379958,
        "vintage": "Summer 2007"
    },
    {
        "animeEng": "No Game No Life",
        "animeRomaji": "No Game No Life",
        "songName": "Onegai\u2606Snyaiper",
        "artist": "Miyuki Sawashiro",
        "type": "Opening 2",
        "correctCount": 202,
        "startTime": 23,
        "songDuration": 88.68,
        "songNumber": 18,
        "activePlayerCount": 226,
        "LinkVideo": "https://files.catbox.moe/pm2xg1.webm",
        "LinkMp3": "https://files.catbox.moe/0fa9oc.mp3",
        "annId": 15784,
        "songDifficulty": 30.460000094167277,
        "vintage": "Spring 2014"
    },
    {
        "animeEng": "My Bride is a Mermaid",
        "animeRomaji": "Seto no Hanayome",
        "songName": "Romantic summer",
        "artist": "SUN&LUNAR",
        "type": "Opening 1",
        "correctCount": 58,
        "startTime": 20,
        "songDuration": 90.068656,
        "songNumber": 19,
        "activePlayerCount": 227,
        "LinkVideo": "https://files.catbox.moe/eoc0mb.webm",
        "LinkMp3": "https://files.catbox.moe/rylaxa.mp3",
        "annId": 7460,
        "songDifficulty": 24.305365403401908,
        "vintage": "Spring 2007"
    },
    {
        "animeEng": "Maerchen Maedchen",
        "animeRomaji": "M\u00e4rchen M\u00e4dchen",
        "songName": "sleepland",
        "artist": "Reina Ueda",
        "type": "Ending 1",
        "correctCount": 7,
        "startTime": 55,
        "songDuration": 88.536,
        "songNumber": 20,
        "activePlayerCount": 230,
        "LinkVideo": "https://files.catbox.moe/wu64an.webm",
        "LinkMp3": "https://files.catbox.moe/gt5m8n.mp3",
        "annId": 19975,
        "songDifficulty": 13.394936425501433,
        "vintage": "Winter 2018"
    },
    {
        "animeEng": "Aim for the Ace!",
        "animeRomaji": "Ace o Nerae!",
        "songName": "My Fantasy",
        "artist": "Patrick",
        "type": "Insert Song",
        "correctCount": 7,
        "startTime": 13,
        "songDuration": 51.264,
        "songNumber": 21,
        "activePlayerCount": 229,
        "LinkVideo": "https://files.catbox.moe/nw005h.webm",
        "LinkMp3": "https://files.catbox.moe/v7dk1f.mp3",
        "annId": 2060,
        "songDifficulty": 8.268011712408684,
        "vintage": "Summer 1979"
    },
    {
        "animeEng": "Is It Wrong to Try to Pick Up Girls in a Dungeon? III",
        "animeRomaji": "Dungeon ni Deai o Motomeru no wa Machigatteiru Darou ka III",
        "songName": "Otome wa Labyrinth",
        "artist": "Inori Minase & Saori Oonishi",
        "type": "Ending 1",
        "correctCount": 19,
        "startTime": 18,
        "songDuration": 93.048,
        "songNumber": 22,
        "activePlayerCount": 231,
        "LinkVideo": "https://files.catbox.moe/uf9lsn.webm",
        "LinkMp3": "https://files.catbox.moe/luwtjd.mp3",
        "annId": 23854,
        "songDifficulty": 11.796640625,
        "vintage": "Spring 2021"
    },
    {
        "animeEng": "The Prince of Tennis",
        "animeRomaji": "Tennis no Ouji-sama",
        "songName": "FLY HIGH",
        "artist": "Toshihiko Matsunaga",
        "type": "Opening 6",
        "correctCount": 16,
        "startTime": 52,
        "songDuration": 87.84,
        "songNumber": 23,
        "activePlayerCount": 230,
        "LinkVideo": "https://files.catbox.moe/m4xukf.webm",
        "LinkMp3": "https://files.catbox.moe/9r13cz.mp3",
        "annId": 876,
        "songDifficulty": 18.91518277192322,
        "vintage": "Fall 2001"
    },
    {
        "animeEng": "Tokyo Ghoul:re",
        "animeRomaji": "Tokyo Ghoul:re",
        "songName": "katharsis",
        "artist": "TK from Ling Tosite Sigure",
        "type": "Opening 1",
        "correctCount": 160,
        "startTime": 27,
        "songDuration": 89.52,
        "songNumber": 24,
        "activePlayerCount": 230,
        "LinkVideo": "https://files.catbox.moe/g2ldjm.webm",
        "LinkMp3": "https://files.catbox.moe/1lexo5.mp3",
        "annId": 21116,
        "songDifficulty": 44.56360927811593,
        "vintage": "Fall 2018"
    },
    {
        "animeEng": "Golden Boy",
        "animeRomaji": "Golden Boy",
        "songName": "Opening",
        "artist": "Joyo Katayanagi",
        "type": "Opening 1",
        "correctCount": 122,
        "startTime": 8,
        "songDuration": 114.6,
        "songNumber": 25,
        "activePlayerCount": 230,
        "LinkVideo": "https://files.catbox.moe/wopnxf.webm",
        "LinkMp3": "https://files.catbox.moe/1bcz7v.mp3",
        "annId": 373,
        "songDifficulty": 29.13576057374855,
        "vintage": "Fall 1995"
    },
    {
        "animeEng": "Last Exile: Fam, The Silver Wing",
        "animeRomaji": "Last Exile: Ginyoku no Fam",
        "songName": "I've Got Friends",
        "artist": "Hitomi",
        "type": "Insert Song",
        "correctCount": 17,
        "startTime": 208,
        "songDuration": 260.184,
        "songNumber": 26,
        "activePlayerCount": 231,
        "LinkVideo": "https://files.catbox.moe/rq7p6z.webm",
        "LinkMp3": "https://files.catbox.moe/4wwwz2.mp3",
        "annId": 12501,
        "songDifficulty": 14.501097353249476,
        "vintage": "Fall 2011"
    },
    {
        "animeEng": "God Mars",
        "animeRomaji": "Rokushin Gattai God Mars",
        "songName": "Uchuu no Ouja God Mars",
        "artist": "Ippo Hiura",
        "type": "Opening 1",
        "correctCount": 33,
        "startTime": 46,
        "songDuration": 88.608,
        "songNumber": 27,
        "activePlayerCount": 230,
        "LinkVideo": "https://files.catbox.moe/00v08f.webm",
        "LinkMp3": "https://files.catbox.moe/p7obin.mp3",
        "annId": 2033,
        "songDifficulty": 16.13381840632512,
        "vintage": "Fall 1981"
    },
    {
        "animeEng": "BanG Dream! Film Live 2nd Stage",
        "animeRomaji": "BanG Dream! Film Live 2nd Stage",
        "songName": "Bloom Bloom",
        "artist": "Morfonica",
        "type": "Insert Song",
        "correctCount": 17,
        "startTime": 217,
        "songDuration": 272.28,
        "songNumber": 28,
        "activePlayerCount": 231,
        "LinkVideo": "https://files.catbox.moe/y0pz8t.webm",
        "LinkMp3": "https://files.catbox.moe/t9g5nh.mp3",
        "annId": 24155,
        "songDifficulty": 38.793107657596984,
        "vintage": "Summer 2021"
    },
    {
        "animeEng": "Encouragement of Climb",
        "animeRomaji": "Yama no Susume",
        "songName": "Staccato Days",
        "artist": "Yuka Iguchi & Kana Asumi",
        "type": "Ending 1",
        "correctCount": 85,
        "startTime": 43,
        "songDuration": 73.056,
        "songNumber": 29,
        "activePlayerCount": 231,
        "LinkVideo": "https://files.catbox.moe/cjx65u.webm",
        "LinkMp3": "https://files.catbox.moe/r48jfs.mp3",
        "annId": 14777,
        "songDifficulty": 25.208766789570713,
        "vintage": "Winter 2013"
    },
    {
        "animeEng": "Sound! Euphonium: The Movie - Our Promise: A Brand New Day",
        "animeRomaji": "Gekijouban Hibike! Euphonium: Chikai no Finale",
        "songName": "Hibike! Euphonium",
        "artist": "Freshman Wind Ensemble",
        "type": "Insert Song",
        "correctCount": 64,
        "startTime": 31,
        "songDuration": 62.4,
        "songNumber": 30,
        "activePlayerCount": 230,
        "LinkVideo": "https://files.catbox.moe/rxo9wj.webm",
        "LinkMp3": "https://files.catbox.moe/llyblf.mp3",
        "annId": 21102,
        "songDifficulty": 36.41320848954223,
        "vintage": "Spring 2019"
    },
    {
        "animeEng": "Aikatsu on Parade!",
        "animeRomaji": "Aikatsu on Parade!",
        "songName": "Bon Bon Voyage!",
        "artist": "Risa/Miho from AIKATSU\u2606STARS!",
        "type": "Ending 14",
        "correctCount": 34,
        "startTime": 22,
        "songDuration": 89.304,
        "songNumber": 31,
        "activePlayerCount": 230,
        "LinkVideo": "https://files.catbox.moe/z86v7i.webm",
        "LinkMp3": "https://files.catbox.moe/uvz3f0.mp3",
        "annId": 22441,
        "songDifficulty": 31.448610110846694,
        "vintage": "Fall 2019"
    },
    {
        "animeEng": "Lupin III: Part II",
        "animeRomaji": "Lupin Sansei",
        "songName": "Super Hero",
        "artist": "Tommy Snyder",
        "type": "Insert Song",
        "correctCount": 64,
        "startTime": 20,
        "songDuration": 98.558306,
        "songNumber": 32,
        "activePlayerCount": 229,
        "LinkVideo": "https://files.catbox.moe/ndl11t.webm",
        "LinkMp3": "https://files.catbox.moe/9jml2i.mp3",
        "annId": 885,
        "songDifficulty": 26.381104300643088,
        "vintage": "Fall 1977"
    },
    {
        "animeEng": "Remake Our Life!",
        "animeRomaji": "Boku-tachi no Remake",
        "songName": "God knows...",
        "artist": "Aimi",
        "type": "Insert Song",
        "correctCount": 74,
        "startTime": 36,
        "songDuration": 159.336,
        "songNumber": 33,
        "activePlayerCount": 230,
        "LinkVideo": "https://files.catbox.moe/q7l5xb.webm",
        "LinkMp3": "https://files.catbox.moe/8w5n37.mp3",
        "annId": 24090,
        "songDifficulty": 24.336339413814308,
        "vintage": "Summer 2021"
    },
    {
        "animeEng": "The Seven Deadly Sins",
        "animeRomaji": "Nanatsu no Taizai",
        "songName": "Season",
        "artist": "Alisa Takigawa",
        "type": "Ending 1",
        "correctCount": 50,
        "startTime": 38,
        "songDuration": 88.536,
        "songNumber": 34,
        "activePlayerCount": 230,
        "LinkVideo": "https://files.catbox.moe/o12evw.webm",
        "LinkMp3": "https://files.catbox.moe/1fzekb.mp3",
        "annId": 16867,
        "songDifficulty": 19.248121559965238,
        "vintage": "Spring 2015"
    },
    {
        "animeEng": "Mazinger Z",
        "animeRomaji": "Mazinger Z",
        "songName": "Soratobu Mazinger Z",
        "artist": "Ichiro Mizuki & Columbia Yurikago-kai",
        "type": "Insert Song",
        "correctCount": 77,
        "startTime": 79,
        "songDuration": 119.194686,
        "songNumber": 35,
        "activePlayerCount": 231,
        "LinkVideo": "https://files.catbox.moe/9mx3dg.webm",
        "LinkMp3": "https://files.catbox.moe/m9916w.mp3",
        "annId": 1100,
        "songDifficulty": 32.21550431102988,
        "vintage": "Fall 1972"
    },
    {
        "animeEng": "Captain Tsubasa",
        "animeRomaji": "Captain Tsubasa",
        "songName": "Moete Hero",
        "artist": "Takayuki Takemoto",
        "type": "Opening 2",
        "correctCount": 180,
        "startTime": 22,
        "songDuration": 83.512034,
        "songNumber": 36,
        "activePlayerCount": 232,
        "LinkVideo": "https://files.catbox.moe/zo843c.webm",
        "LinkMp3": "https://files.catbox.moe/bczg2n.mp3",
        "annId": 916,
        "songDifficulty": 41.938533873041855,
        "vintage": "Fall 1983"
    },
    {
        "animeEng": "Fate/Grand Order Absolute Demonic Front: Babylonia",
        "animeRomaji": "Fate/Grand Order: Zettai Majuu Sensen Babylonia",
        "songName": "Tell me",
        "artist": "milet",
        "type": "Ending 3",
        "correctCount": 83,
        "startTime": 12,
        "songDuration": 89.52,
        "songNumber": 37,
        "activePlayerCount": 231,
        "LinkVideo": "https://files.catbox.moe/4dvlxz.webm",
        "LinkMp3": "https://files.catbox.moe/r7p7qn.mp3",
        "annId": 21240,
        "songDifficulty": 31.812550263196375,
        "vintage": "Fall 2019"
    },
    {
        "animeEng": "Night Head 2041",
        "animeRomaji": "Night Head 2041",
        "songName": "Icy Ivy",
        "artist": "Who-ya Extended",
        "type": "Opening 1",
        "correctCount": 30,
        "startTime": 47,
        "songDuration": 87.696,
        "songNumber": 38,
        "activePlayerCount": 231,
        "LinkVideo": "https://files.catbox.moe/2aa84g.webm",
        "LinkMp3": "https://files.catbox.moe/x04ttj.mp3",
        "annId": 24327,
        "songDifficulty": 16.633509277642027,
        "vintage": "Summer 2021"
    },
    {
        "animeEng": "Coluboccoro",
        "animeRomaji": "Coluboccoro",
        "songName": "Ivy",
        "artist": "Amatsuki",
        "type": "Ending 1",
        "correctCount": 5,
        "startTime": 60,
        "songDuration": 281.4,
        "songNumber": 39,
        "activePlayerCount": 231,
        "LinkVideo": "https://files.catbox.moe/ekd382.webm",
        "LinkMp3": "https://files.catbox.moe/f8dohy.mp3",
        "annId": 22543,
        "songDifficulty": 8.898809184942545,
        "vintage": "Fall 2019",
        "correctPlayers": [
            "Rukawa11",
            "HaruNatsuAkiFuyu",
            "Noru",
            "gaaw",
            "ESPERMINHA"
        ]
    },
    {
        "animeEng": "The Vision of Escaflowne",
        "animeRomaji": "Tenkuu no Escaflowne",
        "songName": "Yakusoku wa Iranai",
        "artist": "Maaya Sakamoto",
        "type": "Opening 1",
        "correctCount": 59,
        "startTime": 37,
        "songDuration": 88.848,
        "songNumber": 40,
        "activePlayerCount": 233,
        "LinkVideo": "https://files.catbox.moe/o56d6v.webm",
        "LinkMp3": "https://files.catbox.moe/alpp3r.mp3",
        "annId": 240,
        "songDifficulty": 24.61061209122203,
        "vintage": "Spring 1996"
    },
    {
        "animeEng": "Aikatsu!",
        "animeRomaji": "Aikatsu!",
        "songName": "Idol Katsudou! Ver. Rock",
        "artist": "Fuuri from STAR\u2606ANIS",
        "type": "Insert Song",
        "correctCount": 127,
        "startTime": 64,
        "songDuration": 99.408,
        "songNumber": 41,
        "activePlayerCount": 234,
        "LinkVideo": "https://files.catbox.moe/bj28hz.webm",
        "LinkMp3": "https://files.catbox.moe/e5lm91.mp3",
        "annId": 15597,
        "songDifficulty": 32.58094706632653,
        "vintage": "Fall 2013"
    },
    {
        "animeEng": "Hypnosis Mic: Division Rap Battle - Rhyme Anima",
        "animeRomaji": "Hypnosis Mic: Division Rap Battle - Rhyme Anima",
        "songName": "RUN THIS CITY",
        "artist": "Buster Bros!!!",
        "type": "Insert Song",
        "correctCount": 65,
        "startTime": 53,
        "songDuration": 86.52,
        "songNumber": 42,
        "activePlayerCount": 236,
        "LinkVideo": "https://files.catbox.moe/a37j4j.webm",
        "LinkMp3": "https://files.catbox.moe/06yvk6.mp3",
        "annId": 22902,
        "songDifficulty": 43.36243514915694,
        "vintage": "Fall 2020"
    },
    {
        "animeEng": "Cooking With Valkyries",
        "animeRomaji": "Valkyrie no Shokutaku",
        "songName": "Lil' Dash of Love",
        "artist": "Luna Safari",
        "type": "Ending 1",
        "correctCount": 31,
        "startTime": 4,
        "songDuration": 32.64,
        "songNumber": 43,
        "activePlayerCount": 236,
        "LinkVideo": "https://files.catbox.moe/ch6xke.webm",
        "LinkMp3": "https://files.catbox.moe/b6h2zh.mp3",
        "annId": 23483,
        "songDifficulty": 21.684571886754433,
        "vintage": "Spring 2019"
    },
    {
        "animeEng": "Pururun! Shizuku-chan",
        "animeRomaji": "Pururun! Shizuku-chan",
        "songName": "Shizuku no Mori kara Konnichiha",
        "artist": "Sister MAYO with D.D.S",
        "type": "Ending 1",
        "correctCount": 169,
        "startTime": 35,
        "songDuration": 90.048,
        "songNumber": 44,
        "activePlayerCount": 236,
        "LinkVideo": "https://files.catbox.moe/kt6nfq.webm",
        "LinkMp3": "https://files.catbox.moe/umfaxd.mp3",
        "annId": 8039,
        "songDifficulty": 38.36210677948505,
        "vintage": "Fall 2006"
    },
    {
        "animeEng": "ALL OUT!!",
        "animeRomaji": "ALL OUT!!",
        "songName": "Seija no Koushin",
        "artist": "CIVILIAN",
        "type": "Opening 2",
        "correctCount": 20,
        "startTime": 51,
        "songDuration": 88.848,
        "songNumber": 45,
        "activePlayerCount": 234,
        "LinkVideo": "https://files.catbox.moe/0knn5h.webm",
        "LinkMp3": "https://files.catbox.moe/77xqk7.mp3",
        "annId": 17826,
        "songDifficulty": 15.835914601293103,
        "vintage": "Fall 2016"
    },
    {
        "animeEng": "Sayonara Zetsubou Sensei",
        "animeRomaji": "Sayonara Zetsubou Sensei",
        "songName": "Hito Toshite Jiku ga Bureteiru",
        "artist": "Kenji Ohtsuki to Zetsubou Shoujo-tachi",
        "type": "Opening 1",
        "correctCount": 76,
        "startTime": 22,
        "songDuration": 88.464,
        "songNumber": 46,
        "activePlayerCount": 233,
        "LinkVideo": "https://files.catbox.moe/yqc5ck.webm",
        "LinkMp3": "https://files.catbox.moe/yugkmi.mp3",
        "annId": 7767,
        "songDifficulty": 30.341288549039433,
        "vintage": "Summer 2007"
    },
    {
        "animeEng": "Texhnolyze",
        "animeRomaji": "Texhnolyze",
        "songName": "GUARDIAN ANGEL(XAVIER'S EDIT)",
        "artist": "JUNO REACTOR",
        "type": "Opening 1",
        "correctCount": 86,
        "startTime": 13,
        "songDuration": 79.368,
        "songNumber": 47,
        "activePlayerCount": 230,
        "LinkVideo": "https://files.catbox.moe/j2mvov.webm",
        "LinkMp3": "https://files.catbox.moe/pb7y5l.mp3",
        "annId": 2304,
        "songDifficulty": 29.598235416666668,
        "vintage": "Spring 2003"
    },
    {
        "animeEng": "Battery the Animation",
        "animeRomaji": "Battery the Animation",
        "songName": "Ashita, Haru ga Kitara",
        "artist": "anderlust",
        "type": "Ending 1",
        "correctCount": 10,
        "startTime": 3,
        "songDuration": 88.848,
        "songNumber": 48,
        "activePlayerCount": 231,
        "LinkVideo": "https://files.catbox.moe/7p1wen.webm",
        "LinkMp3": "https://files.catbox.moe/aqrs8g.mp3",
        "annId": 18153,
        "songDifficulty": 17.354537216318445,
        "vintage": "Summer 2016"
    },
    {
        "animeEng": "Kiki's Delivery Service",
        "animeRomaji": "Majo no Takkyuubin",
        "songName": "Rouge no Dengon",
        "artist": "Yumi Arai",
        "type": "Opening 1",
        "correctCount": 101,
        "startTime": 28,
        "songDuration": 97.056,
        "songNumber": 49,
        "activePlayerCount": 230,
        "LinkVideo": "https://files.catbox.moe/u4uqnu.webm",
        "LinkMp3": "https://files.catbox.moe/tkgfpl.mp3",
        "annId": 595,
        "songDifficulty": 27.364962133849335,
        "vintage": "Summer 1989"
    },
    {
        "animeEng": "D4DJ First Mix",
        "animeRomaji": "D4DJ First Mix",
        "songName": "Here's the Light",
        "artist": "Photon Maiden",
        "type": "Insert Song",
        "correctCount": 77,
        "startTime": 47,
        "songDuration": 99.408,
        "songNumber": 50,
        "activePlayerCount": 229,
        "LinkVideo": "https://files.catbox.moe/intfyj.webm",
        "LinkMp3": "https://files.catbox.moe/ek5950.mp3",
        "annId": 23530,
        "songDifficulty": 40.92221065322227,
        "vintage": "Fall 2020"
    },
    {
        "animeEng": "KADO: The Right Answer",
        "animeRomaji": "Seikaisuru Kado",
        "songName": "Tabiuta",
        "artist": "M\u30fbA\u30fbO",
        "type": "Opening 1",
        "correctCount": 50,
        "startTime": 40,
        "songDuration": 87.48,
        "songNumber": 51,
        "activePlayerCount": 230,
        "LinkVideo": "https://files.catbox.moe/t3fqh7.webm",
        "LinkMp3": "https://files.catbox.moe/wi11e0.mp3",
        "annId": 19011,
        "songDifficulty": 19.625196540880502,
        "vintage": "Spring 2017"
    },
    {
        "animeEng": "Flowers of Evil",
        "animeRomaji": "Aku no Hana",
        "songName": "Hana -a last flower- Ver.Z",
        "artist": "ASA-CHANG & Junray",
        "type": "Ending 2",
        "correctCount": 145,
        "startTime": 62,
        "songDuration": 122.616,
        "songNumber": 52,
        "activePlayerCount": 233,
        "LinkVideo": "https://files.catbox.moe/yyx35z.webm",
        "LinkMp3": "https://files.catbox.moe/nae5bx.mp3",
        "annId": 14570,
        "songDifficulty": 42.72508702249197,
        "vintage": "Spring 2013"
    },
    {
        "animeEng": "Project ARMS",
        "animeRomaji": "Project ARMS",
        "songName": "Breathe on me",
        "artist": "New Cinema Tokage",
        "type": "Opening 2",
        "correctCount": 4,
        "startTime": 32,
        "songDuration": 89.8112,
        "songNumber": 53,
        "activePlayerCount": 230,
        "LinkVideo": "https://files.catbox.moe/7kl49a.webm",
        "LinkMp3": "https://files.catbox.moe/lerud7.mp3",
        "annId": 1014,
        "songDifficulty": 11.28779445401616,
        "vintage": "Spring 2001",
        "correctPlayers": [
            "Rukawa11",
            "Jerma985",
            "Goko8765",
            "SmartHardyz"
        ]
    },
    {
        "animeEng": "Ippon Bouchou Mantarou",
        "animeRomaji": "Ippon Bouchou Mantarou",
        "songName": "Rolling Stone",
        "artist": "George Yamamoto",
        "type": "Ending 1",
        "correctCount": 1,
        "startTime": 80,
        "songDuration": 164.088,
        "songNumber": 54,
        "activePlayerCount": 231,
        "LinkVideo": "https://files.catbox.moe/pn9yg2.webm",
        "LinkMp3": "https://files.catbox.moe/eteaf3.mp3",
        "annId": 7274,
        "songDifficulty": 5.585620161018851,
        "vintage": "Spring 1991",
        "correctPlayers": [
            "OnlyMonMusu"
        ]
    },
    {
        "animeEng": "Love Hina Spring Special: I Wish Your Dream",
        "animeRomaji": "Love Hina Haru Special: Kimi Sakura Chiru Nakare!!",
        "songName": "Sakura Saku",
        "artist": "Megumi Hayashibara",
        "type": "Ending 1",
        "correctCount": 136,
        "startTime": 6,
        "songDuration": 90.12,
        "songNumber": 55,
        "activePlayerCount": 232,
        "LinkVideo": "https://files.catbox.moe/9y26ih.webm",
        "LinkMp3": "https://files.catbox.moe/gu8ymt.mp3",
        "annId": 866,
        "songDifficulty": 38.49162925551814,
        "vintage": "Spring 2001"
    },
    {
        "animeEng": "DYNAMIC CHORD",
        "animeRomaji": "DYNAMIC CHORD",
        "songName": "CHECK\u2606MATE\u2606TONIGHT",
        "artist": "[r\u00eave parfait]",
        "type": "Insert Song",
        "correctCount": 8,
        "startTime": 12,
        "songDuration": 41.112,
        "songNumber": 56,
        "activePlayerCount": 232,
        "LinkVideo": "https://files.catbox.moe/mjovnx.webm",
        "LinkMp3": "https://files.catbox.moe/5zwdd6.mp3",
        "annId": 20018,
        "songDifficulty": 12.48422789949724,
        "vintage": "Fall 2017"
    },
    {
        "animeEng": "efficus",
        "animeRomaji": "efficus",
        "songName": "Let's try hard",
        "artist": "qbe",
        "type": "Opening 1",
        "correctCount": 5,
        "startTime": 27,
        "songDuration": 103.152,
        "songNumber": 57,
        "activePlayerCount": 233,
        "LinkVideo": "https://files.catbox.moe/37ptjb.webm",
        "LinkMp3": "https://files.catbox.moe/3zgw4j.mp3",
        "annId": 21591,
        "songDifficulty": 8.052695912884246,
        "vintage": "Summer 1998",
        "correctPlayers": [
            "Rukawa11",
            "PulseVorteX",
            "KaedeTakagaki",
            "SmartHardyz",
            "PearI"
        ]
    },
    {
        "animeEng": "Tenkuu Senki Shurato: Sousei e no Antou",
        "animeRomaji": "Tenkuu Senki Shurato: Sousei e no Antou",
        "songName": "Keep Your Pure Love",
        "artist": "SATOKO",
        "type": "Opening 1",
        "correctCount": 4,
        "startTime": 1,
        "songDuration": 91.766586,
        "songNumber": 58,
        "activePlayerCount": 233,
        "LinkVideo": "https://files.catbox.moe/llu17k.webm",
        "LinkMp3": "https://files.catbox.moe/npwets.mp3",
        "annId": 6959,
        "songDifficulty": 9.700886262924667,
        "vintage": "Summer 1991",
        "correctPlayers": [
            "Rukawa11",
            "HaruNatsuAkiFuyu",
            "OnlyMonMusu",
            "ESPERMINHA"
        ]
    },
    {
        "animeEng": "Magical Mako-chan",
        "animeRomaji": "Mahou no Mako-chan",
        "songName": "Mahou no Mako-chan",
        "artist": "Mitsuko Horie",
        "type": "Opening 1",
        "correctCount": 25,
        "startTime": 17,
        "songDuration": 46.344,
        "songNumber": 59,
        "activePlayerCount": 231,
        "LinkVideo": "https://files.catbox.moe/eb5xfr.webm",
        "LinkMp3": "https://files.catbox.moe/0587if.mp3",
        "annId": 1387,
        "songDifficulty": 28.75325927734375,
        "vintage": "Fall 1970"
    },
    {
        "animeEng": "Yozakura Quartet",
        "animeRomaji": "Yozakura Quartet",
        "songName": "DON'T HAVE ANSWERS",
        "artist": "Ivan Kral",
        "type": "Insert Song",
        "correctCount": 5,
        "startTime": 38,
        "songDuration": 126.624,
        "songNumber": 60,
        "activePlayerCount": 232,
        "LinkVideo": "https://files.catbox.moe/hj2wwh.webm",
        "LinkMp3": "https://files.catbox.moe/488yh8.mp3",
        "annId": 9816,
        "songDifficulty": 7.143338111139113,
        "vintage": "Fall 2008",
        "correctPlayers": [
            "Rukawa11",
            "Noru",
            "OnlyMonMusu",
            "kaghey",
            "ESPERMINHA"
        ]
    },
    {
        "animeEng": "Kamiwaza Wanda",
        "animeRomaji": "Kamiwaza Wanda",
        "songName": "Samba de Wanda",
        "artist": "Kappei Yamaguchi",
        "type": "Ending 1",
        "correctCount": 4,
        "startTime": 49,
        "songDuration": 87.504,
        "songNumber": 61,
        "activePlayerCount": 232,
        "LinkVideo": "https://files.catbox.moe/pwsaqt.webm",
        "LinkMp3": "https://files.catbox.moe/t68hzh.mp3",
        "annId": 17995,
        "songDifficulty": 8.540666762556524,
        "vintage": "Spring 2016",
        "correctPlayers": [
            "mutta",
            "Cirquit",
            "aryagamis",
            "MaikaLover233"
        ]
    },
    {
        "animeEng": "Fairy Tail x Rave",
        "animeRomaji": "Fairy Tail x Rave",
        "songName": "Butterfly Kiss",
        "artist": "Chihiro Yonekura",
        "type": "Insert Song",
        "correctCount": 34,
        "startTime": 5,
        "songDuration": 98.232,
        "songNumber": 62,
        "activePlayerCount": 232,
        "LinkVideo": "https://files.catbox.moe/122def.webm",
        "LinkMp3": "https://files.catbox.moe/xfk1ja.mp3",
        "annId": 15504,
        "songDifficulty": 10.973432894560558,
        "vintage": "Summer 2013"
    },
    {
        "animeEng": "Giant Killing",
        "animeRomaji": "Giant Killing",
        "songName": "My story ~Mada Minu Ashita e~",
        "artist": "THE CHERRY COKE$",
        "type": "Opening 1",
        "correctCount": 43,
        "startTime": 62,
        "songDuration": 90.852316,
        "songNumber": 63,
        "activePlayerCount": 231,
        "LinkVideo": "https://files.catbox.moe/rkvitq.webm",
        "LinkMp3": "https://files.catbox.moe/v2t7ef.mp3",
        "annId": 11189,
        "songDifficulty": 20.75751625352293,
        "vintage": "Spring 2010"
    },
    {
        "animeEng": "Princess Jellyfish",
        "animeRomaji": "Kuragehime",
        "songName": "Koko dake no Hanashi",
        "artist": "Chatmonchy",
        "type": "Opening 1",
        "correctCount": 70,
        "startTime": 26,
        "songDuration": 90.072,
        "songNumber": 64,
        "activePlayerCount": 228,
        "LinkVideo": "https://files.catbox.moe/nnum19.webm",
        "LinkMp3": "https://files.catbox.moe/94ped6.mp3",
        "annId": 11282,
        "songDifficulty": 23.080069527811123,
        "vintage": "Fall 2010"
    },
    {
        "animeEng": "Yowamushi Pedal New Generation",
        "animeRomaji": "Yowamushi Pedal New Generation",
        "songName": "Now or Never",
        "artist": "Yusuke Saeki",
        "type": "Ending 1",
        "correctCount": 9,
        "startTime": 54,
        "songDuration": 88.968,
        "songNumber": 65,
        "activePlayerCount": 227,
        "LinkVideo": "https://files.catbox.moe/41w8il.webm",
        "LinkMp3": "https://files.catbox.moe/r83rt5.mp3",
        "annId": 17705,
        "songDifficulty": 12.748015738224638,
        "vintage": "Winter 2017"
    },
    {
        "animeEng": "Lucky Star",
        "animeRomaji": "Lucky Star OVA",
        "songName": "Ai o Torimodose!!",
        "artist": "Uchoten",
        "type": "Ending 1",
        "correctCount": 153,
        "startTime": 67,
        "songDuration": 104.64,
        "songNumber": 66,
        "activePlayerCount": 229,
        "LinkVideo": "https://files.catbox.moe/xg07ds.webm",
        "LinkMp3": "https://files.catbox.moe/8temda.mp3",
        "annId": 9842,
        "songDifficulty": 42.79496203732996,
        "vintage": "Summer 2008"
    },
    {
        "animeEng": "Non Non Biyori Nonstop",
        "animeRomaji": "Non Non Biyori Nonstop",
        "songName": "Asahigaoka Bunkou Kouka",
        "artist": "Ayane Sakura, Kana Asumi, Kotori Koiwai, Rie Murakawa",
        "type": "Insert Song",
        "correctCount": 81,
        "startTime": 44,
        "songDuration": 135.048,
        "songNumber": 67,
        "activePlayerCount": 230,
        "LinkVideo": "https://files.catbox.moe/t70li0.webm",
        "LinkMp3": "https://files.catbox.moe/hu570e.mp3",
        "annId": 22215,
        "songDifficulty": 30.407111397411313,
        "vintage": "Winter 2021"
    },
    {
        "animeEng": "Getbackers",
        "animeRomaji": "Getbackers",
        "songName": "Bara-iro no Sekai",
        "artist": "PIERROT",
        "type": "Opening 2",
        "correctCount": 14,
        "startTime": 11,
        "songDuration": 89.448,
        "songNumber": 68,
        "activePlayerCount": 230,
        "LinkVideo": "https://files.catbox.moe/bwwkz4.webm",
        "LinkMp3": "https://files.catbox.moe/3j09ud.mp3",
        "annId": 1840,
        "songDifficulty": 17.787413065077,
        "vintage": "Fall 2002"
    },
    {
        "animeEng": "Cardfight!! Vanguard G",
        "animeRomaji": "Cardfight!! Vanguard G",
        "songName": "NEXT PHASE",
        "artist": "Emi Nitta",
        "type": "Ending 2",
        "correctCount": 3,
        "startTime": 45,
        "songDuration": 89.328,
        "songNumber": 69,
        "activePlayerCount": 230,
        "LinkVideo": "https://files.catbox.moe/72ndxk.webm",
        "LinkMp3": "https://files.catbox.moe/h27bac.mp3",
        "annId": 16314,
        "songDifficulty": 9.670265906726769,
        "vintage": "Fall 2014",
        "correctPlayers": [
            "Noru",
            "ok1na",
            "MaikaLover233"
        ]
    },
    {
        "animeEng": "Log Horizon",
        "animeRomaji": "Log Horizon",
        "songName": "Wonderful Wonder World*",
        "artist": "Yun*chi",
        "type": "Ending 1",
        "correctCount": 114,
        "startTime": 12,
        "songDuration": 89.544,
        "songNumber": 70,
        "activePlayerCount": 230,
        "LinkVideo": "https://files.catbox.moe/zpr9it.webm",
        "LinkMp3": "https://files.catbox.moe/fcevst.mp3",
        "annId": 16134,
        "songDifficulty": 31.663238440882772,
        "vintage": "Fall 2014"
    },
    {
        "animeEng": "Inuyasha",
        "animeRomaji": "Inuyasha",
        "songName": "CHANGE THE WORLD",
        "artist": "V6",
        "type": "Opening 1",
        "correctCount": 63,
        "startTime": 20,
        "songDuration": 94.512,
        "songNumber": 71,
        "activePlayerCount": 229,
        "LinkVideo": "https://files.catbox.moe/b6y179.webm",
        "LinkMp3": "https://files.catbox.moe/e3h6t7.mp3",
        "annId": 159,
        "songDifficulty": 37.350862628582846,
        "vintage": "Fall 2000"
    },
    {
        "animeEng": "BanG Dream! 2nd Season",
        "animeRomaji": "BanG Dream! 2nd Season",
        "songName": "Shuwarin\u2606Drea~min",
        "artist": "Pastel*Palettes",
        "type": "Insert Song",
        "correctCount": 120,
        "startTime": 52,
        "songDuration": 99.336,
        "songNumber": 72,
        "activePlayerCount": 229,
        "LinkVideo": "https://files.catbox.moe/nyy01b.webm",
        "LinkMp3": "https://files.catbox.moe/1oq3vo.mp3",
        "annId": 21289,
        "songDifficulty": 41.84032438478747,
        "vintage": "Winter 2019"
    },
    {
        "animeEng": "Utakata",
        "animeRomaji": "Uta\u223dKata",
        "songName": "Only your friend",
        "artist": "emiko",
        "type": "Insert Song",
        "correctCount": 7,
        "startTime": 82,
        "songDuration": 139.344,
        "songNumber": 73,
        "activePlayerCount": 229,
        "LinkVideo": "https://files.catbox.moe/kh675o.webm",
        "LinkMp3": "https://files.catbox.moe/udhgi9.mp3",
        "annId": 5013,
        "songDifficulty": 5.326122810009529,
        "vintage": "Spring 2005"
    },
    {
        "animeEng": "Cardcaptor Sakura",
        "animeRomaji": "Cardcaptor Sakura",
        "songName": "Honey",
        "artist": "chihiro",
        "type": "Ending 2",
        "correctCount": 30,
        "startTime": 14,
        "songDuration": 68.352,
        "songNumber": 74,
        "activePlayerCount": 230,
        "LinkVideo": "https://files.catbox.moe/j596eq.webm",
        "LinkMp3": "https://files.catbox.moe/etf02h.mp3",
        "annId": 126,
        "songDifficulty": 25.136239194128567,
        "vintage": "Spring 1998"
    },
    {
        "animeEng": "Matoi the Sacred Slayer",
        "animeRomaji": "Soushin Shoujo Matoi",
        "songName": "Choumusubi Amulet",
        "artist": "Mia REGINA",
        "type": "Opening 1",
        "correctCount": 30,
        "startTime": 30,
        "songDuration": 89.736,
        "songNumber": 75,
        "activePlayerCount": 230,
        "LinkVideo": "https://files.catbox.moe/ck5vzq.webm",
        "LinkMp3": "https://files.catbox.moe/y7l8yr.mp3",
        "annId": 18588,
        "songDifficulty": 18.962615283267457,
        "vintage": "Fall 2016"
    },
    {
        "animeEng": "Food Wars! The Fifth Plate",
        "animeRomaji": "Shokugeki no Souma: Gou no Sara",
        "songName": "Snow Drop",
        "artist": "nano.RIPE",
        "type": "Insert Song",
        "correctCount": 111,
        "startTime": 36,
        "songDuration": 87.072,
        "songNumber": 76,
        "activePlayerCount": 231,
        "LinkVideo": "https://files.catbox.moe/b9yyk1.webm",
        "LinkMp3": "https://files.catbox.moe/vjfsgq.mp3",
        "annId": 23036,
        "songDifficulty": 30.98149255840241,
        "vintage": "Spring 2020"
    },
    {
        "animeEng": "Free!: Iwatobi Swim Club",
        "animeRomaji": "Free!: Iwatobi Swim Club",
        "songName": "SPLASH FREE",
        "artist": "STYLE FIVE",
        "type": "Ending 1",
        "correctCount": 164,
        "startTime": 26,
        "songDuration": 88.584,
        "songNumber": 77,
        "activePlayerCount": 231,
        "LinkVideo": "https://files.catbox.moe/s8ai71.webm",
        "LinkMp3": "https://files.catbox.moe/etzlwc.mp3",
        "annId": 15291,
        "songDifficulty": 50.13231140507687,
        "vintage": "Summer 2013"
    },
    {
        "animeEng": "Pink Mizu Dorobou Ame Dorobou",
        "animeRomaji": "Pink Mizu Dorobou Ame Dorobou",
        "songName": "Mizutama no Umbrella",
        "artist": "Mia Masuda",
        "type": "Ending 1",
        "correctCount": 3,
        "startTime": 51,
        "songDuration": 90.984,
        "songNumber": 78,
        "activePlayerCount": 232,
        "LinkVideo": "https://files.catbox.moe/xynz2y.webm",
        "LinkMp3": "https://files.catbox.moe/39dovo.mp3",
        "annId": 3677,
        "songDifficulty": 5.927647358662373,
        "vintage": "Summer 1990",
        "correctPlayers": [
            "Premieressai",
            "Mistrals",
            "Baguett"
        ]
    },
    {
        "animeEng": "Magical Princess Minky Momo: La Ronde in my Dream",
        "animeRomaji": "Mahou no Princess Minky Momo: Yume no Naka no Rondo",
        "songName": "Orgel o Tomenai de",
        "artist": "Mariko Shiga",
        "type": "Insert Song",
        "correctCount": 0,
        "startTime": 74,
        "songDuration": 149.952,
        "songNumber": 79,
        "activePlayerCount": 231,
        "LinkVideo": "https://files.catbox.moe/0vlpfz.webm",
        "LinkMp3": "https://files.catbox.moe/jc1e36.mp3",
        "annId": 2796,
        "songDifficulty": 4.7301762114537445,
        "vintage": "Summer 1985"
    },
    {
        "animeEng": "Tsubasa RESERVoir CHRoNiCLE",
        "animeRomaji": "Tsubasa RESERVoir CHRoNiCLE",
        "songName": "aikoi",
        "artist": "FictionJunction YUUKA",
        "type": "Insert Song",
        "correctCount": 22,
        "startTime": 121,
        "songDuration": 152.136,
        "songNumber": 80,
        "activePlayerCount": 231,
        "LinkVideo": "https://files.catbox.moe/chjzfw.webm",
        "LinkMp3": "https://files.catbox.moe/35gnqd.mp3",
        "annId": 4591,
        "songDifficulty": 12.990993142985612,
        "vintage": "Spring 2005"
    },
    {
        "animeEng": "Assassination Classroom",
        "animeRomaji": "Ansatsu Kyoushitsu",
        "songName": "Seishun Satsubatsuron",
        "artist": "3-nen E-gumi Utatan",
        "type": "Opening 1",
        "correctCount": 205,
        "startTime": 43,
        "songDuration": 87.848286,
        "songNumber": 81,
        "activePlayerCount": 231,
        "LinkVideo": "https://files.catbox.moe/7kp7ex.webm",
        "LinkMp3": "https://files.catbox.moe/w3soom.mp3",
        "annId": 16142,
        "songDifficulty": 55.05963757018887,
        "vintage": "Winter 2015"
    },
    {
        "animeEng": "Dogeza de Tanondemita",
        "animeRomaji": "Dogeza de Tanondemita",
        "songName": "DOGEZA! Do get that!",
        "artist": "Dogeza-tai",
        "type": "Ending 1",
        "correctCount": 174,
        "startTime": 5,
        "songDuration": 57.36,
        "songNumber": 82,
        "activePlayerCount": 231,
        "LinkVideo": "https://files.catbox.moe/ewjdfc.webm",
        "LinkMp3": "https://files.catbox.moe/g41rkr.mp3",
        "annId": 23542,
        "songDifficulty": 40.22833182788635,
        "vintage": "Fall 2020"
    },
    {
        "animeEng": "Teekyuu",
        "animeRomaji": "Teekyuu",
        "songName": "Nufuttote Kyuupotoracchi",
        "artist": "Naive",
        "type": "Opening 1",
        "correctCount": 161,
        "startTime": 0,
        "songDuration": 28.56,
        "songNumber": 83,
        "activePlayerCount": 230,
        "LinkVideo": "https://files.catbox.moe/ndzgie.webm",
        "LinkMp3": "https://files.catbox.moe/bbc0fb.mp3",
        "annId": 15582,
        "songDifficulty": 42.04909191869335,
        "vintage": "Fall 2013"
    },
    {
        "animeEng": "Golden Time",
        "animeRomaji": "Golden Time",
        "songName": "Sweet & Sweet CHERRY",
        "artist": "Yui Horie",
        "type": "Ending 1",
        "correctCount": 89,
        "startTime": 33,
        "songDuration": 88.008,
        "songNumber": 84,
        "activePlayerCount": 231,
        "LinkVideo": "https://files.catbox.moe/pn4s99.webm",
        "LinkMp3": "https://files.catbox.moe/db4iwj.mp3",
        "annId": 15548,
        "songDifficulty": 26.850988516718733,
        "vintage": "Fall 2013"
    },
    {
        "animeEng": "Pelican Road Club Culture",
        "animeRomaji": "Pelican Road Club Culture",
        "songName": "8 BEAT TEENAGER",
        "artist": "THE BUDOKAN",
        "type": "Opening 1",
        "correctCount": 0,
        "startTime": 42,
        "songDuration": 119.682,
        "songNumber": 85,
        "activePlayerCount": 228,
        "LinkVideo": "https://files.catbox.moe/xjlhhb.webm",
        "annId": 7035,
        "songDifficulty": 2.2222222222222223,
        "vintage": "Spring 1986"
    }
]