[
    {
        "animeEng": "Neo Ranga",
        "animeRomaji": "Neo Ranga",
        "songName": "Kami to Nare",
        "artist": "Kuniaki Haishima",
        "type": "Opening 2",
        "correctCount": 11,
        "startTime": 17,
        "songDuration": 89.592,
        "songNumber": 1,
        "activePlayerCount": 114,
        "LinkVideo": "https://files.catbox.moe/ekgx3r.webm",
        "LinkMp3": "https://files.catbox.moe/yyd3lv.mp3",
        "annId": 1052,
        "songDifficulty": 15.1796171875,
        "vintage": "Spring 1998"
    },
    {
        "animeEng": "Senki Zesshou Symphogear G",
        "animeRomaji": "Senki Zesshou Symphogear G",
        "songName": "Oukyo - Shul Shagana",
        "artist": "Yoshino Nanjou",
        "type": "Insert Song",
        "correctCount": 9,
        "startTime": 17,
        "songDuration": 89.808,
        "songNumber": 2,
        "activePlayerCount": 120,
        "LinkVideo": "https://files.catbox.moe/oqfhbh.webm",
        "LinkMp3": "https://files.catbox.moe/zzn6zx.mp3",
        "annId": 15228,
        "songDifficulty": 31.25417362798704,
        "vintage": "Summer 2013"
    },
    {
        "animeEng": "Komi Can't Communicate",
        "animeRomaji": "Komi-san wa Comyushou desu.",
        "songName": "Cinderella",
        "artist": "Cidergirl",
        "type": "Opening 1",
        "correctCount": 81,
        "startTime": 43,
        "songDuration": 88.824,
        "songNumber": 3,
        "activePlayerCount": 122,
        "LinkVideo": "https://files.catbox.moe/3bt996.webm",
        "LinkMp3": "https://files.catbox.moe/a3ec1i.mp3",
        "annId": 24369,
        "songDifficulty": 41.59507325837128,
        "vintage": "Fall 2021"
    },
    {
        "animeEng": "Kobo-chan",
        "animeRomaji": "Kobo-chan",
        "songName": "Ganbare Otoko no Ko",
        "artist": "Ikue Ootani",
        "type": "Opening 5",
        "correctCount": 1,
        "startTime": 1,
        "songDuration": 89.184,
        "songNumber": 4,
        "activePlayerCount": 126,
        "LinkVideo": "https://files.catbox.moe/4sj7l8.webm",
        "LinkMp3": "https://files.catbox.moe/6uba1j.mp3",
        "annId": 1696,
        "songDifficulty": 2.8618482506793477,
        "vintage": "Fall 1992",
        "correctPlayers": [
            "SakuraFujima"
        ]
    },
    {
        "animeEng": "Aikatsu!",
        "animeRomaji": "Aikatsu!",
        "songName": "lucky train!",
        "artist": "Ruka\u30fbMona\u30fbMiki from AIKATSU\u2606STARS!",
        "type": "Ending 1",
        "correctCount": 76,
        "startTime": 41,
        "songDuration": 88.32,
        "songNumber": 5,
        "activePlayerCount": 129,
        "LinkVideo": "https://files.catbox.moe/jb7qcs.webm",
        "LinkMp3": "https://files.catbox.moe/5smczx.mp3",
        "annId": 16824,
        "songDifficulty": 38.24743868670886,
        "vintage": "Fall 2015"
    },
    {
        "animeEng": "Angelique: Seichi yori Ai o Komete",
        "animeRomaji": "Angelique: Seichi yori Ai o Komete",
        "songName": "Angelique ~Eien no Yakusoku~",
        "artist": "LAZY",
        "type": "Opening 1",
        "correctCount": 5,
        "startTime": 20,
        "songDuration": 123.456,
        "songNumber": 6,
        "activePlayerCount": 130,
        "LinkVideo": "https://files.catbox.moe/yniq2l.webm",
        "LinkMp3": "https://files.catbox.moe/0yrjnm.mp3",
        "annId": 4470,
        "songDifficulty": 10.365707446629967,
        "vintage": "Winter 2001",
        "correctPlayers": [
            "Shag",
            "IzumiSakai",
            "Orfey",
            "SrueyaF",
            "gaaw"
        ]
    },
    {
        "animeEng": "Children of the Sea",
        "animeRomaji": "Kaijuu no Kodomo",
        "songName": "Umi no Yuurei",
        "artist": "Kenshi Yonezu",
        "type": "Ending 1",
        "correctCount": 42,
        "startTime": 191,
        "songDuration": 231.672,
        "songNumber": 7,
        "activePlayerCount": 131,
        "LinkVideo": "https://files.catbox.moe/5xd1l3.webm",
        "LinkMp3": "https://files.catbox.moe/o8e3qo.mp3",
        "annId": 21872,
        "songDifficulty": 21.257974964257862,
        "vintage": "Spring 2019"
    },
    {
        "animeEng": "Down Load: Namu Amida Butsu wa Ai no Uta",
        "animeRomaji": "Down Load: Namu Amida Butsu wa Ai no Uta",
        "songName": "WEATHER REPORT BLUES",
        "artist": "Derek Jackson & Monsieur Kamayatsu",
        "type": "Ending 1",
        "correctCount": 5,
        "startTime": 87,
        "songDuration": 145.085333,
        "songNumber": 8,
        "activePlayerCount": 130,
        "LinkVideo": "https://files.catbox.moe/2govb8.webm",
        "LinkMp3": "https://files.catbox.moe/xszasn.mp3",
        "annId": 7345,
        "songDifficulty": 7.343110926011029,
        "vintage": "Fall 1992",
        "correctPlayers": [
            "channina",
            "Shakira_",
            "PsycheTaxi",
            "IzumiSakai",
            "Jerma985"
        ]
    },
    {
        "animeEng": "Dies irae",
        "animeRomaji": "Dies irae",
        "songName": "Chi no Refrain",
        "artist": "Yui Sakakibara",
        "type": "Insert Song",
        "correctCount": 57,
        "startTime": 1,
        "songDuration": 34.056,
        "songNumber": 9,
        "activePlayerCount": 132,
        "LinkVideo": "https://files.catbox.moe/syg80f.webm",
        "LinkMp3": "https://files.catbox.moe/z9aqi6.mp3",
        "annId": 19395,
        "songDifficulty": 24.796726507951902,
        "vintage": "Fall 2017"
    },
    {
        "animeEng": "Initial D",
        "animeRomaji": "Initial D",
        "songName": "DANCE AROUND THE WORLD",
        "artist": "DELTA QUEENS",
        "type": "Insert Song",
        "correctCount": 75,
        "startTime": 44,
        "songDuration": 214.848,
        "songNumber": 10,
        "activePlayerCount": 136,
        "LinkVideo": "https://files.catbox.moe/tnauns.webm",
        "LinkMp3": "https://files.catbox.moe/0bzrkg.mp3",
        "annId": 395,
        "songDifficulty": 51.93771592336683,
        "vintage": "Spring 1998"
    },
    {
        "animeEng": "Yu Yu Hakusho: Ghost Files",
        "animeRomaji": "Yuu\u2606Yuu\u2606Hakusho",
        "songName": "Hohoemi no Bakudan",
        "artist": "Matsuko Mawatari",
        "type": "Opening 1",
        "correctCount": 98,
        "startTime": 31,
        "songDuration": 82.56,
        "songNumber": 11,
        "activePlayerCount": 136,
        "LinkVideo": "https://files.catbox.moe/68q3cm.webm",
        "LinkMp3": "https://files.catbox.moe/ke08as.mp3",
        "annId": 311,
        "songDifficulty": 44.89560993772001,
        "vintage": "Fall 1992"
    },
    {
        "animeEng": "The Helpful Fox Senko-san",
        "animeRomaji": "Sewayaki Kitsune no Senko-san",
        "songName": "Moffumoffu de Yoi no ja yo",
        "artist": "Azumi Waki",
        "type": "Ending 1",
        "correctCount": 89,
        "startTime": 4,
        "songDuration": 88.56,
        "songNumber": 12,
        "activePlayerCount": 136,
        "LinkVideo": "https://files.catbox.moe/2gsf7c.webm",
        "LinkMp3": "https://files.catbox.moe/2pkqt3.mp3",
        "annId": 21908,
        "songDifficulty": 39.88697683200156,
        "vintage": "Spring 2019"
    },
    {
        "animeEng": "Saint Seiya: The Lost Canvas",
        "animeRomaji": "Saint Seiya: The Lost Canvas - Meiou Shinwa",
        "songName": "The Realm of Athena",
        "artist": "EUROX",
        "type": "Opening 1",
        "correctCount": 49,
        "startTime": 23,
        "songDuration": 89.064,
        "songNumber": 13,
        "activePlayerCount": 136,
        "LinkVideo": "https://files.catbox.moe/xzhvdi.webm",
        "LinkMp3": "https://files.catbox.moe/0xm6l8.mp3",
        "annId": 10547,
        "songDifficulty": 30.09369926948052,
        "vintage": "Spring 2009"
    },
    {
        "animeEng": "Neuro: Supernatural Detective",
        "animeRomaji": "Majin Tantei Nougami Neuro",
        "songName": "DIRTY",
        "artist": "Nightmare",
        "type": "Opening 1",
        "correctCount": 15,
        "startTime": 28,
        "songDuration": 69.528,
        "songNumber": 14,
        "activePlayerCount": 136,
        "LinkVideo": "https://files.catbox.moe/24jv5j.webm",
        "LinkMp3": "https://files.catbox.moe/hkk2dg.mp3",
        "annId": 8371,
        "songDifficulty": 19.05284934820131,
        "vintage": "Fall 2007"
    },
    {
        "animeEng": "Tokimeki Tonight",
        "animeRomaji": "Tokimeki Tonight",
        "songName": "Super Love Lotion",
        "artist": "Harumi Kamo",
        "type": "Ending 1",
        "correctCount": 6,
        "startTime": 2,
        "songDuration": 72.336,
        "songNumber": 15,
        "activePlayerCount": 136,
        "LinkVideo": "https://files.catbox.moe/onrb6h.webm",
        "LinkMp3": "https://files.catbox.moe/q3ghjv.mp3",
        "annId": 1375,
        "songDifficulty": 19.81828065963476,
        "vintage": "Fall 1982"
    },
    {
        "animeEng": "JoJo's Bizarre Adventure: Diamond Is Unbreakable",
        "animeRomaji": "JoJo no Kimyou na Bouken: Diamond wa Kudakenai",
        "songName": "FAITH",
        "artist": "Karen Aoki",
        "type": "Insert Song",
        "correctCount": 47,
        "startTime": 15,
        "songDuration": 45.168,
        "songNumber": 16,
        "activePlayerCount": 137,
        "LinkVideo": "https://files.catbox.moe/p6xgw6.webm",
        "LinkMp3": "https://files.catbox.moe/ask9tq.mp3",
        "annId": 17832,
        "songDifficulty": 16.8925,
        "vintage": "Spring 2016"
    },
    {
        "animeEng": "Zillion",
        "animeRomaji": "Akai Kodan Zillion",
        "songName": "Pure Stone",
        "artist": "Risa Yuuki",
        "type": "Opening 1",
        "correctCount": 3,
        "startTime": 25,
        "songDuration": 92.576368,
        "songNumber": 17,
        "activePlayerCount": 136,
        "LinkVideo": "https://files.catbox.moe/h9wu84.webm",
        "LinkMp3": "https://files.catbox.moe/k84zcc.mp3",
        "annId": 805,
        "songDifficulty": 8.074365175332527,
        "vintage": "Spring 1987",
        "correctPlayers": [
            "Shag",
            "Hejsan",
            "Orfey"
        ]
    },
    {
        "animeEng": "Demon Slayer: Kimetsu no Yaiba Entertainment District Arc",
        "animeRomaji": "Kimetsu no Yaiba: Yuukaku-hen",
        "songName": "Zankyou Sanka",
        "artist": "Aimer",
        "type": "Opening 1",
        "correctCount": 116,
        "startTime": 57,
        "songDuration": 86.28,
        "songNumber": 18,
        "activePlayerCount": 139,
        "LinkVideo": "https://files.catbox.moe/rrljjp.webm",
        "LinkMp3": "https://files.catbox.moe/grz22a.mp3",
        "annId": 24043,
        "songDifficulty": 45.29427029568968,
        "vintage": "Fall 2021"
    },
    {
        "animeEng": "Jujutsu Kaisen",
        "animeRomaji": "Jujutsu Kaisen",
        "songName": "Fight Again",
        "artist": "Chica",
        "type": "Insert Song",
        "correctCount": 23,
        "startTime": 108,
        "songDuration": 180.168,
        "songNumber": 19,
        "activePlayerCount": 139,
        "LinkVideo": "https://files.catbox.moe/rbzopp.webm",
        "LinkMp3": "https://files.catbox.moe/4qfzaf.mp3",
        "annId": 22944,
        "songDifficulty": 16.829704704704703,
        "vintage": "Fall 2020"
    },
    {
        "animeEng": "Yu Yu Hakusho: Ghost Files",
        "animeRomaji": "Yuu\u2606Yuu\u2606Hakusho",
        "songName": "Daydream Generation",
        "artist": "Matsuko Mawatari",
        "type": "Ending 5",
        "correctCount": 70,
        "startTime": 2,
        "songDuration": 85.032,
        "songNumber": 20,
        "activePlayerCount": 139,
        "LinkVideo": "https://files.catbox.moe/t27mzn.webm",
        "LinkMp3": "https://files.catbox.moe/ufvz4y.mp3",
        "annId": 311,
        "songDifficulty": 38.34914969079665,
        "vintage": "Fall 1992"
    },
    {
        "animeEng": "Teasing Master Takagi-san",
        "animeRomaji": "Karakai Jouzu no Takagi-san",
        "songName": "Chiisana Koi no Uta",
        "artist": "Rie Takahashi",
        "type": "Ending 5",
        "correctCount": 78,
        "startTime": 28,
        "songDuration": 88.32,
        "songNumber": 21,
        "activePlayerCount": 139,
        "LinkVideo": "https://files.catbox.moe/8pcg01.webm",
        "LinkMp3": "https://files.catbox.moe/315r8j.mp3",
        "annId": 20176,
        "songDifficulty": 32.62402060610244,
        "vintage": "Winter 2018"
    },
    {
        "animeEng": "XL Boss",
        "animeRomaji": "XL Joushi",
        "songName": "XL BO$$",
        "artist": "Haruki Ishiya",
        "type": "Ending 1",
        "correctCount": 55,
        "startTime": 7,
        "songDuration": 48.432,
        "songNumber": 22,
        "activePlayerCount": 140,
        "LinkVideo": "https://files.catbox.moe/nf77z9.webm",
        "LinkMp3": "https://files.catbox.moe/alhgl2.mp3",
        "annId": 22512,
        "songDifficulty": 17.438490091072346,
        "vintage": "Fall 2019"
    },
    {
        "animeEng": "Soreike! Anpanman: Yuureisen o Yattsukero!!",
        "animeRomaji": "Soreike! Anpanman: Yuureisen o Yattsukero!!",
        "songName": "Yuuki Rinrin",
        "artist": "Dreaming",
        "type": "Ending 1",
        "correctCount": 65,
        "startTime": 2,
        "songDuration": 79.254148,
        "songNumber": 23,
        "activePlayerCount": 142,
        "LinkVideo": "https://files.catbox.moe/ovi7m7.webm",
        "LinkMp3": "https://files.catbox.moe/xj7o17.mp3",
        "annId": 2516,
        "songDifficulty": 25.27915759742952,
        "vintage": "Summer 1995"
    },
    {
        "animeEng": "Kumamiko: Girl Meets Bear",
        "animeRomaji": "Kuma Miko",
        "songName": "Datte, Gyutte Shite.",
        "artist": "Maki Hanatani",
        "type": "Opening 1",
        "correctCount": 27,
        "startTime": 6,
        "songDuration": 89.184,
        "songNumber": 24,
        "activePlayerCount": 143,
        "LinkVideo": "https://files.catbox.moe/7wy17y.webm",
        "LinkMp3": "https://files.catbox.moe/ililht.mp3",
        "annId": 17714,
        "songDifficulty": 17.802647740996925,
        "vintage": "Spring 2016"
    },
    {
        "animeEng": "Aikatsu!",
        "animeRomaji": "Aikatsu!",
        "songName": "Hey! little girl",
        "artist": "Ruka\u30fbMona from AIKATSU\u2606STARS!",
        "type": "Insert Song",
        "correctCount": 20,
        "startTime": 27,
        "songDuration": 113.064,
        "songNumber": 25,
        "activePlayerCount": 141,
        "LinkVideo": "https://files.catbox.moe/si25um.webm",
        "LinkMp3": "https://files.catbox.moe/edv2b1.mp3",
        "annId": 16165,
        "songDifficulty": 27.84442138671875,
        "vintage": "Fall 2014"
    },
    {
        "animeEng": "Yatterman",
        "animeRomaji": "Yatterman: Shin Yatter Mecha Daishuugou! Omocha no Kuni de Daikessen da Koron!",
        "songName": "Smilife",
        "artist": "Stereopony",
        "type": "Ending 1",
        "correctCount": 7,
        "startTime": 117,
        "songDuration": 211.2261,
        "songNumber": 26,
        "activePlayerCount": 142,
        "LinkVideo": "https://files.catbox.moe/jmtdrd.webm",
        "LinkMp3": "https://files.catbox.moe/idnv1h.mp3",
        "annId": 10848,
        "songDifficulty": 9.606247623409844,
        "vintage": "Summer 2009"
    },
    {
        "animeEng": "Lucky Star",
        "animeRomaji": "Lucky Star",
        "songName": "Sore ga, Ai deshou",
        "artist": "Aya Hirano",
        "type": "Ending 3",
        "correctCount": 128,
        "startTime": 1,
        "songDuration": 89.664,
        "songNumber": 27,
        "activePlayerCount": 142,
        "LinkVideo": "https://files.catbox.moe/p9flog.webm",
        "LinkMp3": "https://files.catbox.moe/5v5cke.mp3",
        "annId": 7222,
        "songDifficulty": 59.79054236131072,
        "vintage": "Spring 2007"
    },
    {
        "animeEng": "Gosick",
        "animeRomaji": "Gosick",
        "songName": "Resuscitated Hope",
        "artist": "Lisa Komine",
        "type": "Ending 1",
        "correctCount": 44,
        "startTime": 13,
        "songDuration": 89.952,
        "songNumber": 28,
        "activePlayerCount": 143,
        "LinkVideo": "https://files.catbox.moe/sgdhku.webm",
        "LinkMp3": "https://files.catbox.moe/xtqor7.mp3",
        "annId": 11759,
        "songDifficulty": 27.426099647161433,
        "vintage": "Winter 2011"
    },
    {
        "animeEng": "Tayutama: Kiss on My Deity",
        "animeRomaji": "Tayutama: Kiss on My Deity",
        "songName": "Towa no Koi",
        "artist": "UMA",
        "type": "Insert Song",
        "correctCount": 9,
        "startTime": 228,
        "songDuration": 258.84,
        "songNumber": 29,
        "activePlayerCount": 143,
        "LinkVideo": "https://files.catbox.moe/ilmfza.webm",
        "LinkMp3": "https://files.catbox.moe/cx1mvv.mp3",
        "annId": 10557,
        "songDifficulty": 9.250478990486258,
        "vintage": "Spring 2009"
    },
    {
        "animeEng": "Detective Conan",
        "animeRomaji": "Meitantei Conan",
        "songName": "LIVING DAYLIGHTS",
        "artist": "TWO-MIX",
        "type": "Insert Song",
        "correctCount": 25,
        "startTime": 0,
        "songDuration": 27.384,
        "songNumber": 30,
        "activePlayerCount": 144,
        "LinkVideo": "https://files.catbox.moe/qhyb54.webm",
        "LinkMp3": "https://files.catbox.moe/sexwqw.mp3",
        "annId": 454,
        "songDifficulty": 27.749313591324835,
        "vintage": "Winter 1996"
    },
    {
        "animeEng": "Sound! Euphonium: The Movie - Welcome to the Kitauji High School Concert Band",
        "animeRomaji": "Gekijouban Hibike! Euphonium: Kitauji Koukou Suisougaku-bu e Youkoso",
        "songName": "FUNICULI FUNICULA",
        "artist": "Freshman Wind Ensemble",
        "type": "Insert Song",
        "correctCount": 96,
        "startTime": 0,
        "songDuration": 32.328,
        "songNumber": 31,
        "activePlayerCount": 144,
        "LinkVideo": "https://files.catbox.moe/7d5swo.webm",
        "LinkMp3": "https://files.catbox.moe/o70s8d.mp3",
        "annId": 18172,
        "songDifficulty": 44.96673543800293,
        "vintage": "Spring 2016"
    },
    {
        "animeEng": "The iDOLM@STER SideM",
        "animeRomaji": "The iDOLM@STER SideM",
        "songName": "BRAND NEW FIELD",
        "artist": "Jupiter",
        "type": "Insert Song",
        "correctCount": 1,
        "startTime": 0,
        "songDuration": 124.92,
        "songNumber": 32,
        "activePlayerCount": 143,
        "LinkVideo": "https://files.catbox.moe/s0az3n.webm",
        "LinkMp3": "https://files.catbox.moe/wj89q5.mp3",
        "annId": 19884,
        "songDifficulty": 24.508508314543406,
        "vintage": "Summer 2017",
        "correctPlayers": [
            "Chiya"
        ]
    },
    {
        "animeEng": "JoJo's Bizarre Adventure: Stardust Crusaders",
        "animeRomaji": "JoJo no Kimyou na Bouken: Stardust Crusaders",
        "songName": "Akuyaku Kyousoukyoku ~Hol Horse to Boingo~",
        "artist": "Hidenobu Kiuchi & Motoko Kumai",
        "type": "Ending 3",
        "correctCount": 85,
        "startTime": 8,
        "songDuration": 89.568,
        "songNumber": 33,
        "activePlayerCount": 145,
        "LinkVideo": "https://files.catbox.moe/59fa1k.webm",
        "LinkMp3": "https://files.catbox.moe/4cj9up.mp3",
        "annId": 16303,
        "songDifficulty": 48.488670666125515,
        "vintage": "Winter 2015"
    },
    {
        "animeEng": "Himouto! Umaru-chan R",
        "animeRomaji": "Himouto! Umaru-chan R",
        "songName": "Nimensei\u2606Uraomote Life!",
        "artist": "Aimi Tanaka",
        "type": "Opening 1",
        "correctCount": 79,
        "startTime": 39,
        "songDuration": 88.944,
        "songNumber": 34,
        "activePlayerCount": 145,
        "LinkVideo": "https://files.catbox.moe/2uy24t.webm",
        "LinkMp3": "https://files.catbox.moe/xx9vki.mp3",
        "annId": 20017,
        "songDifficulty": 42.587043211523074,
        "vintage": "Fall 2017"
    },
    {
        "animeEng": "TsukiPro the Animation",
        "animeRomaji": "TsukiPro the Animation",
        "songName": "Above the best",
        "artist": "QUELL",
        "type": "Ending 7",
        "correctCount": 5,
        "startTime": 0,
        "songDuration": 86.616,
        "songNumber": 35,
        "activePlayerCount": 146,
        "LinkVideo": "https://files.catbox.moe/2e1vtz.webm",
        "LinkMp3": "https://files.catbox.moe/uy2swh.mp3",
        "annId": 19898,
        "songDifficulty": 19.83074877635542,
        "vintage": "Fall 2017",
        "correctPlayers": [
            "Diukes",
            "Hejsan",
            "hootsman",
            "gaaw",
            "Chiya"
        ]
    },
    {
        "animeEng": "Anime-Gataris",
        "animeRomaji": "Animegataris",
        "songName": "Ikken Rakuchaku Go Youjin",
        "artist": "Earphones",
        "type": "Insert Song",
        "correctCount": 48,
        "startTime": 10,
        "songDuration": 68.4,
        "songNumber": 36,
        "activePlayerCount": 146,
        "LinkVideo": "https://files.catbox.moe/wjhely.webm",
        "LinkMp3": "https://files.catbox.moe/hppjd5.mp3",
        "annId": 19480,
        "songDifficulty": 22.4609375,
        "vintage": "Fall 2017"
    },
    {
        "animeEng": "Your Name.",
        "animeRomaji": "Kimi no Na wa.",
        "songName": "Zen Zen Zense movie ver.",
        "artist": "RADWIMPS",
        "type": "Insert Song",
        "correctCount": 131,
        "startTime": 100,
        "songDuration": 167.976,
        "songNumber": 37,
        "activePlayerCount": 148,
        "LinkVideo": "https://files.catbox.moe/r8w58t.webm",
        "LinkMp3": "https://files.catbox.moe/i2mpeu.mp3",
        "annId": 18171,
        "songDifficulty": 69.10622607167514,
        "vintage": "Summer 2016"
    },
    {
        "animeEng": "Wolf's Rain",
        "animeRomaji": "Wolf's Rain",
        "songName": "amore amaro",
        "artist": "franco sansalone",
        "type": "Insert Song",
        "correctCount": 1,
        "startTime": 3,
        "songDuration": 136.44,
        "songNumber": 38,
        "activePlayerCount": 149,
        "LinkVideo": "https://files.catbox.moe/a5finz.webm",
        "LinkMp3": "https://files.catbox.moe/78rqs2.mp3",
        "annId": 1806,
        "songDifficulty": 11.684748300804982,
        "vintage": "Winter 2003",
        "correctPlayers": [
            "SrueyaF"
        ]
    },
    {
        "animeEng": "Anime Tenchou",
        "animeRomaji": "Anime Tenchou",
        "songName": "Anime Tenchou",
        "artist": "Tomokazu Seki",
        "type": "Opening 1",
        "correctCount": 38,
        "startTime": 1,
        "songDuration": 38.736,
        "songNumber": 39,
        "activePlayerCount": 149,
        "LinkVideo": "https://files.catbox.moe/iwrao9.webm",
        "LinkMp3": "https://files.catbox.moe/5rzojq.mp3",
        "annId": 358,
        "songDifficulty": 16.23136999591503,
        "vintage": "Summer 2002"
    },
    {
        "animeEng": "B-Daman CrossFire",
        "animeRomaji": "B-Daman CrossFire",
        "songName": "Tsubasa no Yukue",
        "artist": "Rin",
        "type": "Ending 1",
        "correctCount": 7,
        "startTime": 2,
        "songDuration": 42.528,
        "songNumber": 40,
        "activePlayerCount": 150,
        "LinkVideo": "https://files.catbox.moe/5xrt35.webm",
        "LinkMp3": "https://files.catbox.moe/98qjvs.mp3",
        "annId": 13256,
        "songDifficulty": 10.673290746599518,
        "vintage": "Fall 2011"
    },
    {
        "animeEng": "Patalliro!",
        "animeRomaji": "Boku Patalliro!",
        "songName": "Patalliro!",
        "artist": "Fusako Fujimoto",
        "type": "Opening 1",
        "correctCount": 18,
        "startTime": 14,
        "songDuration": 73.608,
        "songNumber": 41,
        "activePlayerCount": 150,
        "LinkVideo": "https://files.catbox.moe/7cnvb0.webm",
        "LinkMp3": "https://files.catbox.moe/fdj9ir.mp3",
        "annId": 1228,
        "songDifficulty": 15.949291775586184,
        "vintage": "Spring 1982"
    },
    {
        "animeEng": "Tales of Zestiria the X",
        "animeRomaji": "Tales of Zestiria the X",
        "songName": "Kaze no Uta",
        "artist": "FLOW",
        "type": "Insert Song",
        "correctCount": 115,
        "startTime": 8,
        "songDuration": 41.496,
        "songNumber": 42,
        "activePlayerCount": 150,
        "LinkVideo": "https://files.catbox.moe/sz50sj.webm",
        "LinkMp3": "https://files.catbox.moe/9c9shg.mp3",
        "annId": 18918,
        "songDifficulty": 44.809521021600176,
        "vintage": "Winter 2017"
    },
    {
        "animeEng": "Persona 5 the Animation",
        "animeRomaji": "Persona 5 the Animation",
        "songName": "Life Will Change (ATLUS Meguro Remix)",
        "artist": "Lyn",
        "type": "Insert Song",
        "correctCount": 74,
        "startTime": 34,
        "songDuration": 77.304,
        "songNumber": 43,
        "activePlayerCount": 149,
        "LinkVideo": "https://files.catbox.moe/n5s4m6.webm",
        "LinkMp3": "https://files.catbox.moe/y6sosb.mp3",
        "annId": 20469,
        "songDifficulty": 61.20961116734143,
        "vintage": "Spring 2018"
    },
    {
        "animeEng": "After the Rain",
        "animeRomaji": "Koi wa Ameagari no You ni",
        "songName": "Ref:rain",
        "artist": "Aimer",
        "type": "Ending 1",
        "correctCount": 66,
        "startTime": 7,
        "songDuration": 86.857125,
        "songNumber": 44,
        "activePlayerCount": 149,
        "LinkVideo": "https://files.catbox.moe/s4hrgg.webm",
        "LinkMp3": "https://files.catbox.moe/yi6jyr.mp3",
        "annId": 20226,
        "songDifficulty": 32.51579660136539,
        "vintage": "Winter 2018"
    },
    {
        "animeEng": "Kujibiki Unbalance",
        "animeRomaji": "Kujibiki Unbalance",
        "songName": "Kagayaki Cyalume",
        "artist": "UNDER17",
        "type": "Ending 1",
        "correctCount": 5,
        "startTime": 48,
        "songDuration": 99.432,
        "songNumber": 45,
        "activePlayerCount": 147,
        "LinkVideo": "https://files.catbox.moe/k0ca6v.webm",
        "LinkMp3": "https://files.catbox.moe/trfjv0.mp3",
        "annId": 4239,
        "songDifficulty": 9.716443218339716,
        "vintage": "Fall 2004",
        "correctPlayers": [
            "SrueyaF",
            "ArukasFrost",
            "gaaw",
            "HDNC",
            "tomokarin"
        ]
    },
    {
        "animeEng": "Seraphim Call",
        "animeRomaji": "Seraphim Call",
        "songName": "Surprise wa Yamerarenai",
        "artist": "Rei Sakuma",
        "type": "Ending 8",
        "correctCount": 5,
        "startTime": 44,
        "songDuration": 89.208,
        "songNumber": 46,
        "activePlayerCount": 148,
        "LinkVideo": "https://files.catbox.moe/6sycly.webm",
        "LinkMp3": "https://files.catbox.moe/kk6szl.mp3",
        "annId": 850,
        "songDifficulty": 8.069760361624835,
        "vintage": "Fall 1999",
        "correctPlayers": [
            "Hejsan",
            "Pratasz",
            "SrueyaF",
            "gaaw",
            "Cindergoat"
        ]
    },
    {
        "animeEng": "Winter Sonata",
        "animeRomaji": "Fuyu no Sonata",
        "songName": "Saisho kara Ima made",
        "artist": "RYU",
        "type": "Opening 1",
        "correctCount": 47,
        "startTime": 18,
        "songDuration": 72.775892,
        "songNumber": 47,
        "activePlayerCount": 148,
        "LinkVideo": "https://files.catbox.moe/8oae95.webm",
        "LinkMp3": "https://files.catbox.moe/1lfkul.mp3",
        "annId": 9706,
        "songDifficulty": 21.737281199041988,
        "vintage": "Fall 2009"
    },
    {
        "animeEng": "JoJo's Bizarre Adventure: Stardust Crusaders",
        "animeRomaji": "JoJo no Kimyou na Bouken: Stardust Crusaders",
        "songName": "Walk Like an Egyptian",
        "artist": "Bangles",
        "type": "Ending 1",
        "correctCount": 102,
        "startTime": 48,
        "songDuration": 87.984,
        "songNumber": 48,
        "activePlayerCount": 148,
        "LinkVideo": "https://files.catbox.moe/ln85pl.webm",
        "LinkMp3": "https://files.catbox.moe/ufaje7.mp3",
        "annId": 15692,
        "songDifficulty": 51.3285945575193,
        "vintage": "Spring 2014"
    },
    {
        "animeEng": "Twin Star Exorcists",
        "animeRomaji": "Sousei no Onmyouji",
        "songName": "Yadoriboshi",
        "artist": "Itowokashi",
        "type": "Ending 2",
        "correctCount": 17,
        "startTime": 5,
        "songDuration": 89.363362,
        "songNumber": 49,
        "activePlayerCount": 148,
        "LinkVideo": "https://files.catbox.moe/ypsk30.webm",
        "LinkMp3": "https://files.catbox.moe/0931zc.mp3",
        "annId": 17890,
        "songDifficulty": 15.520793357090643,
        "vintage": "Spring 2016"
    },
    {
        "animeEng": "Time Bokan Series: Gyakuten Ippatsuman",
        "animeRomaji": "Time Bokan Series: Gyakuten Ippatsuman",
        "songName": "Time Bokan",
        "artist": "Masayuki Yamamoto, Sakamoto Jidou Gasshou-dan",
        "type": "Insert Song",
        "correctCount": 93,
        "startTime": 5,
        "songDuration": 39.096,
        "songNumber": 50,
        "activePlayerCount": 148,
        "LinkVideo": "https://files.catbox.moe/0bdpji.webm",
        "LinkMp3": "https://files.catbox.moe/67w0bs.mp3",
        "annId": 1752,
        "songDifficulty": 31.852544850762065,
        "vintage": "Winter 1982"
    },
    {
        "animeEng": "Genki! Ekoda-chan",
        "animeRomaji": "Genki! Ekoda-chan",
        "songName": "\u00d7\u00d7!! Ekoda-chan no Theme",
        "artist": "Benpineko",
        "type": "Opening 1",
        "correctCount": 20,
        "startTime": 0,
        "songDuration": 20.28,
        "songNumber": 51,
        "activePlayerCount": 146,
        "LinkVideo": "https://files.catbox.moe/oleeqa.webm",
        "LinkMp3": "https://files.catbox.moe/ty027w.mp3",
        "annId": 12560,
        "songDifficulty": 16.188552194148937,
        "vintage": "Spring 2011"
    },
    {
        "animeEng": "True Tokyo Boy: Gatten Tarou",
        "animeRomaji": "Edokko Boy: Gatten Taro",
        "songName": "Gatten Roru",
        "artist": "Chiruru",
        "type": "Opening 1",
        "correctCount": 0,
        "startTime": 14,
        "songDuration": 93.96,
        "songNumber": 52,
        "activePlayerCount": 146,
        "LinkVideo": "https://files.catbox.moe/eidz78.webm",
        "LinkMp3": "https://files.catbox.moe/5yj00o.mp3",
        "annId": 2188,
        "songDifficulty": 3.637526964785448,
        "vintage": "Fall 1990"
    },
    {
        "animeEng": "Bleach",
        "animeRomaji": "Bleach",
        "songName": "Ranbu no Melody",
        "artist": "SID",
        "type": "Opening 13",
        "correctCount": 68,
        "startTime": 33,
        "songDuration": 88.083384,
        "songNumber": 53,
        "activePlayerCount": 147,
        "LinkVideo": "https://files.catbox.moe/mkl7ug.webm",
        "LinkMp3": "https://files.catbox.moe/m8rpjk.mp3",
        "annId": 4240,
        "songDifficulty": 44.87297812886238,
        "vintage": "Fall 2004"
    },
    {
        "animeEng": "Digimon Adventure",
        "animeRomaji": "Digimon Adventure",
        "songName": "brave heart",
        "artist": "Ayumi Miyazaki",
        "type": "Insert Song",
        "correctCount": 78,
        "startTime": 138,
        "songDuration": 231.456,
        "songNumber": 54,
        "activePlayerCount": 148,
        "LinkVideo": "https://files.catbox.moe/jtxz8g.webm",
        "LinkMp3": "https://files.catbox.moe/rmh7kq.mp3",
        "annId": 794,
        "songDifficulty": 43.49692960948645,
        "vintage": "Winter 1999"
    },
    {
        "animeEng": "Fist of the North Star: Legend of Raoh",
        "animeRomaji": "Shin Kyuuseishu Densetsu Hokuto no Ken: Raoh-den Junai no Shou",
        "songName": "Ai o Torimodose!! (MOVIE ver.)",
        "artist": "Crystal King",
        "type": "Insert Song",
        "correctCount": 13,
        "startTime": 30,
        "songDuration": 77.04,
        "songNumber": 55,
        "activePlayerCount": 147,
        "LinkVideo": "https://files.catbox.moe/f6wlv9.webm",
        "LinkMp3": "https://files.catbox.moe/dd8bam.mp3",
        "annId": 5025,
        "songDifficulty": 13.78669132598459,
        "vintage": "Winter 2006"
    },
    {
        "animeEng": "Cells at Work!!",
        "animeRomaji": "Hataraku Saibou!!",
        "songName": "Fight!!",
        "artist": "ClariS",
        "type": "Ending 1",
        "correctCount": 68,
        "startTime": 31,
        "songDuration": 89.016,
        "songNumber": 56,
        "activePlayerCount": 147,
        "LinkVideo": "https://files.catbox.moe/35ddni.webm",
        "LinkMp3": "https://files.catbox.moe/1m34al.mp3",
        "annId": 22007,
        "songDifficulty": 23.36077137508229,
        "vintage": "Winter 2021"
    },
    {
        "animeEng": "Eromanga Sensei",
        "animeRomaji": "Eromanga Sensei",
        "songName": "Hitorigoto",
        "artist": "ClariS",
        "type": "Opening 1",
        "correctCount": 126,
        "startTime": 38,
        "songDuration": 89.568,
        "songNumber": 57,
        "activePlayerCount": 148,
        "LinkVideo": "https://files.catbox.moe/tfcecs.webm",
        "LinkMp3": "https://files.catbox.moe/312u7g.mp3",
        "annId": 18142,
        "songDifficulty": 45.702660537099824,
        "vintage": "Spring 2017"
    },
    {
        "animeEng": "Maburaho",
        "animeRomaji": "Maburaho",
        "songName": "Koi no Mahou",
        "artist": "ICHIKO",
        "type": "Opening 1",
        "correctCount": 15,
        "startTime": 20,
        "songDuration": 87.72,
        "songNumber": 58,
        "activePlayerCount": 148,
        "LinkVideo": "https://files.catbox.moe/nfujkk.webm",
        "LinkMp3": "https://files.catbox.moe/iats05.mp3",
        "annId": 3078,
        "songDifficulty": 16.87959914591047,
        "vintage": "Fall 2003"
    },
    {
        "animeEng": "Arion",
        "animeRomaji": "Arion",
        "songName": "Pegasus no Shoujo",
        "artist": "Kyouko Gotou",
        "type": "Ending 1",
        "correctCount": 4,
        "startTime": 137,
        "songDuration": 171.024,
        "songNumber": 59,
        "activePlayerCount": 147,
        "LinkVideo": "https://files.catbox.moe/7ug2zq.webm",
        "LinkMp3": "https://files.catbox.moe/gbqcse.mp3",
        "annId": 807,
        "songDifficulty": 8.064928319985343,
        "vintage": "Winter 1986",
        "correctPlayers": [
            "Shakira_",
            "Orfey",
            "SrueyaF",
            "ArronChu"
        ]
    },
    {
        "animeEng": "Amuri in Star Ocean",
        "animeRomaji": "Hoshi no Umi no Amuri",
        "songName": "Umidorika -Heartful Ver-",
        "artist": "Uchuu Shoujo Vanaren-tai wants Aya Hirano",
        "type": "Insert Song",
        "correctCount": 4,
        "startTime": 101,
        "songDuration": 146.136,
        "songNumber": 60,
        "activePlayerCount": 147,
        "LinkVideo": "https://files.catbox.moe/0vxdaj.webm",
        "LinkMp3": "https://files.catbox.moe/xqm7in.mp3",
        "annId": 8720,
        "songDifficulty": 14.094670388550885,
        "vintage": "Winter 2008",
        "correctPlayers": [
            "Hejsan",
            "SrueyaF",
            "Jube",
            "ArukasFrost"
        ]
    },
    {
        "animeEng": "Aikatsu!",
        "animeRomaji": "Aikatsu!",
        "songName": "Take Me Higher",
        "artist": "Waka\u30fbFuuri\u30fbSunao from STAR\u2606ANIS",
        "type": "Insert Song",
        "correctCount": 60,
        "startTime": 5,
        "songDuration": 109.104,
        "songNumber": 61,
        "activePlayerCount": 148,
        "LinkVideo": "https://files.catbox.moe/w4n2g9.webm",
        "LinkMp3": "https://files.catbox.moe/z4iemk.mp3",
        "annId": 14566,
        "songDifficulty": 38.766149758355176,
        "vintage": "Fall 2012"
    },
    {
        "animeEng": "Ultimate Otaku Teacher",
        "animeRomaji": "Denpa Kyoushi: He Is an Ultimate Teacher",
        "songName": "vivid brilliant door!",
        "artist": "Sphere",
        "type": "Opening 2",
        "correctCount": 21,
        "startTime": 32,
        "songDuration": 89.064,
        "songNumber": 62,
        "activePlayerCount": 149,
        "LinkVideo": "https://files.catbox.moe/s9b1i2.webm",
        "LinkMp3": "https://files.catbox.moe/61h7a9.mp3",
        "annId": 16723,
        "songDifficulty": 13.26029148692139,
        "vintage": "Spring 2015"
    },
    {
        "animeEng": "Kyousougiga",
        "animeRomaji": "Kyousougiga",
        "songName": "Kongou Kyojin Bishamaru",
        "artist": "Nami Nakagawa, Mitsu, Eiji Takemoto",
        "type": "Insert Song",
        "correctCount": 38,
        "startTime": 1,
        "songDuration": 31.584,
        "songNumber": 63,
        "activePlayerCount": 150,
        "LinkVideo": "https://files.catbox.moe/oqa8w8.webm",
        "LinkMp3": "https://files.catbox.moe/50l7yu.mp3",
        "annId": 15509,
        "songDifficulty": 22.53389732337549,
        "vintage": "Fall 2013"
    },
    {
        "animeEng": "Lapis Re:LiGHTs",
        "animeRomaji": "Lapis Re:LiGHTs",
        "songName": "Wagamama Caramelize",
        "artist": "Sugar Pockets",
        "type": "Insert Song",
        "correctCount": 17,
        "startTime": 60,
        "songDuration": 89.952,
        "songNumber": 64,
        "activePlayerCount": 150,
        "LinkVideo": "https://files.catbox.moe/rpfv5y.webm",
        "LinkMp3": "https://files.catbox.moe/n349yj.mp3",
        "annId": 22935,
        "songDifficulty": 19.409554702729046,
        "vintage": "Summer 2020"
    },
    {
        "animeEng": "Galaxy Angel A",
        "animeRomaji": "Galaxy Angel A",
        "songName": "Happy Question",
        "artist": "Angel-tai",
        "type": "Insert Song",
        "correctCount": 8,
        "startTime": 27,
        "songDuration": 86.112,
        "songNumber": 65,
        "activePlayerCount": 150,
        "LinkVideo": "https://files.catbox.moe/8jipv4.webm",
        "LinkMp3": "https://files.catbox.moe/2loyuj.mp3",
        "annId": 2142,
        "songDifficulty": 14.956845092773438,
        "vintage": "Fall 2002"
    },
    {
        "animeEng": "Sadamitsu the Destroyer",
        "animeRomaji": "Hakaima Sadamitsu",
        "songName": "Hakaima Sadamitsu no Theme",
        "artist": "Taku Iwasaki",
        "type": "Opening 1",
        "correctCount": 23,
        "startTime": 61,
        "songDuration": 89.180508,
        "songNumber": 66,
        "activePlayerCount": 148,
        "LinkVideo": "https://files.catbox.moe/aiigfk.webm",
        "LinkMp3": "https://files.catbox.moe/aw014x.mp3",
        "annId": 977,
        "songDifficulty": 15.779106326219512,
        "vintage": "Winter 2001"
    },
    {
        "animeEng": "Ikemen Kyuugo-tai Nurse Angels",
        "animeRomaji": "Ikemen Kyuugo-tai Nurse Angels",
        "songName": "Liberta",
        "artist": "Maiko Nakamura",
        "type": "Ending 1",
        "correctCount": 9,
        "startTime": 0,
        "songDuration": 24.864,
        "songNumber": 67,
        "activePlayerCount": 148,
        "LinkVideo": "https://files.catbox.moe/zeeydt.webm",
        "LinkMp3": "https://files.catbox.moe/uvvbaj.mp3",
        "annId": 23686,
        "songDifficulty": 6.166525286612426,
        "vintage": "Spring 2013"
    },
    {
        "animeEng": "Kiznaiver",
        "animeRomaji": "Kiznaiver",
        "songName": "LAY YOUR HANDS ON ME",
        "artist": "BOOM BOOM SATELLITES",
        "type": "Opening 1",
        "correctCount": 111,
        "startTime": 13,
        "songDuration": 89.965688,
        "songNumber": 68,
        "activePlayerCount": 149,
        "LinkVideo": "https://files.catbox.moe/y9vdhg.webm",
        "LinkMp3": "https://files.catbox.moe/ebpr7u.mp3",
        "annId": 17706,
        "songDifficulty": 44.23214534705374,
        "vintage": "Spring 2016"
    },
    {
        "animeEng": "The World God Only Knows: Four Girls and an Idol",
        "animeRomaji": "Kami Nomi zo Shiru Sekai: 4-nin to Idol",
        "songName": "Natsu-iro Surprise",
        "artist": "Nao Touyama",
        "type": "Opening 1",
        "correctCount": 23,
        "startTime": 41,
        "songDuration": 90.072,
        "songNumber": 69,
        "activePlayerCount": 149,
        "LinkVideo": "https://files.catbox.moe/vgrzmg.webm",
        "LinkMp3": "https://files.catbox.moe/b2a9zt.mp3",
        "annId": 13200,
        "songDifficulty": 15.198537234042552,
        "vintage": "Summer 2011"
    },
    {
        "animeEng": "Bleach",
        "animeRomaji": "Bleach",
        "songName": "Hanabi",
        "artist": "Ikimono-gakari",
        "type": "Ending 7",
        "correctCount": 25,
        "startTime": 2,
        "songDuration": 88.584,
        "songNumber": 70,
        "activePlayerCount": 149,
        "LinkVideo": "https://files.catbox.moe/hetg5s.webm",
        "LinkMp3": "https://files.catbox.moe/1m949z.mp3",
        "annId": 4240,
        "songDifficulty": 21.306392782969887,
        "vintage": "Fall 2004"
    },
    {
        "animeEng": "That Time I Got Reincarnated as a Slime",
        "animeRomaji": "Tensei Shitara Slime Datta Ken",
        "songName": "Another colony",
        "artist": "TRUE",
        "type": "Ending 1",
        "correctCount": 81,
        "startTime": 49,
        "songDuration": 89.064,
        "songNumber": 71,
        "activePlayerCount": 149,
        "LinkVideo": "https://files.catbox.moe/htsw44.webm",
        "LinkMp3": "https://files.catbox.moe/pxmt50.mp3",
        "annId": 23357,
        "songDifficulty": 36.12358686319405,
        "vintage": "Summer 2019"
    },
    {
        "animeEng": "Persona 4 the Golden Animation",
        "animeRomaji": "Persona 4 the Golden Animation",
        "songName": "Shadow World",
        "artist": "Shihoko Hirata",
        "type": "Opening 1",
        "correctCount": 26,
        "startTime": 30,
        "songDuration": 89.976,
        "songNumber": 72,
        "activePlayerCount": 149,
        "LinkVideo": "https://files.catbox.moe/ol6auq.webm",
        "LinkMp3": "https://files.catbox.moe/hl0gum.mp3",
        "annId": 16027,
        "songDifficulty": 31.78220850840336,
        "vintage": "Summer 2014"
    },
    {
        "animeEng": "Kiddy Girl-AND",
        "animeRomaji": "Kiddy Girl-AND",
        "songName": "Tsuki to Taiyou",
        "artist": "Aya Gouda",
        "type": "Ending 2",
        "correctCount": 1,
        "startTime": 46,
        "songDuration": 86.664,
        "songNumber": 73,
        "activePlayerCount": 149,
        "LinkVideo": "https://files.catbox.moe/5sybp6.webm",
        "LinkMp3": "https://files.catbox.moe/ejiwmh.mp3",
        "annId": 7612,
        "songDifficulty": 6.192891615715579,
        "vintage": "Fall 2009",
        "correctPlayers": [
            "ArukasFrost"
        ]
    },
    {
        "animeEng": "Katana Maidens: Toji no Miko",
        "animeRomaji": "Toji no Miko",
        "songName": "Ima Kono Mi ga Hateyou tomo",
        "artist": "Kaede Hondo, Saori Oonishi",
        "type": "Ending 2",
        "correctCount": 6,
        "startTime": 34,
        "songDuration": 167.808,
        "songNumber": 74,
        "activePlayerCount": 149,
        "LinkVideo": "https://files.catbox.moe/2dqkw5.webm",
        "LinkMp3": "https://files.catbox.moe/zrw3cn.mp3",
        "annId": 20019,
        "songDifficulty": 10.61545705908551,
        "vintage": "Winter 2018"
    },
    {
        "animeEng": "Crayon Shin-chan: Serious Battle! Robot Dad Strikes Back!",
        "animeRomaji": "Eiga Crayon Shin-chan: Gachinko! Gyakushuu no Robo Tou-chan",
        "songName": "Kimi ni 100 Percent",
        "artist": "Kyary Pamyu Pamyu",
        "type": "Opening 1",
        "correctCount": 80,
        "startTime": 2,
        "songDuration": 64.056,
        "songNumber": 75,
        "activePlayerCount": 147,
        "LinkVideo": "https://files.catbox.moe/1pwmp3.webm",
        "LinkMp3": "https://files.catbox.moe/yhmuut.mp3",
        "annId": 15762,
        "songDifficulty": 41.85400878580946,
        "vintage": "Spring 2014"
    },
    {
        "animeEng": "Negima!?",
        "animeRomaji": "Negima!?",
        "songName": "1000%SPARKING!",
        "artist": "Miho Sakuma, Misa Kobayashi, Yumi Shimura, Mai Aizawa, Yuka Inokuchi",
        "type": "Opening 6",
        "correctCount": 45,
        "startTime": 9,
        "songDuration": 89.064,
        "songNumber": 76,
        "activePlayerCount": 149,
        "LinkVideo": "https://files.catbox.moe/icpl27.webm",
        "LinkMp3": "https://files.catbox.moe/akav1g.mp3",
        "annId": 6708,
        "songDifficulty": 29.125556144067797,
        "vintage": "Fall 2006"
    },
    {
        "animeEng": "Queen's Blade: The Wandering Warrior",
        "animeRomaji": "Queen's Blade: Rurou no Senshi",
        "songName": "Get the Door",
        "artist": "Rie Ohashi",
        "type": "Opening 1",
        "correctCount": 12,
        "startTime": 9,
        "songDuration": 89.232,
        "songNumber": 77,
        "activePlayerCount": 149,
        "LinkVideo": "https://files.catbox.moe/6xt173.webm",
        "LinkMp3": "https://files.catbox.moe/hn6mdk.mp3",
        "annId": 10086,
        "songDifficulty": 12.297471325619163,
        "vintage": "Spring 2009"
    },
    {
        "animeEng": "No Guns Life",
        "animeRomaji": "No Guns Life",
        "songName": "MOTOR CITY",
        "artist": "Kenichi Asai",
        "type": "Opening 1",
        "correctCount": 29,
        "startTime": 55,
        "songDuration": 89.784,
        "songNumber": 78,
        "activePlayerCount": 148,
        "LinkVideo": "https://files.catbox.moe/yfkowp.webm",
        "LinkMp3": "https://files.catbox.moe/ig0bzr.mp3",
        "annId": 21978,
        "songDifficulty": 25.085197730226977,
        "vintage": "Fall 2019"
    },
    {
        "animeEng": "Code Geass: Nunnally in Wonderland",
        "animeRomaji": "Code Geass: Hangyaku no Lelouch - Nunnally in Wonderland",
        "songName": "All Hail Britannia!!!",
        "artist": "Hiroki Shimizu, Tomohiro Tani, Hideyuki Aochi",
        "type": "Insert Song",
        "correctCount": 104,
        "startTime": 0,
        "songDuration": 25.008,
        "songNumber": 79,
        "activePlayerCount": 148,
        "LinkVideo": "https://files.catbox.moe/8b48zr.webm",
        "LinkMp3": "https://files.catbox.moe/h1mudz.mp3",
        "annId": 13974,
        "songDifficulty": 35.383413015224654,
        "vintage": "Summer 2012"
    },
    {
        "animeEng": "Snow White with the Red Hair: Nandemonai Takaramono, Kono Page",
        "animeRomaji": "Akagami no Shirayuki-hime: Nandemonai Takaramono, Kono Page",
        "songName": "Yasashii Kibou",
        "artist": "Saori Hayami",
        "type": "Opening 1",
        "correctCount": 99,
        "startTime": 56,
        "songDuration": 89.112,
        "songNumber": 80,
        "activePlayerCount": 148,
        "LinkVideo": "https://files.catbox.moe/p4859c.webm",
        "LinkMp3": "https://files.catbox.moe/io8oex.mp3",
        "annId": 23351,
        "songDifficulty": 35.59980127335744,
        "vintage": "Winter 2016"
    },
    {
        "animeEng": "Evangelion: 3.0+1.0 Thrice Upon a Time",
        "animeRomaji": "Evangelion: 3.0+1.0 Thrice Upon a Time",
        "songName": "VOYAGER~Hizuke no Nai Bohyou~",
        "artist": "Megumi Hayashibara",
        "type": "Insert Song",
        "correctCount": 10,
        "startTime": 20,
        "songDuration": 285.24,
        "songNumber": 81,
        "activePlayerCount": 148,
        "LinkVideo": "https://files.catbox.moe/wfowr2.webm",
        "LinkMp3": "https://files.catbox.moe/dethls.mp3",
        "annId": 8423,
        "songDifficulty": 14.020132578649969,
        "vintage": "Winter 2021"
    },
    {
        "animeEng": "Initial D",
        "animeRomaji": "Initial D",
        "songName": "BE MY BABE",
        "artist": "JILLY",
        "type": "Insert Song",
        "correctCount": 94,
        "startTime": 87,
        "songDuration": 121.584,
        "songNumber": 82,
        "activePlayerCount": 147,
        "LinkVideo": "https://files.catbox.moe/7z30y7.webm",
        "LinkMp3": "https://files.catbox.moe/6uqckj.mp3",
        "annId": 395,
        "songDifficulty": 48.374329211385906,
        "vintage": "Spring 1998"
    },
    {
        "animeEng": "Bloom Into You",
        "animeRomaji": "Yagate Kimi ni Naru",
        "songName": "hectopascal",
        "artist": "Yuuki Takada & Minako Kotobuki",
        "type": "Ending 1",
        "correctCount": 68,
        "startTime": 61,
        "songDuration": 89.064,
        "songNumber": 83,
        "activePlayerCount": 147,
        "LinkVideo": "https://files.catbox.moe/1rd3jd.webm",
        "LinkMp3": "https://files.catbox.moe/3ewcdh.mp3",
        "annId": 21239,
        "songDifficulty": 25.61376994122586,
        "vintage": "Fall 2018"
    },
    {
        "animeEng": "Maria\u2020Holic",
        "animeRomaji": "Maria\u2020Holic",
        "songName": "HANAJI",
        "artist": "Yu Kobayashi",
        "type": "Opening 1",
        "correctCount": 87,
        "startTime": 11,
        "songDuration": 86.856,
        "songNumber": 84,
        "activePlayerCount": 147,
        "LinkVideo": "https://files.catbox.moe/fme10u.webm",
        "LinkMp3": "https://files.catbox.moe/bw2xch.mp3",
        "annId": 10200,
        "songDifficulty": 35.956867635409445,
        "vintage": "Fall 2008"
    },
    {
        "animeEng": "New Dominion Tank Police",
        "animeRomaji": "Tokusou Sensha-tai Dominion",
        "songName": "Kasegana Akan Kibarana Akan",
        "artist": "Aya Hisakawa, Nina Kumagaya",
        "type": "Insert Song",
        "correctCount": 3,
        "startTime": 49,
        "songDuration": 94.56,
        "songNumber": 85,
        "activePlayerCount": 143,
        "LinkVideo": "https://files.catbox.moe/4o8efp.webm",
        "LinkMp3": "https://files.catbox.moe/7m2hdn.mp3",
        "annId": 702,
        "songDifficulty": 3.6263845538976858,
        "vintage": "Fall 1993",
        "correctPlayers": [
            "Hejsan",
            "scrambled",
            "TKN"
        ]
    }
]