[
    {
        "animeEng": "Arpeggio of Blue Steel",
        "animeRomaji": "Aoki Hagane no Arpeggio: Ars Nova",
        "songName": "SAVIOR OF SONG",
        "artist": "nano feat. MY FIRST STORY",
        "type": "Opening 1",
        "correctCount": 62,
        "startTime": 17,
        "songDuration": 86.76,
        "songNumber": 1,
        "activePlayerCount": 165,
        "LinkVideo": "https://files.catbox.moe/0zkcn5.webm",
        "LinkMp3": "https://files.catbox.moe/w3ff4q.mp3",
        "annId": 15359,
        "songDifficulty": 30.674392669031494,
        "vintage": "Fall 2013"
    },
    {
        "animeEng": "Utakata",
        "animeRomaji": "Uta\u223dKata",
        "songName": "Itsuka Tokeru Namida",
        "artist": "savage genius",
        "type": "Ending 1",
        "correctCount": 20,
        "startTime": 18,
        "songDuration": 89.592,
        "songNumber": 2,
        "activePlayerCount": 173,
        "LinkVideo": "https://files.catbox.moe/8i8ck1.webm",
        "LinkMp3": "https://files.catbox.moe/hidm2x.mp3",
        "annId": 4444,
        "songDifficulty": 16.145777925531913,
        "vintage": "Fall 2004"
    },
    {
        "animeEng": "Release the Spyce",
        "animeRomaji": "Release the Spyce",
        "songName": "Tsukimusubi Hikigatari ver.",
        "artist": "Aya Suzaki",
        "type": "Insert Song",
        "correctCount": 18,
        "startTime": 15,
        "songDuration": 55.152,
        "songNumber": 3,
        "activePlayerCount": 178,
        "LinkVideo": "https://files.catbox.moe/gm27uw.webm",
        "LinkMp3": "https://files.catbox.moe/82m1r6.mp3",
        "annId": 20595,
        "songDifficulty": 19.195063277714933,
        "vintage": "Fall 2018"
    },
    {
        "animeEng": "Knights of Sidonia: Love Woven in the Stars",
        "animeRomaji": "Sidonia no Kishi: Ai Tsumugu Hoshi",
        "songName": "Sidonia",
        "artist": "angela",
        "type": "Insert Song",
        "correctCount": 134,
        "startTime": 7,
        "songDuration": 98.832,
        "songNumber": 4,
        "activePlayerCount": 181,
        "LinkVideo": "https://files.catbox.moe/h73b1b.webm",
        "LinkMp3": "https://files.catbox.moe/r5fou3.mp3",
        "annId": 23512,
        "songDifficulty": 42.919472818559555,
        "vintage": "Spring 2021"
    },
    {
        "animeEng": "Steel God Jeeg",
        "animeRomaji": "Kotetsushin Jeeg",
        "songName": "Dead or Alive",
        "artist": "JAM Project",
        "type": "Insert Song",
        "correctCount": 6,
        "startTime": 187,
        "songDuration": 219.408,
        "songNumber": 5,
        "activePlayerCount": 185,
        "LinkVideo": "https://files.catbox.moe/wt36m6.webm",
        "LinkMp3": "https://files.catbox.moe/hundhw.mp3",
        "annId": 7609,
        "songDifficulty": 12.083734337258454,
        "vintage": "Spring 2007"
    },
    {
        "animeEng": "Ziggy Soreyuke! R&R Band",
        "animeRomaji": "Ziggy Soreyuke! R&R Band",
        "songName": "LONG AND WINDING ROAD",
        "artist": "ZIGGY",
        "type": "Insert Song",
        "correctCount": 1,
        "startTime": 92,
        "songDuration": 216.096,
        "songNumber": 6,
        "activePlayerCount": 186,
        "LinkVideo": "https://files.catbox.moe/39j0mf.webm",
        "LinkMp3": "https://files.catbox.moe/ghz9yj.mp3",
        "annId": 7342,
        "songDifficulty": 4.6870268157851145,
        "vintage": "Summer 1991",
        "correctPlayers": [
            "Rukawa11"
        ]
    },
    {
        "animeEng": "Uma Musume: Pretty Derby Season 2",
        "animeRomaji": "Uma Musume: Pretty Derby Season 2",
        "songName": "Yume o Kakeru!",
        "artist": "Machico, Yui Kondou, Kaori Maeda",
        "type": "Insert Song",
        "correctCount": 40,
        "startTime": 12,
        "songDuration": 91.704,
        "songNumber": 7,
        "activePlayerCount": 187,
        "LinkVideo": "https://files.catbox.moe/exvlse.webm",
        "LinkMp3": "https://files.catbox.moe/mos3rf.mp3",
        "annId": 23863,
        "songDifficulty": 35.238937650034295,
        "vintage": "Winter 2021"
    },
    {
        "animeEng": "Tokyo Ghoul: Root A",
        "animeRomaji": "Tokyo Ghoul \u221aA",
        "songName": "unravel (Acoustic Version)",
        "artist": "TK from Ling Tosite Sigure",
        "type": "Insert Song",
        "correctCount": 104,
        "startTime": 47,
        "songDuration": 224.472,
        "songNumber": 8,
        "activePlayerCount": 187,
        "LinkVideo": "https://files.catbox.moe/ktrg83.webm",
        "LinkMp3": "https://files.catbox.moe/dhmq5j.mp3",
        "annId": 16318,
        "songDifficulty": 36.7017679036055,
        "vintage": "Winter 2015"
    },
    {
        "animeEng": "Riki-Oh 2: Child of Destruction",
        "animeRomaji": "Riki-Oh 2: Horobi no Ko",
        "songName": "Honoo no Requiem",
        "artist": "Eizo Sakamoto",
        "type": "Ending 1",
        "correctCount": 5,
        "startTime": 121,
        "songDuration": 324.36,
        "songNumber": 9,
        "activePlayerCount": 192,
        "LinkVideo": "https://files.catbox.moe/s2234o.webm",
        "LinkMp3": "https://files.catbox.moe/ttrqc5.mp3",
        "annId": 4192,
        "songDifficulty": 9.063897082270408,
        "vintage": "Summer 1990",
        "correctPlayers": [
            "mutta",
            "PulseVorteX",
            "Milar",
            "watashiii",
            "Zeal_Kido"
        ]
    },
    {
        "animeEng": "Aldnoah.Zero",
        "animeRomaji": "Aldnoah.Zero",
        "songName": "&Z -English ver.-",
        "artist": "SawanoHiroyuki[nZk]:mizuki",
        "type": "Ending 1",
        "correctCount": 110,
        "startTime": 36,
        "songDuration": 88.128,
        "songNumber": 10,
        "activePlayerCount": 192,
        "LinkVideo": "https://files.catbox.moe/8ck8zm.webm",
        "LinkMp3": "https://files.catbox.moe/q9c9ra.mp3",
        "annId": 16305,
        "songDifficulty": 42.80724381625442,
        "vintage": "Winter 2015"
    },
    {
        "animeEng": "Lupin III",
        "animeRomaji": "Lupin Sansei",
        "songName": "THEME FROM LUPIN III 2015",
        "artist": "You & Explosion Band",
        "type": "Opening 1",
        "correctCount": 131,
        "startTime": 13,
        "songDuration": 78.912,
        "songNumber": 11,
        "activePlayerCount": 191,
        "LinkVideo": "https://files.catbox.moe/5m22h3.webm",
        "LinkMp3": "https://files.catbox.moe/9e9han.mp3",
        "annId": 16347,
        "songDifficulty": 34.39511876006441,
        "vintage": "Summer 2015"
    },
    {
        "animeEng": "Squid Girl",
        "animeRomaji": "Shinryaku! Ika Musume",
        "songName": "Shinryaku no Susume",
        "artist": "ULTRA-PRISM with Hisako Kanemoto",
        "type": "Opening 1",
        "correctCount": 79,
        "startTime": 26,
        "songDuration": 89.064,
        "songNumber": 12,
        "activePlayerCount": 191,
        "LinkVideo": "https://files.catbox.moe/t4exn3.webm",
        "LinkMp3": "https://files.catbox.moe/jj5la2.mp3",
        "annId": 11421,
        "songDifficulty": 29.59629812494325,
        "vintage": "Fall 2010"
    },
    {
        "animeEng": "Food Wars! The Second Plate",
        "animeRomaji": "Shokugeki no Souma: Ni no Sara",
        "songName": "ROUGH DIAMONDS",
        "artist": "SCREEN mode",
        "type": "Opening 1",
        "correctCount": 69,
        "startTime": 4,
        "songDuration": 88.44,
        "songNumber": 13,
        "activePlayerCount": 192,
        "LinkVideo": "https://files.catbox.moe/i4kugr.webm",
        "LinkMp3": "https://files.catbox.moe/mlctpn.mp3",
        "annId": 18112,
        "songDifficulty": 23.041766669835084,
        "vintage": "Summer 2016"
    },
    {
        "animeEng": "Trickster",
        "animeRomaji": "Trickster: Edogawa Rampo 'Shounen Tanteidan' Yori",
        "songName": "Bright Star (Waltz Version)",
        "artist": "meg",
        "type": "Ending 1",
        "correctCount": 8,
        "startTime": 9,
        "songDuration": 98.616,
        "songNumber": 14,
        "activePlayerCount": 191,
        "LinkVideo": "https://files.catbox.moe/qy6btu.webm",
        "LinkMp3": "https://files.catbox.moe/kb271q.mp3",
        "annId": 23927,
        "songDifficulty": 4.761739994280905,
        "vintage": "Fall 2016"
    },
    {
        "animeEng": "Cutie Honey Universe",
        "animeRomaji": "Cutie Honey Universe",
        "songName": "Over Heat, Over Heart",
        "artist": "Yukari Tamura",
        "type": "Insert Song",
        "correctCount": 10,
        "startTime": 72,
        "songDuration": 141.216,
        "songNumber": 15,
        "activePlayerCount": 190,
        "LinkVideo": "https://files.catbox.moe/klu67b.webm",
        "LinkMp3": "https://files.catbox.moe/um1rrg.mp3",
        "annId": 20543,
        "songDifficulty": 10.257136271740897,
        "vintage": "Spring 2018"
    },
    {
        "animeEng": "Seiyu's Life!",
        "animeRomaji": "Sore ga Seiyuu!",
        "songName": "Mimi no Naka e",
        "artist": "Earphones",
        "type": "Ending 2",
        "correctCount": 9,
        "startTime": 6,
        "songDuration": 85.056,
        "songNumber": 16,
        "activePlayerCount": 190,
        "LinkVideo": "https://files.catbox.moe/quqbq2.webm",
        "LinkMp3": "https://files.catbox.moe/3h4fab.mp3",
        "annId": 16718,
        "songDifficulty": 15.030164744755993,
        "vintage": "Summer 2015"
    },
    {
        "animeEng": "Clannad: The Motion Picture",
        "animeRomaji": "Clannad Film",
        "songName": "Dango Dango Dango",
        "artist": "Fukuchi Kousaka Koutou Gakkou Zaikousei",
        "type": "Ending 3",
        "correctCount": 137,
        "startTime": 1,
        "songDuration": 31.464,
        "songNumber": 17,
        "activePlayerCount": 189,
        "LinkVideo": "https://files.catbox.moe/4h91d8.webm",
        "LinkMp3": "https://files.catbox.moe/geafjg.mp3",
        "annId": 6436,
        "songDifficulty": 40.17911735700197,
        "vintage": "Summer 2007"
    },
    {
        "animeEng": "No Game No Life",
        "animeRomaji": "No Game No Life",
        "songName": "Oraci\u00f3n",
        "artist": "Ai Kayano",
        "type": "Ending 1",
        "correctCount": 118,
        "startTime": 29,
        "songDuration": 88.56,
        "songNumber": 18,
        "activePlayerCount": 190,
        "LinkVideo": "https://files.catbox.moe/xgc0f9.webm",
        "LinkMp3": "https://files.catbox.moe/amus9l.mp3",
        "annId": 15784,
        "songDifficulty": 29.11752709640616,
        "vintage": "Spring 2014"
    },
    {
        "animeEng": "No Matter How I Look at It, It\u2019s You Guys' Fault I\u2019m Not Popular!",
        "animeRomaji": "Watamote",
        "songName": "Dou Kangaete mo Watashi wa Warukunai",
        "artist": "Izumi Kitta",
        "type": "Ending 1",
        "correctCount": 80,
        "startTime": 12,
        "songDuration": 89.016,
        "songNumber": 19,
        "activePlayerCount": 190,
        "LinkVideo": "https://files.catbox.moe/kkums8.webm",
        "LinkMp3": "https://files.catbox.moe/kpcgkd.mp3",
        "annId": 15008,
        "songDifficulty": 34.19967645421653,
        "vintage": "Summer 2013"
    },
    {
        "animeEng": "Princess Tutu",
        "animeRomaji": "Princess Tutu",
        "songName": "Morning Grace",
        "artist": "Ritsuko Okazaki",
        "type": "Opening 1",
        "correctCount": 75,
        "startTime": 52,
        "songDuration": 105.072,
        "songNumber": 20,
        "activePlayerCount": 195,
        "LinkVideo": "https://files.catbox.moe/h8jh1s.webm",
        "LinkMp3": "https://files.catbox.moe/ki48a3.mp3",
        "annId": 1267,
        "songDifficulty": 31.587711372144057,
        "vintage": "Summer 2002"
    },
    {
        "animeEng": "Hi Score Girl",
        "animeRomaji": "High Score Girl",
        "songName": "Houkago Distraction",
        "artist": "Etsuko Yakushimaru",
        "type": "Ending 1",
        "correctCount": 63,
        "startTime": 0,
        "songDuration": 89.4,
        "songNumber": 21,
        "activePlayerCount": 196,
        "LinkVideo": "https://files.catbox.moe/gt4kps.webm",
        "LinkMp3": "https://files.catbox.moe/xn6rzt.mp3",
        "annId": 20797,
        "songDifficulty": 29.37742108685372,
        "vintage": "Summer 2018"
    },
    {
        "animeEng": "KJ File",
        "animeRomaji": "KJ File",
        "songName": "Kyoen-juu Fire Pongo",
        "artist": "Kota Okamoto",
        "type": "Insert Song",
        "correctCount": 5,
        "startTime": 3,
        "songDuration": 33.984,
        "songNumber": 22,
        "activePlayerCount": 198,
        "LinkVideo": "https://files.catbox.moe/hqkgvk.webm",
        "LinkMp3": "https://files.catbox.moe/5atcbv.mp3",
        "annId": 25662,
        "songDifficulty": 35.333334350585936,
        "vintage": "Summer 2022",
        "correctPlayers": [
            "JamesBrown",
            "Swaye",
            "Rukawa11",
            "gaaw",
            "Razzy181"
        ]
    },
    {
        "animeEng": "Digimon Adventure 02: Revenge of Diablomon",
        "animeRomaji": "Digimon Adventure 02: Diablomon no Gyakushuu",
        "songName": "Target ~Akai Shougeki~",
        "artist": "Kouji Wada",
        "type": "Insert Song",
        "correctCount": 91,
        "startTime": 20,
        "songDuration": 94.56,
        "songNumber": 23,
        "activePlayerCount": 198,
        "LinkVideo": "https://files.catbox.moe/qa29y6.webm",
        "LinkMp3": "https://files.catbox.moe/ijaxfo.mp3",
        "annId": 1986,
        "songDifficulty": 31.972471528215635,
        "vintage": "Winter 2001"
    },
    {
        "animeEng": "Beyond the Boundary",
        "animeRomaji": "Kyoukai no Kanata",
        "songName": "Kyoukai no Kanata",
        "artist": "Minori Chihara",
        "type": "Opening 1",
        "correctCount": 137,
        "startTime": 34,
        "songDuration": 87.984,
        "songNumber": 24,
        "activePlayerCount": 199,
        "LinkVideo": "https://files.catbox.moe/917i9b.webm",
        "LinkMp3": "https://files.catbox.moe/ogqmzn.mp3",
        "annId": 15546,
        "songDifficulty": 32.17448020485142,
        "vintage": "Fall 2013"
    },
    {
        "animeEng": "Yadamon: Magical Dreamer",
        "animeRomaji": "Yadamon",
        "songName": "Nantettatte Yadamon",
        "artist": "Issei Futamata, Mami Suzuki, Rie Iwatsubo",
        "type": "Insert Song",
        "correctCount": 127,
        "startTime": 5,
        "songDuration": 78.49661,
        "songNumber": 25,
        "activePlayerCount": 202,
        "LinkVideo": "https://files.catbox.moe/kwyozr.webm",
        "LinkMp3": "https://files.catbox.moe/7p6uf0.mp3",
        "annId": 1389,
        "songDifficulty": 41.06986534137367,
        "vintage": "Summer 1992"
    },
    {
        "animeEng": "Fairy Musketeers",
        "animeRomaji": "Otogi-Jushi Akazukin",
        "songName": "Ever-Never-Land",
        "artist": "Yukari Tamura",
        "type": "Opening 1",
        "correctCount": 14,
        "startTime": 25,
        "songDuration": 92.664,
        "songNumber": 26,
        "activePlayerCount": 202,
        "LinkVideo": "https://files.catbox.moe/a56gmu.webm",
        "LinkMp3": "https://files.catbox.moe/9fzlei.mp3",
        "annId": 4872,
        "songDifficulty": 11.019959261551156,
        "vintage": "Winter 2005"
    },
    {
        "animeEng": "Blessing of the Campanella",
        "animeRomaji": "Shukufuku no Campanella",
        "songName": "Yume yo, Hirake!",
        "artist": "Kaori Mizuhashi",
        "type": "Insert Song",
        "correctCount": 4,
        "startTime": 23,
        "songDuration": 60.48,
        "songNumber": 27,
        "activePlayerCount": 204,
        "LinkVideo": "https://files.catbox.moe/bk94m4.webm",
        "LinkMp3": "https://files.catbox.moe/0bmdrn.mp3",
        "annId": 11225,
        "songDifficulty": 5.783795362903226,
        "vintage": "Summer 2010",
        "correctPlayers": [
            "Hejsan",
            "Janoxx",
            "kaghey",
            "watashiii"
        ]
    },
    {
        "animeEng": "Music Girls",
        "animeRomaji": "Ongaku Shoujo",
        "songName": "terzetto rhapsody",
        "artist": "H\u2606E\u2606S",
        "type": "Insert Song",
        "correctCount": 5,
        "startTime": 28,
        "songDuration": 94.77545,
        "songNumber": 28,
        "activePlayerCount": 201,
        "LinkVideo": "https://files.catbox.moe/6119gm.webm",
        "LinkMp3": "https://files.catbox.moe/d5l9hu.mp3",
        "annId": 20918,
        "songDifficulty": 14.874768994955938,
        "vintage": "Summer 2018",
        "correctPlayers": [
            "mutta",
            "ponytailsud2",
            "KappuChinooo",
            "Rukawa11",
            "Cirquit"
        ]
    },
    {
        "animeEng": "Yowamushi Pedal",
        "animeRomaji": "Yowamushi Pedal",
        "songName": "Be As One",
        "artist": "Team Souhoku",
        "type": "Opening 3",
        "correctCount": 23,
        "startTime": 47,
        "songDuration": 89.376,
        "songNumber": 29,
        "activePlayerCount": 201,
        "LinkVideo": "https://files.catbox.moe/troeoe.webm",
        "LinkMp3": "https://files.catbox.moe/70k17t.mp3",
        "annId": 15004,
        "songDifficulty": 17.404518959306852,
        "vintage": "Fall 2013"
    },
    {
        "animeEng": "Ys",
        "animeRomaji": "Ys",
        "songName": "Endless History",
        "artist": "Sound Team jdk feat. Shouko Minami",
        "type": "Ending 1",
        "correctCount": 9,
        "startTime": 107,
        "songDuration": 185.712,
        "songNumber": 30,
        "activePlayerCount": 200,
        "LinkVideo": "https://files.catbox.moe/03v8gg.webm",
        "LinkMp3": "https://files.catbox.moe/augqep.mp3",
        "annId": 1029,
        "songDifficulty": 12.421424066041077,
        "vintage": "Fall 1989"
    },
    {
        "animeEng": "Mazinger Z",
        "animeRomaji": "Mazinger Z",
        "songName": "Waga Tomo Mazinger Z",
        "artist": "Ichiro Mizuki",
        "type": "Insert Song",
        "correctCount": 54,
        "startTime": 50,
        "songDuration": 142.208168,
        "songNumber": 31,
        "activePlayerCount": 201,
        "LinkVideo": "https://files.catbox.moe/rg9avn.webm",
        "LinkMp3": "https://files.catbox.moe/ae84hy.mp3",
        "annId": 1100,
        "songDifficulty": 36.76734280873494,
        "vintage": "Fall 1972"
    },
    {
        "animeEng": "Durarara!! \u00d72 The Third Arc",
        "animeRomaji": "Durarara!!\u00d72 Ketsu",
        "songName": "Joker ni Yoroshiku",
        "artist": "PENGUIN RESEARCH",
        "type": "Ending 1",
        "correctCount": 27,
        "startTime": 5,
        "songDuration": 88.968,
        "songNumber": 32,
        "activePlayerCount": 201,
        "LinkVideo": "https://files.catbox.moe/12rgyv.webm",
        "LinkMp3": "https://files.catbox.moe/is2d0z.mp3",
        "annId": 16670,
        "songDifficulty": 15.617920107702847,
        "vintage": "Winter 2016"
    },
    {
        "animeEng": "Selection Project",
        "animeRomaji": "Selection Project",
        "songName": "Itsuka Kanau Yume",
        "artist": "9-tie",
        "type": "Insert Song",
        "correctCount": 24,
        "startTime": 18,
        "songDuration": 86.688,
        "songNumber": 33,
        "activePlayerCount": 202,
        "LinkVideo": "https://files.catbox.moe/6ylrfg.webm",
        "LinkMp3": "https://files.catbox.moe/heskey.mp3",
        "annId": 24509,
        "songDifficulty": 23.034401517624023,
        "vintage": "Fall 2021"
    },
    {
        "animeEng": "Dirty Pair Flash 3",
        "animeRomaji": "Dirty Pair Flash 3",
        "songName": "Honki ni Shinaide",
        "artist": "Mariko Kouda",
        "type": "Opening 1",
        "correctCount": 9,
        "startTime": 56,
        "songDuration": 89.352,
        "songNumber": 34,
        "activePlayerCount": 203,
        "LinkVideo": "https://files.catbox.moe/q9j4jm.webm",
        "LinkMp3": "https://files.catbox.moe/c2yg28.mp3",
        "annId": 537,
        "songDifficulty": 11.497918352211435,
        "vintage": "Fall 1995"
    },
    {
        "animeEng": "Love, Chunibyo, & Other Delusions: Rikka Takanashi Version",
        "animeRomaji": "Takanashi Rikka Kai: Gekijouban Chuunibyou demo Koi ga Shitai!",
        "songName": "INSIDE IDENTITY",
        "artist": "Black Raison d'\u00eatre",
        "type": "Ending 2",
        "correctCount": 88,
        "startTime": 52,
        "songDuration": 88.92,
        "songNumber": 35,
        "activePlayerCount": 204,
        "LinkVideo": "https://files.catbox.moe/ymk6qt.webm",
        "LinkMp3": "https://files.catbox.moe/usqxvq.mp3",
        "annId": 15391,
        "songDifficulty": 35.31502110086993,
        "vintage": "Summer 2013"
    },
    {
        "animeEng": "Sherlock Hound",
        "animeRomaji": "Meitantei Holmes: Aoi Ruby no Maki / Kaitei no Zaihou no Maki",
        "songName": "Goodbye Sweetheart",
        "artist": "Haruko Kuwana",
        "type": "Insert Song",
        "correctCount": 1,
        "startTime": 32,
        "songDuration": 120.672,
        "songNumber": 36,
        "activePlayerCount": 203,
        "LinkVideo": "https://files.catbox.moe/dxssic.webm",
        "LinkMp3": "https://files.catbox.moe/qhzesu.mp3",
        "annId": 11776,
        "songDifficulty": 4.908459450092422,
        "vintage": "Winter 1984",
        "correctPlayers": [
            "MKNono"
        ]
    },
    {
        "animeEng": "The Qwaser of Stigmata",
        "animeRomaji": "Seikon no Qwaser",
        "songName": "Errand",
        "artist": "Faylan",
        "type": "Opening 1",
        "correctCount": 34,
        "startTime": 44,
        "songDuration": 89.064,
        "songNumber": 37,
        "activePlayerCount": 200,
        "LinkVideo": "https://files.catbox.moe/aho7tj.webm",
        "LinkMp3": "https://files.catbox.moe/a9hiws.mp3",
        "annId": 10873,
        "songDifficulty": 16.366329332790887,
        "vintage": "Winter 2010"
    },
    {
        "animeEng": "Aharen-san wa Hakarenai",
        "animeRomaji": "Aharen-san wa Hakarenai",
        "songName": "Kyori-kan",
        "artist": "HaKoniwalily",
        "type": "Ending 1",
        "correctCount": 39,
        "startTime": 46,
        "songDuration": 88.056,
        "songNumber": 38,
        "activePlayerCount": 202,
        "LinkVideo": "https://files.catbox.moe/n0r56e.webm",
        "LinkMp3": "https://files.catbox.moe/acbymv.mp3",
        "annId": 24589,
        "songDifficulty": 29.706593267527207,
        "vintage": "Spring 2022"
    },
    {
        "animeEng": "Katsugeki Touken Ranbu",
        "animeRomaji": "Katsugeki/Touken Ranbu",
        "songName": "Hyakka Ryouran",
        "artist": "Kalafina",
        "type": "Ending 1",
        "correctCount": 6,
        "startTime": 51,
        "songDuration": 89.448,
        "songNumber": 39,
        "activePlayerCount": 203,
        "LinkVideo": "https://files.catbox.moe/syoqvg.webm",
        "LinkMp3": "https://files.catbox.moe/51izi2.mp3",
        "annId": 19412,
        "songDifficulty": 13.23015357579462,
        "vintage": "Summer 2017"
    },
    {
        "animeEng": "Vassalord",
        "animeRomaji": "Vassalord",
        "songName": "Nessun dorma",
        "artist": "Luciano Pavarotti",
        "type": "Opening 1",
        "correctCount": 41,
        "startTime": 33,
        "songDuration": 78.792,
        "songNumber": 40,
        "activePlayerCount": 203,
        "LinkVideo": "https://files.catbox.moe/a07wzq.webm",
        "LinkMp3": "https://files.catbox.moe/4c4qzj.mp3",
        "annId": 14851,
        "songDifficulty": 18.18629877870767,
        "vintage": "Winter 2013"
    },
    {
        "animeEng": "Classroom of the Elite Season 2",
        "animeRomaji": "Youkoso Jitsuryoku Shijou Shugi no Kyoushitsu e 2nd Season",
        "songName": "Dance In The Game",
        "artist": "ZAQ",
        "type": "Opening 1",
        "correctCount": 95,
        "startTime": 52,
        "songDuration": 89.52,
        "songNumber": 41,
        "activePlayerCount": 204,
        "LinkVideo": "https://files.catbox.moe/0uewx3.webm",
        "LinkMp3": "https://files.catbox.moe/ozdpms.mp3",
        "annId": 25370,
        "songDifficulty": 38.33843143300446,
        "vintage": "Summer 2022"
    },
    {
        "animeEng": "One Piece Second Movie",
        "animeRomaji": "One Piece: Nejimaki Shima no Bouken",
        "songName": "Believe",
        "artist": "Folder5",
        "type": "Ending 1",
        "correctCount": 112,
        "startTime": 3,
        "songDuration": 103.128,
        "songNumber": 42,
        "activePlayerCount": 204,
        "LinkVideo": "https://files.catbox.moe/qe3id5.webm",
        "LinkMp3": "https://files.catbox.moe/yow5jd.mp3",
        "annId": 3206,
        "songDifficulty": 44.74772585085085,
        "vintage": "Winter 2001"
    },
    {
        "animeEng": "Captain Tsubasa: Europe Daikessen",
        "animeRomaji": "Captain Tsubasa: Europe Daikessen",
        "songName": "Moete Hero",
        "artist": "Takayuki Takemoto",
        "type": "Insert Song",
        "correctCount": 143,
        "startTime": 8,
        "songDuration": 53.064,
        "songNumber": 43,
        "activePlayerCount": 203,
        "LinkVideo": "https://files.catbox.moe/n8hork.webm",
        "LinkMp3": "https://files.catbox.moe/18ieda.mp3",
        "annId": 6341,
        "songDifficulty": 42.72862997038917,
        "vintage": "Summer 1985"
    },
    {
        "animeEng": "Kiss Him, Not Me",
        "animeRomaji": "Watashi ga Motete Dousunda",
        "songName": "Dokidoki no Kaze",
        "artist": "Rie Murakawa",
        "type": "Ending 1",
        "correctCount": 15,
        "startTime": 20,
        "songDuration": 89.472,
        "songNumber": 44,
        "activePlayerCount": 202,
        "LinkVideo": "https://files.catbox.moe/0afmlv.webm",
        "LinkMp3": "https://files.catbox.moe/bc7avn.mp3",
        "annId": 18135,
        "songDifficulty": 9.505842036553524,
        "vintage": "Fall 2016"
    },
    {
        "animeEng": "Digimon Frontier",
        "animeRomaji": "Digimon Frontier",
        "songName": "FIRE!!",
        "artist": "Kouji Wada",
        "type": "Opening 1",
        "correctCount": 77,
        "startTime": 46,
        "songDuration": 88.488,
        "songNumber": 45,
        "activePlayerCount": 202,
        "LinkVideo": "https://files.catbox.moe/t0liiz.webm",
        "LinkMp3": "https://files.catbox.moe/su5lk9.mp3",
        "annId": 2172,
        "songDifficulty": 34.5560498535802,
        "vintage": "Spring 2002"
    },
    {
        "animeEng": "Doushitemo Eto ni Hairitai",
        "animeRomaji": "Doushitemo Eto ni Hairitai",
        "songName": "Hajimari no Oto -Everyone always together-",
        "artist": "Rie Kugimiya",
        "type": "Opening 2",
        "correctCount": 8,
        "startTime": 46,
        "songDuration": 88.464,
        "songNumber": 46,
        "activePlayerCount": 199,
        "LinkVideo": "https://files.catbox.moe/lbblci.webm",
        "LinkMp3": "https://files.catbox.moe/ukb0v6.mp3",
        "annId": 17627,
        "songDifficulty": 13.03061290922619,
        "vintage": "Fall 2015"
    },
    {
        "animeEng": "Super Atragon",
        "animeRomaji": "Shin Kaitei Gunkan",
        "songName": "Kaitei Gunkan no Theme",
        "artist": "Warsaw Philharmonic Orchestra",
        "type": "Opening 1",
        "correctCount": 4,
        "startTime": 29,
        "songDuration": 118.992,
        "songNumber": 47,
        "activePlayerCount": 200,
        "LinkVideo": "https://files.catbox.moe/7hgkjw.webm",
        "LinkMp3": "https://files.catbox.moe/tttvlb.mp3",
        "annId": 617,
        "songDifficulty": 7.60701473669825,
        "vintage": "Fall 1995",
        "correctPlayers": [
            "PulseVorteX",
            "Rukawa11",
            "watashiii",
            "Noerusuu"
        ]
    },
    {
        "animeEng": "Dr. Stone Season 2",
        "animeRomaji": "Dr. Stone: Stone Wars",
        "songName": "Sangenshoku",
        "artist": "PELICAN FANCLUB",
        "type": "Insert Song",
        "correctCount": 140,
        "startTime": 33,
        "songDuration": 89.568,
        "songNumber": 48,
        "activePlayerCount": 200,
        "LinkVideo": "https://files.catbox.moe/vigv3u.webm",
        "LinkMp3": "https://files.catbox.moe/8hsxu8.mp3",
        "annId": 22942,
        "songDifficulty": 48.06202746674323,
        "vintage": "Winter 2021"
    },
    {
        "animeEng": "Sword Art Online the Movie: Ordinal Scale",
        "animeRomaji": "Gekijouban Sword Art Online: Ordinal Scale",
        "songName": "Catch the Moment",
        "artist": "LiSA",
        "type": "Ending 1",
        "correctCount": 106,
        "startTime": 229,
        "songDuration": 277.41564,
        "songNumber": 49,
        "activePlayerCount": 201,
        "LinkVideo": "https://files.catbox.moe/58yqy7.webm",
        "LinkMp3": "https://files.catbox.moe/067tum.mp3",
        "annId": 18141,
        "songDifficulty": 32.430164051819546,
        "vintage": "Winter 2017"
    },
    {
        "animeEng": "Dr. Stone Season 2",
        "animeRomaji": "Dr. Stone: Stone Wars",
        "songName": "Koe?",
        "artist": "Hatena",
        "type": "Ending 1",
        "correctCount": 73,
        "startTime": 21,
        "songDuration": 88.32,
        "songNumber": 50,
        "activePlayerCount": 201,
        "LinkVideo": "https://files.catbox.moe/u6jpk2.webm",
        "LinkMp3": "https://files.catbox.moe/ug8go1.mp3",
        "annId": 22942,
        "songDifficulty": 20.42130115630484,
        "vintage": "Winter 2021"
    },
    {
        "animeEng": "Hell Kindergarten",
        "animeRomaji": "Jigoku Youchien",
        "songName": "Zekkyou\u2605Jigocremation",
        "artist": "Kana Asumi to Sakebu Jigoku-tai",
        "type": "Opening 1",
        "correctCount": 12,
        "startTime": 3,
        "songDuration": 36.696,
        "songNumber": 51,
        "activePlayerCount": 200,
        "LinkVideo": "https://files.catbox.moe/r33zhh.webm",
        "LinkMp3": "https://files.catbox.moe/5309db.mp3",
        "annId": 14924,
        "songDifficulty": 13.07626285025473,
        "vintage": "Winter 2012"
    },
    {
        "animeEng": "DARLING in the FRANXX",
        "animeRomaji": "DARLING in the FRANXX",
        "songName": "Darling",
        "artist": "XX:me",
        "type": "Ending 6",
        "correctCount": 66,
        "startTime": 56,
        "songDuration": 86.904,
        "songNumber": 52,
        "activePlayerCount": 201,
        "LinkVideo": "https://files.catbox.moe/ei1a72.webm",
        "LinkMp3": "https://files.catbox.moe/eaqgns.mp3",
        "annId": 19850,
        "songDifficulty": 18.101431792690907,
        "vintage": "Winter 2018"
    },
    {
        "animeEng": "Servamp",
        "animeRomaji": "Servamp",
        "songName": "Deal with",
        "artist": "OLDCODEX",
        "type": "Opening 1",
        "correctCount": 53,
        "startTime": 22,
        "songDuration": 89.952,
        "songNumber": 53,
        "activePlayerCount": 200,
        "LinkVideo": "https://files.catbox.moe/mvvrau.webm",
        "LinkMp3": "https://files.catbox.moe/n8sqdo.mp3",
        "annId": 17328,
        "songDifficulty": 22.31366190765492,
        "vintage": "Summer 2016"
    },
    {
        "animeEng": "KONOSUBA: God\u2019s Blessing on This Wonderful World!",
        "animeRomaji": "Kono Subarashii Sekai ni Shukufuku o!",
        "songName": "Chiisana Boukensha",
        "artist": "Sora Amamiya & Rie Takahashi & Ai Kayano",
        "type": "Ending 1",
        "correctCount": 145,
        "startTime": 48,
        "songDuration": 90.192,
        "songNumber": 54,
        "activePlayerCount": 200,
        "LinkVideo": "https://files.catbox.moe/as16ya.webm",
        "LinkMp3": "https://files.catbox.moe/b4dvvd.mp3",
        "annId": 17123,
        "songDifficulty": 44.095951922498344,
        "vintage": "Winter 2016"
    },
    {
        "animeEng": "Revolutionary Girl Utena",
        "animeRomaji": "Shoujo Kakumei Utena",
        "songName": "Nanibito mo Kataru Koto Nashi",
        "artist": "Suginami Jidou Gasshou-dan, Maki Kamiya, Kunihiko Ikuhara, Shinkichi Mitsumune",
        "type": "Insert Song",
        "correctCount": 86,
        "startTime": 126,
        "songDuration": 166.992,
        "songNumber": 55,
        "activePlayerCount": 199,
        "LinkVideo": "https://files.catbox.moe/l3y0rj.webm",
        "LinkMp3": "https://files.catbox.moe/kh24fk.mp3",
        "annId": 207,
        "songDifficulty": 40.94545966765339,
        "vintage": "Spring 1997"
    },
    {
        "animeEng": "Nisekoi:",
        "animeRomaji": "Nisekoi:",
        "songName": "Rally Go Round",
        "artist": "LiSA",
        "type": "Opening 1",
        "correctCount": 114,
        "startTime": 62,
        "songDuration": 91.056,
        "songNumber": 56,
        "activePlayerCount": 199,
        "LinkVideo": "https://files.catbox.moe/x9m10f.webm",
        "LinkMp3": "https://files.catbox.moe/g9hk6w.mp3",
        "annId": 16645,
        "songDifficulty": 26.489127957456045,
        "vintage": "Spring 2015"
    },
    {
        "animeEng": "Mobile Suit Gundam: Iron-Blooded Orphans",
        "animeRomaji": "G-Tekketsu",
        "songName": "Raise your flag",
        "artist": "MAN WITH A MISSION",
        "type": "Opening 1",
        "correctCount": 106,
        "startTime": 24,
        "songDuration": 88.056,
        "songNumber": 57,
        "activePlayerCount": 201,
        "LinkVideo": "https://files.catbox.moe/0v5iae.webm",
        "LinkMp3": "https://files.catbox.moe/lkbe1x.mp3",
        "annId": 17329,
        "songDifficulty": 41.8787981768751,
        "vintage": "Fall 2015"
    },
    {
        "animeEng": "Yarichin Bitch-bu",
        "animeRomaji": "Yarichin Bitch-bu",
        "songName": "Touch you",
        "artist": "Shiritsu Morimouri Gakuen-sei Haru\u2661Danshis",
        "type": "Ending 1",
        "correctCount": 60,
        "startTime": 55,
        "songDuration": 89.064,
        "songNumber": 58,
        "activePlayerCount": 201,
        "LinkVideo": "https://files.catbox.moe/1baim9.webm",
        "LinkMp3": "https://files.catbox.moe/1mndsk.mp3",
        "annId": 21142,
        "songDifficulty": 31.480060896714672,
        "vintage": "Summer 2018"
    },
    {
        "animeEng": "Gonna be the Twin-Tail!!",
        "animeRomaji": "Ore, Twintail ni Narimasu.",
        "songName": "Tail On! Twintails",
        "artist": "Twintails",
        "type": "Insert Song",
        "correctCount": 27,
        "startTime": 6,
        "songDuration": 44.928,
        "songNumber": 59,
        "activePlayerCount": 201,
        "LinkVideo": "https://files.catbox.moe/h4v8ux.webm",
        "LinkMp3": "https://files.catbox.moe/7f8ahk.mp3",
        "annId": 16132,
        "songDifficulty": 29.020160263941104,
        "vintage": "Fall 2014"
    },
    {
        "animeEng": "Tamayomi : The Baseball Girls",
        "animeRomaji": "Tamayomi",
        "songName": "Never Let You Go!",
        "artist": "NaHo",
        "type": "Opening 1",
        "correctCount": 34,
        "startTime": 44,
        "songDuration": 86.904,
        "songNumber": 60,
        "activePlayerCount": 201,
        "LinkVideo": "https://files.catbox.moe/m18z4b.webm",
        "LinkMp3": "https://files.catbox.moe/31kjnf.mp3",
        "annId": 22526,
        "songDifficulty": 18.540106626328217,
        "vintage": "Spring 2020"
    },
    {
        "animeEng": "Dragon Ball Z",
        "animeRomaji": "Dragon Ball Z",
        "songName": "Unmei no Hi ~Tamashii vs Tamashii~",
        "artist": "Hironobu Kageyama feat. Chiho Kiyooka",
        "type": "Insert Song",
        "correctCount": 77,
        "startTime": 54,
        "songDuration": 96.504,
        "songNumber": 61,
        "activePlayerCount": 201,
        "LinkVideo": "https://files.catbox.moe/hduq9e.webm",
        "LinkMp3": "https://files.catbox.moe/h6qvfo.mp3",
        "annId": 244,
        "songDifficulty": 32.80650462624342,
        "vintage": "Spring 1989"
    },
    {
        "animeEng": "Chibi Maruko-chan: Watashi no Suki na Uta",
        "animeRomaji": "Chibi Maruko-chan: Watashi no Suki na Uta",
        "songName": "1969-nen no Drag Race",
        "artist": "Eiichi Ohtaki",
        "type": "Insert Song",
        "correctCount": 6,
        "startTime": 30,
        "songDuration": 119.88,
        "songNumber": 62,
        "activePlayerCount": 201,
        "LinkVideo": "https://files.catbox.moe/k4pu5e.webm",
        "LinkMp3": "https://files.catbox.moe/lx0eg6.mp3",
        "annId": 3894,
        "songDifficulty": 12.695548708258123,
        "vintage": "Fall 1992"
    },
    {
        "animeEng": "Excel Saga",
        "animeRomaji": "Heppoko Jikken Animation Excel\u2665Saga",
        "songName": "Menchi Aishou no Bolero ~Gyakuna no ne",
        "artist": "Excel\u2665Girls",
        "type": "Ending 2",
        "correctCount": 92,
        "startTime": 53,
        "songDuration": 89.016,
        "songNumber": 63,
        "activePlayerCount": 201,
        "LinkVideo": "https://files.catbox.moe/q0mba9.webm",
        "LinkMp3": "https://files.catbox.moe/a4os2v.mp3",
        "annId": 398,
        "songDifficulty": 34.86104532705335,
        "vintage": "Fall 1999"
    },
    {
        "animeEng": "MFKZ",
        "animeRomaji": "Mutafukaz",
        "songName": "QUE NO SE TIREN",
        "artist": "Don Omar, Hector El Father, Voltio",
        "type": "Insert Song",
        "correctCount": 137,
        "startTime": 20,
        "songDuration": 134.328,
        "songNumber": 64,
        "activePlayerCount": 201,
        "LinkVideo": "https://files.catbox.moe/x33cmc.webm",
        "LinkMp3": "https://files.catbox.moe/wm66xa.mp3",
        "annId": 22356,
        "songDifficulty": 39.651114692252854,
        "vintage": "Spring 2017"
    },
    {
        "animeEng": "Island",
        "animeRomaji": "Island",
        "songName": "Lasting Memories",
        "artist": "Yukari Tamura",
        "type": "Insert Song",
        "correctCount": 49,
        "startTime": 8,
        "songDuration": 56.736,
        "songNumber": 65,
        "activePlayerCount": 200,
        "LinkVideo": "https://files.catbox.moe/u0egok.webm",
        "LinkMp3": "https://files.catbox.moe/3sb7wy.mp3",
        "annId": 18175,
        "songDifficulty": 27.05775274922635,
        "vintage": "Summer 2018"
    },
    {
        "animeEng": "Teekyuu",
        "animeRomaji": "Teekyuu",
        "songName": "Kaiun! Shoufuku! Entenka",
        "artist": "Earth Star Dream",
        "type": "Ending 1",
        "correctCount": 109,
        "startTime": 0,
        "songDuration": 29.568,
        "songNumber": 66,
        "activePlayerCount": 199,
        "LinkVideo": "https://files.catbox.moe/xitfh9.webm",
        "LinkMp3": "https://files.catbox.moe/5px9vv.mp3",
        "annId": 19543,
        "songDifficulty": 38.1069540480666,
        "vintage": "Summer 2017"
    },
    {
        "animeEng": "Fire Force",
        "animeRomaji": "Enen no Shouboutai",
        "songName": "Nounai",
        "artist": "Lenny code fiction",
        "type": "Ending 2",
        "correctCount": 47,
        "startTime": 42,
        "songDuration": 89.064,
        "songNumber": 67,
        "activePlayerCount": 200,
        "LinkVideo": "https://files.catbox.moe/hkt7ei.webm",
        "LinkMp3": "https://files.catbox.moe/w1tzd4.mp3",
        "annId": 21852,
        "songDifficulty": 15.002453014838498,
        "vintage": "Summer 2019"
    },
    {
        "animeEng": "Iczelion",
        "animeRomaji": "Iczer Girl Iczelion",
        "songName": "Iczer Girl Iczelion",
        "artist": "Mari Sasaki",
        "type": "Ending 2",
        "correctCount": 1,
        "startTime": 193,
        "songDuration": 247.368,
        "songNumber": 68,
        "activePlayerCount": 201,
        "LinkVideo": "https://files.catbox.moe/v83cb1.webm",
        "LinkMp3": "https://files.catbox.moe/96jqgv.mp3",
        "annId": 683,
        "songDifficulty": 11.349205961681548,
        "vintage": "Winter 1995",
        "correctPlayers": [
            "SimpleFlips"
        ]
    },
    {
        "animeEng": "Kimagure Orange\u2605Road",
        "animeRomaji": "Kimagure Orange\u2605Road",
        "songName": "Again",
        "artist": "Minako Fujishiro",
        "type": "Insert Song",
        "correctCount": 14,
        "startTime": 25,
        "songDuration": 101.118262,
        "songNumber": 69,
        "activePlayerCount": 202,
        "LinkVideo": "https://files.catbox.moe/wq98ib.webm",
        "LinkMp3": "https://files.catbox.moe/92yeo3.mp3",
        "annId": 327,
        "songDifficulty": 14.187092798662361,
        "vintage": "Spring 1987"
    },
    {
        "animeEng": "Doraemon",
        "animeRomaji": "Doraemon",
        "songName": "Doraemon no Uta",
        "artist": "AJI",
        "type": "Opening 6",
        "correctCount": 172,
        "startTime": 36,
        "songDuration": 66.245392,
        "songNumber": 70,
        "activePlayerCount": 202,
        "LinkVideo": "https://files.catbox.moe/5sejl4.webm",
        "LinkMp3": "https://files.catbox.moe/73xmjn.mp3",
        "annId": 1318,
        "songDifficulty": 49.65135514448739,
        "vintage": "Spring 1979"
    },
    {
        "animeEng": "The Disappearance of Conan Edogawa: The Worst Two Days in History",
        "animeRomaji": "Meitantei Conan: Edogawa Conan Shissou Jiken - Chijou Saiaku no Futsukakan",
        "songName": "Bokura no Yume sa Kamen Yaiba",
        "artist": "Wataru Takagi",
        "type": "Insert Song",
        "correctCount": 77,
        "startTime": 16,
        "songDuration": 53.832,
        "songNumber": 71,
        "activePlayerCount": 202,
        "LinkVideo": "https://files.catbox.moe/s460vs.webm",
        "LinkMp3": "https://files.catbox.moe/15n3l3.mp3",
        "annId": 17874,
        "songDifficulty": 30.01953125,
        "vintage": "Fall 2014"
    },
    {
        "animeEng": "The God of High School",
        "animeRomaji": "The God of High School",
        "songName": "It's Your Time",
        "artist": "Chica",
        "type": "Insert Song",
        "correctCount": 44,
        "startTime": 49,
        "songDuration": 130.296,
        "songNumber": 72,
        "activePlayerCount": 199,
        "LinkVideo": "https://files.catbox.moe/k5v9sx.webm",
        "LinkMp3": "https://files.catbox.moe/l6nnnn.mp3",
        "annId": 23279,
        "songDifficulty": 14.831708458083833,
        "vintage": "Summer 2020"
    },
    {
        "animeEng": "Persona 4 The Animation",
        "animeRomaji": "Persona 4 The Animation",
        "songName": "Falling into Right Places",
        "artist": "Shihoko Hirata",
        "type": "Insert Song",
        "correctCount": 89,
        "startTime": 12,
        "songDuration": 63.216,
        "songNumber": 73,
        "activePlayerCount": 202,
        "LinkVideo": "https://files.catbox.moe/rejif1.webm",
        "LinkMp3": "https://files.catbox.moe/2q6ua4.mp3",
        "annId": 12870,
        "songDifficulty": 48.74144594328476,
        "vintage": "Fall 2011"
    },
    {
        "animeEng": "Trigun",
        "animeRomaji": "Trigun",
        "songName": "H.T.",
        "artist": "Tsuneo Imahori",
        "type": "Opening 1",
        "correctCount": 115,
        "startTime": 40,
        "songDuration": 90.456,
        "songNumber": 74,
        "activePlayerCount": 202,
        "LinkVideo": "https://files.catbox.moe/c3thi2.webm",
        "LinkMp3": "https://files.catbox.moe/epz2b6.mp3",
        "annId": 88,
        "songDifficulty": 44.37655123362927,
        "vintage": "Spring 1998"
    },
    {
        "animeEng": "Psycho Armor Govarian",
        "animeRomaji": "Psycho Armor Govarian",
        "songName": "Kodoku no Tabiji",
        "artist": "Neverland",
        "type": "Opening 1",
        "correctCount": 5,
        "startTime": 22,
        "songDuration": 87.696,
        "songNumber": 75,
        "activePlayerCount": 201,
        "LinkVideo": "https://files.catbox.moe/gv1wjf.webm",
        "LinkMp3": "https://files.catbox.moe/37d00g.mp3",
        "annId": 2700,
        "songDifficulty": 8.355047731983419,
        "vintage": "Summer 1983",
        "correctPlayers": [
            "Thaleko",
            "Rukawa11",
            "Premieressai",
            "watashiii",
            "Kanatachan"
        ]
    },
    {
        "animeEng": "Don't Toy With Me, Miss Nagatoro",
        "animeRomaji": "Ijiranaide, Nagatoro-san",
        "songName": "Colorful Canvas",
        "artist": "Sumire Uesaka, Mikako Komatsu, Aina Suzuki, Shiori Izawa",
        "type": "Ending 1",
        "correctCount": 38,
        "startTime": 13,
        "songDuration": 89.568,
        "songNumber": 76,
        "activePlayerCount": 201,
        "LinkVideo": "https://files.catbox.moe/81vaxf.webm",
        "LinkMp3": "https://files.catbox.moe/37vkkm.mp3",
        "annId": 23755,
        "songDifficulty": 19.49205077441372,
        "vintage": "Spring 2021"
    },
    {
        "animeEng": "Magister Negi Magi: Anime Final",
        "animeRomaji": "Mahou Sensei Negima! Anime Final",
        "songName": "Happy Sunshine",
        "artist": "Rina Satou",
        "type": "Ending 1",
        "correctCount": 2,
        "startTime": 219,
        "songDuration": 275.16,
        "songNumber": 77,
        "activePlayerCount": 201,
        "LinkVideo": "https://files.catbox.moe/xldzcc.webm",
        "LinkMp3": "https://files.catbox.moe/83g7e3.mp3",
        "annId": 12571,
        "songDifficulty": 6.87455945911974,
        "vintage": "Summer 2011",
        "correctPlayers": [
            "watashiii",
            "Zeal_Kido"
        ]
    },
    {
        "animeEng": "Ajimu: Kaigan Monogatari",
        "animeRomaji": "Ajimu: Kaigan Monogatari",
        "songName": "Futari no Prologue",
        "artist": "Saeko Chiba",
        "type": "Opening 1",
        "correctCount": 9,
        "startTime": 69,
        "songDuration": 107.904,
        "songNumber": 78,
        "activePlayerCount": 199,
        "LinkVideo": "https://files.catbox.moe/he7ofc.webm",
        "LinkMp3": "https://files.catbox.moe/kg7g92.mp3",
        "annId": 903,
        "songDifficulty": 8.160690154440154,
        "vintage": "Spring 2001"
    },
    {
        "animeEng": "Chinpui",
        "animeRomaji": "Chinpui",
        "songName": "Onegai Chinpui",
        "artist": "Junko Uchida",
        "type": "Opening 1",
        "correctCount": 16,
        "startTime": 22,
        "songDuration": 68.28,
        "songNumber": 79,
        "activePlayerCount": 200,
        "LinkVideo": "https://files.catbox.moe/h9rx1q.webm",
        "LinkMp3": "https://files.catbox.moe/ae3jgt.mp3",
        "annId": 1259,
        "songDifficulty": 20.007544966683536,
        "vintage": "Fall 1989"
    },
    {
        "animeEng": "Japan Sinks: 2020",
        "animeRomaji": "Nihon Chinbotsu 2020",
        "songName": "a life",
        "artist": "Ryuichi Sakamoto & Taeko Ohnuki",
        "type": "Opening 1",
        "correctCount": 62,
        "startTime": 41,
        "songDuration": 77.016,
        "songNumber": 80,
        "activePlayerCount": 200,
        "LinkVideo": "https://files.catbox.moe/c1hy3d.webm",
        "LinkMp3": "https://files.catbox.moe/pxs8ie.mp3",
        "annId": 23133,
        "songDifficulty": 20.289730062143967,
        "vintage": "Summer 2020"
    },
    {
        "animeEng": "Bleach",
        "animeRomaji": "Bleach",
        "songName": "D-tecnoLife",
        "artist": "UVERworld",
        "type": "Opening 2",
        "correctCount": 105,
        "startTime": 19,
        "songDuration": 83.64,
        "songNumber": 81,
        "activePlayerCount": 201,
        "LinkVideo": "https://files.catbox.moe/zw95oo.webm",
        "LinkMp3": "https://files.catbox.moe/3erijs.mp3",
        "annId": 4240,
        "songDifficulty": 44.97865539070779,
        "vintage": "Fall 2004"
    },
    {
        "animeEng": "Tamako Market",
        "animeRomaji": "Tamako Market",
        "songName": "Un Lieu de Rencontre",
        "artist": "Marilou",
        "type": "Insert Song",
        "correctCount": 24,
        "startTime": 1,
        "songDuration": 44.04,
        "songNumber": 82,
        "activePlayerCount": 201,
        "LinkVideo": "https://files.catbox.moe/nyx7ew.webm",
        "LinkMp3": "https://files.catbox.moe/pny453.mp3",
        "annId": 14908,
        "songDifficulty": 17.98777584482465,
        "vintage": "Winter 2013"
    },
    {
        "animeEng": "White Album",
        "animeRomaji": "White Album",
        "songName": "POWDER SNOW (YUKI&RINA Ver.)",
        "artist": "Nana Mizuki & Aya Hirano",
        "type": "Insert Song",
        "correctCount": 32,
        "startTime": 29,
        "songDuration": 60.072,
        "songNumber": 83,
        "activePlayerCount": 201,
        "LinkVideo": "https://files.catbox.moe/1eaivz.webm",
        "LinkMp3": "https://files.catbox.moe/o9ktox.mp3",
        "annId": 10134,
        "songDifficulty": 25.607836421363952,
        "vintage": "Winter 2009"
    },
    {
        "animeEng": "Bungo Stray Dogs",
        "animeRomaji": "Bungo Stray Dogs",
        "songName": "Reason Living",
        "artist": "SCREEN mode",
        "type": "Opening 1",
        "correctCount": 119,
        "startTime": 50,
        "songDuration": 90.072,
        "songNumber": 84,
        "activePlayerCount": 201,
        "LinkVideo": "https://files.catbox.moe/fasdl1.webm",
        "LinkMp3": "https://files.catbox.moe/1d4oc6.mp3",
        "annId": 18709,
        "songDifficulty": 33.97387504648568,
        "vintage": "Fall 2016"
    },
    {
        "animeEng": "Ellcia",
        "animeRomaji": "Gensou Jodan Ellcia",
        "songName": "Niji no Hashi",
        "artist": "Terre Pierce",
        "type": "Ending 1",
        "correctCount": 1,
        "startTime": 158,
        "songDuration": 194.856,
        "songNumber": 85,
        "activePlayerCount": 200,
        "LinkVideo": "https://files.catbox.moe/dgeeff.webm",
        "LinkMp3": "https://files.catbox.moe/1a6tpi.mp3",
        "annId": 633,
        "songDifficulty": 6.592524970332279,
        "vintage": "Fall 1992",
        "correctPlayers": [
            "TKN"
        ]
    }
]